0 verbose cli C:\Program Files\nodejs\node.exe C:\Program Files\nodejs\node_modules\npm\bin\npm-cli.js
1 info using npm@10.9.3
2 info using node@v22.18.0
3 silly config load:file:C:\Program Files\nodejs\node_modules\npm\npmrc
4 silly config load:file:C:\Users\jose\Downloads\sistema-colas-master\sistema-colas-master\.npmrc
5 silly config load:file:C:\Users\jose\.npmrc
6 silly config load:file:C:\Users\jose\AppData\Roaming\npm\etc\npmrc
7 verbose title npm install
8 verbose argv "install" "--cache" ".npm-cache"
9 verbose logfile logs-max:10 dir:C:\Users\jose\Downloads\sistema-colas-master\sistema-colas-master\.npm-cache\_logs\2026-03-28T22_59_33_486Z-
10 verbose logfile C:\Users\jose\Downloads\sistema-colas-master\sistema-colas-master\.npm-cache\_logs\2026-03-28T22_59_33_486Z-debug-0.log
11 silly logfile done cleaning log files
12 silly packumentCache heap:2197815296 maxSize:549453824 maxEntrySize:274726912
13 silly idealTree buildDeps
14 silly reify mark retired [
14 silly reify   'C:\\Users\\jose\\Downloads\\sistema-colas-master\\sistema-colas-master\\node_modules\\acorn'
14 silly reify ]
15 silly reify mark retired [
15 silly reify   'C:\\Users\\jose\\Downloads\\sistema-colas-master\\sistema-colas-master\\node_modules\\alien-signals'
15 silly reify ]
16 silly reify mark retired [
16 silly reify   'C:\\Users\\jose\\Downloads\\sistema-colas-master\\sistema-colas-master\\node_modules\\aria-hidden'
16 silly reify ]
17 silly reify mark retired [
17 silly reify   'C:\\Users\\jose\\Downloads\\sistema-colas-master\\sistema-colas-master\\node_modules\\babel-plugin-macros'
17 silly reify ]
18 silly reify mark retired [
18 silly reify   'C:\\Users\\jose\\Downloads\\sistema-colas-master\\sistema-colas-master\\node_modules\\class-variance-authority'
18 silly reify ]
19 silly reify mark retired [
19 silly reify   'C:\\Users\\jose\\Downloads\\sistema-colas-master\\sistema-colas-master\\node_modules\\concurrently'
19 silly reify ]
20 silly reify mark retired [
20 silly reify   'C:\\Users\\jose\\Downloads\\sistema-colas-master\\sistema-colas-master\\node_modules\\csscolorparser'
20 silly reify ]
21 silly reify mark retired [
21 silly reify   'C:\\Users\\jose\\Downloads\\sistema-colas-master\\sistema-colas-master\\node_modules\\d3'
21 silly reify ]
22 silly reify mark retired [
22 silly reify   'C:\\Users\\jose\\Downloads\\sistema-colas-master\\sistema-colas-master\\node_modules\\d3-axis'
22 silly reify ]
23 silly reify mark retired [
23 silly reify   'C:\\Users\\jose\\Downloads\\sistema-colas-master\\sistema-colas-master\\node_modules\\d3-brush'
23 silly reify ]
24 silly reify mark retired [
24 silly reify   'C:\\Users\\jose\\Downloads\\sistema-colas-master\\sistema-colas-master\\node_modules\\d3-chord'
24 silly reify ]
25 silly reify mark retired [
25 silly reify   'C:\\Users\\jose\\Downloads\\sistema-colas-master\\sistema-colas-master\\node_modules\\d3-collection'
25 silly reify ]
26 silly reify mark retired [
26 silly reify   'C:\\Users\\jose\\Downloads\\sistema-colas-master\\sistema-colas-master\\node_modules\\d3-contour'
26 silly reify ]
27 silly reify mark retired [
27 silly reify   'C:\\Users\\jose\\Downloads\\sistema-colas-master\\sistema-colas-master\\node_modules\\d3-delaunay'
27 silly reify ]
28 silly reify mark retired [
28 silly reify   'C:\\Users\\jose\\Downloads\\sistema-colas-master\\sistema-colas-master\\node_modules\\d3-dispatch'
28 silly reify ]
29 silly reify mark retired [
29 silly reify   'C:\\Users\\jose\\Downloads\\sistema-colas-master\\sistema-colas-master\\node_modules\\d3-drag'
29 silly reify ]
30 silly reify mark retired [
30 silly reify   'C:\\Users\\jose\\Downloads\\sistema-colas-master\\sistema-colas-master\\node_modules\\d3-dsv'
30 silly reify ]
31 silly reify mark retired [
31 silly reify   'C:\\Users\\jose\\Downloads\\sistema-colas-master\\sistema-colas-master\\node_modules\\d3-fetch'
31 silly reify ]
32 silly reify mark retired [
32 silly reify   'C:\\Users\\jose\\Downloads\\sistema-colas-master\\sistema-colas-master\\node_modules\\d3-force'
32 silly reify ]
33 silly reify mark retired [
33 silly reify   'C:\\Users\\jose\\Downloads\\sistema-colas-master\\sistema-colas-master\\node_modules\\d3-format'
33 silly reify ]
34 silly reify mark retired [
34 silly reify   'C:\\Users\\jose\\Downloads\\sistema-colas-master\\sistema-colas-master\\node_modules\\d3-geo'
34 silly reify ]
35 silly reify mark retired [
35 silly reify   'C:\\Users\\jose\\Downloads\\sistema-colas-master\\sistema-colas-master\\node_modules\\cosmiconfig'
35 silly reify ]
36 silly reify mark retired [
36 silly reify   'C:\\Users\\jose\\Downloads\\sistema-colas-master\\sistema-colas-master\\node_modules\\cssesc'
36 silly reify ]
37 silly reify mark retired [
37 silly reify   'C:\\Users\\jose\\Downloads\\sistema-colas-master\\sistema-colas-master\\node_modules\\d3-hierarchy'
37 silly reify ]
38 silly reify mark retired [
38 silly reify   'C:\\Users\\jose\\Downloads\\sistema-colas-master\\sistema-colas-master\\node_modules\\d3-geo-projection'
38 silly reify ]
39 silly reify mark retired [
39 silly reify   'C:\\Users\\jose\\Downloads\\sistema-colas-master\\sistema-colas-master\\node_modules\\d3-interpolate-path'
39 silly reify ]
40 silly reify mark retired [
40 silly reify   'C:\\Users\\jose\\Downloads\\sistema-colas-master\\sistema-colas-master\\node_modules\\d3-polygon'
40 silly reify ]
41 silly reify mark retired [
41 silly reify   'C:\\Users\\jose\\Downloads\\sistema-colas-master\\sistema-colas-master\\node_modules\\d3-quadtree'
41 silly reify ]
42 silly reify mark retired [
42 silly reify   'C:\\Users\\jose\\Downloads\\sistema-colas-master\\sistema-colas-master\\node_modules\\d3-random'
42 silly reify ]
43 silly reify mark retired [
43 silly reify   'C:\\Users\\jose\\Downloads\\sistema-colas-master\\sistema-colas-master\\node_modules\\d3-scale-chromatic'
43 silly reify ]
44 silly reify mark retired [
44 silly reify   'C:\\Users\\jose\\Downloads\\sistema-colas-master\\sistema-colas-master\\node_modules\\d3-selection'
44 silly reify ]
45 silly reify mark retired [
45 silly reify   'C:\\Users\\jose\\Downloads\\sistema-colas-master\\sistema-colas-master\\node_modules\\d3-sankey'
45 silly reify ]
46 silly reify mark retired [
46 silly reify   'C:\\Users\\jose\\Downloads\\sistema-colas-master\\sistema-colas-master\\node_modules\\d3-transition'
46 silly reify ]
47 silly reify mark retired [
47 silly reify   'C:\\Users\\jose\\Downloads\\sistema-colas-master\\sistema-colas-master\\node_modules\\d3-zoom'
47 silly reify ]
48 silly reify mark retired [
48 silly reify   'C:\\Users\\jose\\Downloads\\sistema-colas-master\\sistema-colas-master\\node_modules\\date-fns'
48 silly reify ]
49 silly reify mark retired [
49 silly reify   'C:\\Users\\jose\\Downloads\\sistema-colas-master\\sistema-colas-master\\node_modules\\de-indent'
49 silly reify ]
50 silly reify mark retired [
50 silly reify   'C:\\Users\\jose\\Downloads\\sistema-colas-master\\sistema-colas-master\\node_modules\\delaunator'
50 silly reify ]
51 silly reify mark retired [
51 silly reify   'C:\\Users\\jose\\Downloads\\sistema-colas-master\\sistema-colas-master\\node_modules\\elkjs'
51 silly reify ]
52 silly reify mark retired [
52 silly reify   'C:\\Users\\jose\\Downloads\\sistema-colas-master\\sistema-colas-master\\node_modules\\earcut'
52 silly reify ]
53 silly reify mark retired [
53 silly reify   'C:\\Users\\jose\\Downloads\\sistema-colas-master\\sistema-colas-master\\node_modules\\engine.io-client'
53 silly reify ]
54 silly reify mark retired [
54 silly reify   'C:\\Users\\jose\\Downloads\\sistema-colas-master\\sistema-colas-master\\node_modules\\eslint'
54 silly reify ]
55 silly reify mark retired [
55 silly reify   'C:\\Users\\jose\\Downloads\\sistema-colas-master\\sistema-colas-master\\node_modules\\eslint-config-prettier'
55 silly reify ]
56 silly reify mark retired [
56 silly reify   'C:\\Users\\jose\\Downloads\\sistema-colas-master\\sistema-colas-master\\node_modules\\eslint-plugin-vue'
56 silly reify ]
57 silly reify mark retired [
57 silly reify   'C:\\Users\\jose\\Downloads\\sistema-colas-master\\sistema-colas-master\\node_modules\\esbuild'
57 silly reify ]
58 silly reify mark retired [
58 silly reify   'C:\\Users\\jose\\Downloads\\sistema-colas-master\\sistema-colas-master\\node_modules\\find-root'
58 silly reify ]
59 silly reify mark retired [
59 silly reify   'C:\\Users\\jose\\Downloads\\sistema-colas-master\\sistema-colas-master\\node_modules\\fsevents'
59 silly reify ]
60 silly reify mark retired [
60 silly reify   'C:\\Users\\jose\\Downloads\\sistema-colas-master\\sistema-colas-master\\node_modules\\geojson'
60 silly reify ]
61 silly reify mark retired [
61 silly reify   'C:\\Users\\jose\\Downloads\\sistema-colas-master\\sistema-colas-master\\node_modules\\geojson-vt'
61 silly reify ]
62 silly reify mark retired [
62 silly reify   'C:\\Users\\jose\\Downloads\\sistema-colas-master\\sistema-colas-master\\node_modules\\gl-matrix'
62 silly reify ]
63 silly reify mark retired [
63 silly reify   'C:\\Users\\jose\\Downloads\\sistema-colas-master\\sistema-colas-master\\node_modules\\global-prefix'
63 silly reify ]
64 silly reify mark retired [
64 silly reify   'C:\\Users\\jose\\Downloads\\sistema-colas-master\\sistema-colas-master\\node_modules\\he'
64 silly reify ]
65 silly reify mark retired [
65 silly reify   'C:\\Users\\jose\\Downloads\\sistema-colas-master\\sistema-colas-master\\node_modules\\jiti'
65 silly reify ]
66 silly reify mark retired [
66 silly reify   'C:\\Users\\jose\\Downloads\\sistema-colas-master\\sistema-colas-master\\node_modules\\js-yaml'
66 silly reify ]
67 silly reify mark retired [
67 silly reify   'C:\\Users\\jose\\Downloads\\sistema-colas-master\\sistema-colas-master\\node_modules\\jsesc'
67 silly reify ]
68 silly reify mark retired [
68 silly reify   'C:\\Users\\jose\\Downloads\\sistema-colas-master\\sistema-colas-master\\node_modules\\kdbush'
68 silly reify ]
69 silly reify mark retired [
69 silly reify   'C:\\Users\\jose\\Downloads\\sistema-colas-master\\sistema-colas-master\\node_modules\\laravel-echo'
69 silly reify ]
70 silly reify mark retired [
70 silly reify   'C:\\Users\\jose\\Downloads\\sistema-colas-master\\sistema-colas-master\\node_modules\\laravel-vite-plugin'
70 silly reify ]
71 silly reify mark retired [
71 silly reify   'C:\\Users\\jose\\Downloads\\sistema-colas-master\\sistema-colas-master\\node_modules\\lightningcss'
71 silly reify ]
72 silly reify mark retired [
72 silly reify   'C:\\Users\\jose\\Downloads\\sistema-colas-master\\sistema-colas-master\\node_modules\\leaflet'
72 silly reify ]
73 silly reify mark retired [
73 silly reify   'C:\\Users\\jose\\Downloads\\sistema-colas-master\\sistema-colas-master\\node_modules\\lightningcss-android-arm64'
73 silly reify ]
74 silly reify mark retired [
74 silly reify   'C:\\Users\\jose\\Downloads\\sistema-colas-master\\sistema-colas-master\\node_modules\\lightningcss-darwin-arm64'
74 silly reify ]
75 silly reify mark retired [
75 silly reify   'C:\\Users\\jose\\Downloads\\sistema-colas-master\\sistema-colas-master\\node_modules\\lightningcss-freebsd-x64'
75 silly reify ]
76 silly reify mark retired [
76 silly reify   'C:\\Users\\jose\\Downloads\\sistema-colas-master\\sistema-colas-master\\node_modules\\lightningcss-linux-arm64-gnu'
76 silly reify ]
77 silly reify mark retired [
77 silly reify   'C:\\Users\\jose\\Downloads\\sistema-colas-master\\sistema-colas-master\\node_modules\\lightningcss-darwin-x64'
77 silly reify ]
78 silly reify mark retired [
78 silly reify   'C:\\Users\\jose\\Downloads\\sistema-colas-master\\sistema-colas-master\\node_modules\\lightningcss-linux-arm-gnueabihf'
78 silly reify ]
79 silly reify mark retired [
79 silly reify   'C:\\Users\\jose\\Downloads\\sistema-colas-master\\sistema-colas-master\\node_modules\\lightningcss-linux-arm64-musl'
79 silly reify ]
80 silly reify mark retired [
80 silly reify   'C:\\Users\\jose\\Downloads\\sistema-colas-master\\sistema-colas-master\\node_modules\\lightningcss-linux-x64-gnu'
80 silly reify ]
81 silly reify mark retired [
81 silly reify   'C:\\Users\\jose\\Downloads\\sistema-colas-master\\sistema-colas-master\\node_modules\\lightningcss-linux-x64-musl'
81 silly reify ]
82 silly reify mark retired [
82 silly reify   'C:\\Users\\jose\\Downloads\\sistema-colas-master\\sistema-colas-master\\node_modules\\lightningcss-win32-arm64-msvc'
82 silly reify ]
83 silly reify mark retired [
83 silly reify   'C:\\Users\\jose\\Downloads\\sistema-colas-master\\sistema-colas-master\\node_modules\\lightningcss-win32-x64-msvc'
83 silly reify ]
84 silly reify mark retired [
84 silly reify   'C:\\Users\\jose\\Downloads\\sistema-colas-master\\sistema-colas-master\\node_modules\\lodash-es'
84 silly reify ]
85 silly reify mark retired [
85 silly reify   'C:\\Users\\jose\\Downloads\\sistema-colas-master\\sistema-colas-master\\node_modules\\lucide-vue-next'
85 silly reify ]
86 silly reify mark retired [
86 silly reify   'C:\\Users\\jose\\Downloads\\sistema-colas-master\\sistema-colas-master\\node_modules\\maplibre-gl'
86 silly reify ]
87 silly reify mark retired [
87 silly reify   'C:\\Users\\jose\\Downloads\\sistema-colas-master\\sistema-colas-master\\node_modules\\murmurhash-js'
87 silly reify ]
88 silly reify mark retired [
88 silly reify   'C:\\Users\\jose\\Downloads\\sistema-colas-master\\sistema-colas-master\\node_modules\\nanoid'
88 silly reify ]
89 silly reify mark retired [
89 silly reify   'C:\\Users\\jose\\Downloads\\sistema-colas-master\\sistema-colas-master\\node_modules\\parse-unit'
89 silly reify ]
90 silly reify mark retired [
90 silly reify   'C:\\Users\\jose\\Downloads\\sistema-colas-master\\sistema-colas-master\\node_modules\\pbf'
90 silly reify ]
91 silly reify mark retired [
91 silly reify   'C:\\Users\\jose\\Downloads\\sistema-colas-master\\sistema-colas-master\\node_modules\\prettier'
91 silly reify ]
92 silly reify mark retired [
92 silly reify   'C:\\Users\\jose\\Downloads\\sistema-colas-master\\sistema-colas-master\\node_modules\\potpack'
92 silly reify ]
93 silly reify mark retired [
93 silly reify   'C:\\Users\\jose\\Downloads\\sistema-colas-master\\sistema-colas-master\\node_modules\\prettier-plugin-organize-imports'
93 silly reify ]
94 silly reify mark retired [
94 silly reify   'C:\\Users\\jose\\Downloads\\sistema-colas-master\\sistema-colas-master\\node_modules\\radix-vue'
94 silly reify ]
95 silly reify mark retired [
95 silly reify   'C:\\Users\\jose\\Downloads\\sistema-colas-master\\sistema-colas-master\\node_modules\\protocol-buffers-schema'
95 silly reify ]
96 silly reify mark retired [
96 silly reify   'C:\\Users\\jose\\Downloads\\sistema-colas-master\\sistema-colas-master\\node_modules\\resolve'
96 silly reify ]
97 silly reify mark retired [
97 silly reify   'C:\\Users\\jose\\Downloads\\sistema-colas-master\\sistema-colas-master\\node_modules\\pusher-js'
97 silly reify ]
98 silly reify mark retired [
98 silly reify   'C:\\Users\\jose\\Downloads\\sistema-colas-master\\sistema-colas-master\\node_modules\\quickselect'
98 silly reify ]
99 silly reify mark retired [
99 silly reify   'C:\\Users\\jose\\Downloads\\sistema-colas-master\\sistema-colas-master\\node_modules\\reka-ui'
99 silly reify ]
100 silly reify mark retired [
100 silly reify   'C:\\Users\\jose\\Downloads\\sistema-colas-master\\sistema-colas-master\\node_modules\\rollup'
100 silly reify ]
101 silly reify mark retired [
101 silly reify   'C:\\Users\\jose\\Downloads\\sistema-colas-master\\sistema-colas-master\\node_modules\\resolve-protobuf-schema'
101 silly reify ]
102 silly reify mark retired [
102 silly reify   'C:\\Users\\jose\\Downloads\\sistema-colas-master\\sistema-colas-master\\node_modules\\semver'
102 silly reify ]
103 silly reify mark retired [
103 silly reify   'C:\\Users\\jose\\Downloads\\sistema-colas-master\\sistema-colas-master\\node_modules\\robust-predicates'
103 silly reify ]
104 silly reify mark retired [
104 silly reify   'C:\\Users\\jose\\Downloads\\sistema-colas-master\\sistema-colas-master\\node_modules\\rw'
104 silly reify ]
105 silly reify mark retired [
105 silly reify   'C:\\Users\\jose\\Downloads\\sistema-colas-master\\sistema-colas-master\\node_modules\\striptags'
105 silly reify ]
106 silly reify mark retired [
106 silly reify   'C:\\Users\\jose\\Downloads\\sistema-colas-master\\sistema-colas-master\\node_modules\\socket.io-client'
106 silly reify ]
107 silly reify mark retired [
107 silly reify   'C:\\Users\\jose\\Downloads\\sistema-colas-master\\sistema-colas-master\\node_modules\\stylis'
107 silly reify ]
108 silly reify mark retired [
108 silly reify   'C:\\Users\\jose\\Downloads\\sistema-colas-master\\sistema-colas-master\\node_modules\\supercluster'
108 silly reify ]
109 silly reify mark retired [
109 silly reify   'C:\\Users\\jose\\Downloads\\sistema-colas-master\\sistema-colas-master\\node_modules\\tailwind-merge'
109 silly reify ]
110 silly reify mark retired [
110 silly reify   'C:\\Users\\jose\\Downloads\\sistema-colas-master\\sistema-colas-master\\node_modules\\tailwindcss'
110 silly reify ]
111 silly reify mark retired [
111 silly reify   'C:\\Users\\jose\\Downloads\\sistema-colas-master\\sistema-colas-master\\node_modules\\three'
111 silly reify ]
112 silly reify mark retired [
112 silly reify   'C:\\Users\\jose\\Downloads\\sistema-colas-master\\sistema-colas-master\\node_modules\\throttle-debounce'
112 silly reify ]
113 silly reify mark retired [
113 silly reify   'C:\\Users\\jose\\Downloads\\sistema-colas-master\\sistema-colas-master\\node_modules\\tinyqueue'
113 silly reify ]
114 silly reify mark retired [
114 silly reify   'C:\\Users\\jose\\Downloads\\sistema-colas-master\\sistema-colas-master\\node_modules\\to-px'
114 silly reify ]
115 silly reify mark retired [
115 silly reify   'C:\\Users\\jose\\Downloads\\sistema-colas-master\\sistema-colas-master\\node_modules\\tree-kill'
115 silly reify ]
116 silly reify mark retired [
116 silly reify   'C:\\Users\\jose\\Downloads\\sistema-colas-master\\sistema-colas-master\\node_modules\\topojson-client'
116 silly reify ]
117 silly reify mark retired [
117 silly reify   'C:\\Users\\jose\\Downloads\\sistema-colas-master\\sistema-colas-master\\node_modules\\typescript'
117 silly reify ]
118 silly reify mark retired [
118 silly reify   'C:\\Users\\jose\\Downloads\\sistema-colas-master\\sistema-colas-master\\node_modules\\ts-api-utils'
118 silly reify ]
119 silly reify mark retired [
119 silly reify   'C:\\Users\\jose\\Downloads\\sistema-colas-master\\sistema-colas-master\\node_modules\\tw-animate-css'
119 silly reify ]
120 silly reify mark retired [
120 silly reify   'C:\\Users\\jose\\Downloads\\sistema-colas-master\\sistema-colas-master\\node_modules\\tweetnacl'
120 silly reify ]
121 silly reify mark retired [
121 silly reify   'C:\\Users\\jose\\Downloads\\sistema-colas-master\\sistema-colas-master\\node_modules\\typescript-eslint'
121 silly reify ]
122 silly reify mark retired [
122 silly reify   'C:\\Users\\jose\\Downloads\\sistema-colas-master\\sistema-colas-master\\node_modules\\vite'
122 silly reify ]
123 silly reify mark retired [
123 silly reify   'C:\\Users\\jose\\Downloads\\sistema-colas-master\\sistema-colas-master\\node_modules\\vt-pbf'
123 silly reify ]
124 silly reify mark retired [
124 silly reify   'C:\\Users\\jose\\Downloads\\sistema-colas-master\\sistema-colas-master\\node_modules\\vue'
124 silly reify ]
125 silly reify mark retired [
125 silly reify   'C:\\Users\\jose\\Downloads\\sistema-colas-master\\sistema-colas-master\\node_modules\\vue-input-otp'
125 silly reify ]
126 silly reify mark retired [
126 silly reify   'C:\\Users\\jose\\Downloads\\sistema-colas-master\\sistema-colas-master\\node_modules\\vue-tsc'
126 silly reify ]
127 silly reify mark retired [
127 silly reify   'C:\\Users\\jose\\Downloads\\sistema-colas-master\\sistema-colas-master\\node_modules\\which'
127 silly reify ]
128 silly reify mark retired [
128 silly reify   'C:\\Users\\jose\\Downloads\\sistema-colas-master\\sistema-colas-master\\node_modules\\xmlhttprequest-ssl'
128 silly reify ]
129 silly reify mark retired [
129 silly reify   'C:\\Users\\jose\\Downloads\\sistema-colas-master\\sistema-colas-master\\node_modules\\vue-eslint-parser'
129 silly reify ]
130 silly reify mark retired [
130 silly reify   'C:\\Users\\jose\\Downloads\\sistema-colas-master\\sistema-colas-master\\node_modules\\vue-sonner'
130 silly reify ]
131 silly reify mark retired [
131 silly reify   'C:\\Users\\jose\\Downloads\\sistema-colas-master\\sistema-colas-master\\node_modules\\@babel\\parser'
131 silly reify ]
132 silly reify mark retired [
132 silly reify   'C:\\Users\\jose\\Downloads\\sistema-colas-master\\sistema-colas-master\\node_modules\\@babel\\runtime'
132 silly reify ]
133 silly reify mark retired [
133 silly reify   'C:\\Users\\jose\\Downloads\\sistema-colas-master\\sistema-colas-master\\node_modules\\@emotion\\babel-plugin'
133 silly reify ]
134 silly reify mark retired [
134 silly reify   'C:\\Users\\jose\\Downloads\\sistema-colas-master\\sistema-colas-master\\node_modules\\@emotion\\cache'
134 silly reify ]
135 silly reify mark retired [
135 silly reify   'C:\\Users\\jose\\Downloads\\sistema-colas-master\\sistema-colas-master\\node_modules\\@emotion\\serialize'
135 silly reify ]
136 silly reify mark retired [
136 silly reify   'C:\\Users\\jose\\Downloads\\sistema-colas-master\\sistema-colas-master\\node_modules\\@emotion\\css'
136 silly reify ]
137 silly reify mark retired [
137 silly reify   'C:\\Users\\jose\\Downloads\\sistema-colas-master\\sistema-colas-master\\node_modules\\@emotion\\hash'
137 silly reify ]
138 silly reify mark retired [
138 silly reify   'C:\\Users\\jose\\Downloads\\sistema-colas-master\\sistema-colas-master\\node_modules\\@emotion\\memoize'
138 silly reify ]
139 silly reify mark retired [
139 silly reify   'C:\\Users\\jose\\Downloads\\sistema-colas-master\\sistema-colas-master\\node_modules\\@esbuild\\aix-ppc64'
139 silly reify ]
140 silly reify mark retired [
140 silly reify   'C:\\Users\\jose\\Downloads\\sistema-colas-master\\sistema-colas-master\\node_modules\\@emotion\\weak-memoize'
140 silly reify ]
141 silly reify mark retired [
141 silly reify   'C:\\Users\\jose\\Downloads\\sistema-colas-master\\sistema-colas-master\\node_modules\\@emotion\\sheet'
141 silly reify ]
142 silly reify mark retired [
142 silly reify   'C:\\Users\\jose\\Downloads\\sistema-colas-master\\sistema-colas-master\\node_modules\\@esbuild\\android-arm64'
142 silly reify ]
143 silly reify mark retired [
143 silly reify   'C:\\Users\\jose\\Downloads\\sistema-colas-master\\sistema-colas-master\\node_modules\\@emotion\\utils'
143 silly reify ]
144 silly reify mark retired [
144 silly reify   'C:\\Users\\jose\\Downloads\\sistema-colas-master\\sistema-colas-master\\node_modules\\@esbuild\\android-x64'
144 silly reify ]
145 silly reify mark retired [
145 silly reify   'C:\\Users\\jose\\Downloads\\sistema-colas-master\\sistema-colas-master\\node_modules\\@esbuild\\android-arm'
145 silly reify ]
146 silly reify mark retired [
146 silly reify   'C:\\Users\\jose\\Downloads\\sistema-colas-master\\sistema-colas-master\\node_modules\\@emotion\\unitless'
146 silly reify ]
147 silly reify mark retired [
147 silly reify   'C:\\Users\\jose\\Downloads\\sistema-colas-master\\sistema-colas-master\\node_modules\\@esbuild\\darwin-arm64'
147 silly reify ]
148 silly reify mark retired [
148 silly reify   'C:\\Users\\jose\\Downloads\\sistema-colas-master\\sistema-colas-master\\node_modules\\@esbuild\\freebsd-x64'
148 silly reify ]
149 silly reify mark retired [
149 silly reify   'C:\\Users\\jose\\Downloads\\sistema-colas-master\\sistema-colas-master\\node_modules\\@esbuild\\darwin-x64'
149 silly reify ]
150 silly reify mark retired [
150 silly reify   'C:\\Users\\jose\\Downloads\\sistema-colas-master\\sistema-colas-master\\node_modules\\@esbuild\\freebsd-arm64'
150 silly reify ]
151 silly reify mark retired [
151 silly reify   'C:\\Users\\jose\\Downloads\\sistema-colas-master\\sistema-colas-master\\node_modules\\@esbuild\\linux-arm'
151 silly reify ]
152 silly reify mark retired [
152 silly reify   'C:\\Users\\jose\\Downloads\\sistema-colas-master\\sistema-colas-master\\node_modules\\@esbuild\\linux-arm64'
152 silly reify ]
153 silly reify mark retired [
153 silly reify   'C:\\Users\\jose\\Downloads\\sistema-colas-master\\sistema-colas-master\\node_modules\\@esbuild\\linux-ia32'
153 silly reify ]
154 silly reify mark retired [
154 silly reify   'C:\\Users\\jose\\Downloads\\sistema-colas-master\\sistema-colas-master\\node_modules\\@esbuild\\linux-loong64'
154 silly reify ]
155 silly reify mark retired [
155 silly reify   'C:\\Users\\jose\\Downloads\\sistema-colas-master\\sistema-colas-master\\node_modules\\@esbuild\\linux-riscv64'
155 silly reify ]
156 silly reify mark retired [
156 silly reify   'C:\\Users\\jose\\Downloads\\sistema-colas-master\\sistema-colas-master\\node_modules\\@esbuild\\linux-mips64el'
156 silly reify ]
157 silly reify mark retired [
157 silly reify   'C:\\Users\\jose\\Downloads\\sistema-colas-master\\sistema-colas-master\\node_modules\\@esbuild\\linux-ppc64'
157 silly reify ]
158 silly reify mark retired [
158 silly reify   'C:\\Users\\jose\\Downloads\\sistema-colas-master\\sistema-colas-master\\node_modules\\@esbuild\\linux-x64'
158 silly reify ]
159 silly reify mark retired [
159 silly reify   'C:\\Users\\jose\\Downloads\\sistema-colas-master\\sistema-colas-master\\node_modules\\@esbuild\\linux-s390x'
159 silly reify ]
160 silly reify mark retired [
160 silly reify   'C:\\Users\\jose\\Downloads\\sistema-colas-master\\sistema-colas-master\\node_modules\\@esbuild\\netbsd-arm64'
160 silly reify ]
161 silly reify mark retired [
161 silly reify   'C:\\Users\\jose\\Downloads\\sistema-colas-master\\sistema-colas-master\\node_modules\\@esbuild\\netbsd-x64'
161 silly reify ]
162 silly reify mark retired [
162 silly reify   'C:\\Users\\jose\\Downloads\\sistema-colas-master\\sistema-colas-master\\node_modules\\@esbuild\\openbsd-arm64'
162 silly reify ]
163 silly reify mark retired [
163 silly reify   'C:\\Users\\jose\\Downloads\\sistema-colas-master\\sistema-colas-master\\node_modules\\@esbuild\\openbsd-x64'
163 silly reify ]
164 silly reify mark retired [
164 silly reify   'C:\\Users\\jose\\Downloads\\sistema-colas-master\\sistema-colas-master\\node_modules\\@esbuild\\openharmony-arm64'
164 silly reify ]
165 silly reify mark retired [
165 silly reify   'C:\\Users\\jose\\Downloads\\sistema-colas-master\\sistema-colas-master\\node_modules\\@esbuild\\sunos-x64'
165 silly reify ]
166 silly reify mark retired [
166 silly reify   'C:\\Users\\jose\\Downloads\\sistema-colas-master\\sistema-colas-master\\node_modules\\@esbuild\\win32-arm64'
166 silly reify ]
167 silly reify mark retired [
167 silly reify   'C:\\Users\\jose\\Downloads\\sistema-colas-master\\sistema-colas-master\\node_modules\\@floating-ui\\core'
167 silly reify ]
168 silly reify mark retired [
168 silly reify   'C:\\Users\\jose\\Downloads\\sistema-colas-master\\sistema-colas-master\\node_modules\\@esbuild\\win32-ia32'
168 silly reify ]
169 silly reify mark retired [
169 silly reify   'C:\\Users\\jose\\Downloads\\sistema-colas-master\\sistema-colas-master\\node_modules\\@floating-ui\\utils'
169 silly reify ]
170 silly reify mark retired [
170 silly reify   'C:\\Users\\jose\\Downloads\\sistema-colas-master\\sistema-colas-master\\node_modules\\@eslint\\js'
170 silly reify ]
171 silly reify mark retired [
171 silly reify   'C:\\Users\\jose\\Downloads\\sistema-colas-master\\sistema-colas-master\\node_modules\\@floating-ui\\vue'
171 silly reify ]
172 silly reify mark retired [
172 silly reify   'C:\\Users\\jose\\Downloads\\sistema-colas-master\\sistema-colas-master\\node_modules\\@inertiajs\\vue3'
172 silly reify ]
173 silly reify mark retired [
173 silly reify   'C:\\Users\\jose\\Downloads\\sistema-colas-master\\sistema-colas-master\\node_modules\\@floating-ui\\dom'
173 silly reify ]
174 silly reify mark retired [
174 silly reify   'C:\\Users\\jose\\Downloads\\sistema-colas-master\\sistema-colas-master\\node_modules\\@inertiajs\\core'
174 silly reify ]
175 silly reify mark retired [
175 silly reify   'C:\\Users\\jose\\Downloads\\sistema-colas-master\\sistema-colas-master\\node_modules\\@internationalized\\number'
175 silly reify ]
176 silly reify mark retired [
176 silly reify   'C:\\Users\\jose\\Downloads\\sistema-colas-master\\sistema-colas-master\\node_modules\\@laravel\\vite-plugin-wayfinder'
176 silly reify ]
177 silly reify mark retired [
177 silly reify   'C:\\Users\\jose\\Downloads\\sistema-colas-master\\sistema-colas-master\\node_modules\\@mapbox\\jsonlint-lines-primitives'
177 silly reify ]
178 silly reify mark retired [
178 silly reify   'C:\\Users\\jose\\Downloads\\sistema-colas-master\\sistema-colas-master\\node_modules\\@internationalized\\date'
178 silly reify ]
179 silly reify mark retired [
179 silly reify   'C:\\Users\\jose\\Downloads\\sistema-colas-master\\sistema-colas-master\\node_modules\\@laravel\\echo-vue'
179 silly reify ]
180 silly reify mark retired [
180 silly reify   'C:\\Users\\jose\\Downloads\\sistema-colas-master\\sistema-colas-master\\node_modules\\@mapbox\\geojson-rewind'
180 silly reify ]
181 silly reify mark retired [
181 silly reify   'C:\\Users\\jose\\Downloads\\sistema-colas-master\\sistema-colas-master\\node_modules\\@mapbox\\mapbox-gl-supported'
181 silly reify ]
182 silly reify mark retired [
182 silly reify   'C:\\Users\\jose\\Downloads\\sistema-colas-master\\sistema-colas-master\\node_modules\\@mapbox\\point-geometry'
182 silly reify ]
183 silly reify mark retired [
183 silly reify   'C:\\Users\\jose\\Downloads\\sistema-colas-master\\sistema-colas-master\\node_modules\\@mapbox\\tiny-sdf'
183 silly reify ]
184 silly reify mark retired [
184 silly reify   'C:\\Users\\jose\\Downloads\\sistema-colas-master\\sistema-colas-master\\node_modules\\@mapbox\\vector-tile'
184 silly reify ]
185 silly reify mark retired [
185 silly reify   'C:\\Users\\jose\\Downloads\\sistema-colas-master\\sistema-colas-master\\node_modules\\@juggle\\resize-observer'
185 silly reify ]
186 silly reify mark retired [
186 silly reify   'C:\\Users\\jose\\Downloads\\sistema-colas-master\\sistema-colas-master\\node_modules\\@mapbox\\whoots-js'
186 silly reify ]
187 silly reify mark retired [
187 silly reify   'C:\\Users\\jose\\Downloads\\sistema-colas-master\\sistema-colas-master\\node_modules\\@mapbox\\unitbezier'
187 silly reify ]
188 silly reify mark retired [
188 silly reify   'C:\\Users\\jose\\Downloads\\sistema-colas-master\\sistema-colas-master\\node_modules\\@rollup\\rollup-android-arm64'
188 silly reify ]
189 silly reify mark retired [
189 silly reify   'C:\\Users\\jose\\Downloads\\sistema-colas-master\\sistema-colas-master\\node_modules\\@rollup\\rollup-darwin-arm64'
189 silly reify ]
190 silly reify mark retired [
190 silly reify   'C:\\Users\\jose\\Downloads\\sistema-colas-master\\sistema-colas-master\\node_modules\\@rollup\\rollup-darwin-x64'
190 silly reify ]
191 silly reify mark retired [
191 silly reify   'C:\\Users\\jose\\Downloads\\sistema-colas-master\\sistema-colas-master\\node_modules\\@rollup\\rollup-freebsd-x64'
191 silly reify ]
192 silly reify mark retired [
192 silly reify   'C:\\Users\\jose\\Downloads\\sistema-colas-master\\sistema-colas-master\\node_modules\\@rollup\\rollup-android-arm-eabi'
192 silly reify ]
193 silly reify mark retired [
193 silly reify   'C:\\Users\\jose\\Downloads\\sistema-colas-master\\sistema-colas-master\\node_modules\\@rollup\\rollup-freebsd-arm64'
193 silly reify ]
194 silly reify mark retired [
194 silly reify   'C:\\Users\\jose\\Downloads\\sistema-colas-master\\sistema-colas-master\\node_modules\\@rollup\\rollup-linux-arm-gnueabihf'
194 silly reify ]
195 silly reify mark retired [
195 silly reify   'C:\\Users\\jose\\Downloads\\sistema-colas-master\\sistema-colas-master\\node_modules\\@rolldown\\pluginutils'
195 silly reify ]
196 silly reify mark retired [
196 silly reify   'C:\\Users\\jose\\Downloads\\sistema-colas-master\\sistema-colas-master\\node_modules\\@rollup\\rollup-linux-arm64-gnu'
196 silly reify ]
197 silly reify mark retired [
197 silly reify   'C:\\Users\\jose\\Downloads\\sistema-colas-master\\sistema-colas-master\\node_modules\\@rollup\\rollup-linux-arm-musleabihf'
197 silly reify ]
198 silly reify mark retired [
198 silly reify   'C:\\Users\\jose\\Downloads\\sistema-colas-master\\sistema-colas-master\\node_modules\\@rollup\\rollup-linux-arm64-musl'
198 silly reify ]
199 silly reify mark retired [
199 silly reify   'C:\\Users\\jose\\Downloads\\sistema-colas-master\\sistema-colas-master\\node_modules\\@rollup\\rollup-linux-loong64-gnu'
199 silly reify ]
200 silly reify mark retired [
200 silly reify   'C:\\Users\\jose\\Downloads\\sistema-colas-master\\sistema-colas-master\\node_modules\\@rollup\\rollup-linux-ppc64-gnu'
200 silly reify ]
201 silly reify mark retired [
201 silly reify   'C:\\Users\\jose\\Downloads\\sistema-colas-master\\sistema-colas-master\\node_modules\\@rollup\\rollup-linux-riscv64-gnu'
201 silly reify ]
202 silly reify mark retired [
202 silly reify   'C:\\Users\\jose\\Downloads\\sistema-colas-master\\sistema-colas-master\\node_modules\\@rollup\\rollup-linux-s390x-gnu'
202 silly reify ]
203 silly reify mark retired [
203 silly reify   'C:\\Users\\jose\\Downloads\\sistema-colas-master\\sistema-colas-master\\node_modules\\@rollup\\rollup-linux-riscv64-musl'
203 silly reify ]
204 silly reify mark retired [
204 silly reify   'C:\\Users\\jose\\Downloads\\sistema-colas-master\\sistema-colas-master\\node_modules\\@rollup\\rollup-linux-x64-gnu'
204 silly reify ]
205 silly reify mark retired [
205 silly reify   'C:\\Users\\jose\\Downloads\\sistema-colas-master\\sistema-colas-master\\node_modules\\@rollup\\rollup-linux-x64-musl'
205 silly reify ]
206 silly reify mark retired [
206 silly reify   'C:\\Users\\jose\\Downloads\\sistema-colas-master\\sistema-colas-master\\node_modules\\@rollup\\rollup-openharmony-arm64'
206 silly reify ]
207 silly reify mark retired [
207 silly reify   'C:\\Users\\jose\\Downloads\\sistema-colas-master\\sistema-colas-master\\node_modules\\@rollup\\rollup-win32-ia32-msvc'
207 silly reify ]
208 silly reify mark retired [
208 silly reify   'C:\\Users\\jose\\Downloads\\sistema-colas-master\\sistema-colas-master\\node_modules\\@rollup\\rollup-win32-arm64-msvc'
208 silly reify ]
209 silly reify mark retired [
209 silly reify   'C:\\Users\\jose\\Downloads\\sistema-colas-master\\sistema-colas-master\\node_modules\\@tailwindcss\\oxide'
209 silly reify ]
210 silly reify mark retired [
210 silly reify   'C:\\Users\\jose\\Downloads\\sistema-colas-master\\sistema-colas-master\\node_modules\\@rollup\\rollup-win32-x64-msvc'
210 silly reify ]
211 silly reify mark retired [
211 silly reify   'C:\\Users\\jose\\Downloads\\sistema-colas-master\\sistema-colas-master\\node_modules\\@tailwindcss\\node'
211 silly reify ]
212 silly reify mark retired [
212 silly reify   'C:\\Users\\jose\\Downloads\\sistema-colas-master\\sistema-colas-master\\node_modules\\@tailwindcss\\oxide-android-arm64'
212 silly reify ]
213 silly reify mark retired [
213 silly reify   'C:\\Users\\jose\\Downloads\\sistema-colas-master\\sistema-colas-master\\node_modules\\@tailwindcss\\oxide-darwin-arm64'
213 silly reify ]
214 silly reify mark retired [
214 silly reify   'C:\\Users\\jose\\Downloads\\sistema-colas-master\\sistema-colas-master\\node_modules\\@tailwindcss\\oxide-darwin-x64'
214 silly reify ]
215 silly reify mark retired [
215 silly reify   'C:\\Users\\jose\\Downloads\\sistema-colas-master\\sistema-colas-master\\node_modules\\@tailwindcss\\oxide-freebsd-x64'
215 silly reify ]
216 silly reify mark retired [
216 silly reify   'C:\\Users\\jose\\Downloads\\sistema-colas-master\\sistema-colas-master\\node_modules\\@tailwindcss\\oxide-linux-arm-gnueabihf'
216 silly reify ]
217 silly reify mark retired [
217 silly reify   'C:\\Users\\jose\\Downloads\\sistema-colas-master\\sistema-colas-master\\node_modules\\@tailwindcss\\oxide-linux-arm64-gnu'
217 silly reify ]
218 silly reify mark retired [
218 silly reify   'C:\\Users\\jose\\Downloads\\sistema-colas-master\\sistema-colas-master\\node_modules\\@tailwindcss\\oxide-linux-x64-gnu'
218 silly reify ]
219 silly reify mark retired [
219 silly reify   'C:\\Users\\jose\\Downloads\\sistema-colas-master\\sistema-colas-master\\node_modules\\@tailwindcss\\oxide-linux-x64-musl'
219 silly reify ]
220 silly reify mark retired [
220 silly reify   'C:\\Users\\jose\\Downloads\\sistema-colas-master\\sistema-colas-master\\node_modules\\@tailwindcss\\oxide-wasm32-wasi'
220 silly reify ]
221 silly reify mark retired [
221 silly reify   'C:\\Users\\jose\\Downloads\\sistema-colas-master\\sistema-colas-master\\node_modules\\@tailwindcss\\oxide-linux-arm64-musl'
221 silly reify ]
222 silly reify mark retired [
222 silly reify   'C:\\Users\\jose\\Downloads\\sistema-colas-master\\sistema-colas-master\\node_modules\\@tailwindcss\\oxide-win32-arm64-msvc'
222 silly reify ]
223 silly reify mark retired [
223 silly reify   'C:\\Users\\jose\\Downloads\\sistema-colas-master\\sistema-colas-master\\node_modules\\@tailwindcss\\oxide-win32-x64-msvc'
223 silly reify ]
224 silly reify mark retired [
224 silly reify   'C:\\Users\\jose\\Downloads\\sistema-colas-master\\sistema-colas-master\\node_modules\\@tailwindcss\\vite'
224 silly reify ]
225 silly reify mark retired [
225 silly reify   'C:\\Users\\jose\\Downloads\\sistema-colas-master\\sistema-colas-master\\node_modules\\@tanstack\\vue-table'
225 silly reify ]
226 silly reify mark retired [
226 silly reify   'C:\\Users\\jose\\Downloads\\sistema-colas-master\\sistema-colas-master\\node_modules\\@tanstack\\virtual-core'
226 silly reify ]
227 silly reify mark retired [
227 silly reify   'C:\\Users\\jose\\Downloads\\sistema-colas-master\\sistema-colas-master\\node_modules\\@tanstack\\table-core'
227 silly reify ]
228 silly reify mark retired [
228 silly reify   'C:\\Users\\jose\\Downloads\\sistema-colas-master\\sistema-colas-master\\node_modules\\@types\\d3'
228 silly reify ]
229 silly reify mark retired [
229 silly reify   'C:\\Users\\jose\\Downloads\\sistema-colas-master\\sistema-colas-master\\node_modules\\@tanstack\\vue-virtual'
229 silly reify ]
230 silly reify mark retired [
230 silly reify   'C:\\Users\\jose\\Downloads\\sistema-colas-master\\sistema-colas-master\\node_modules\\@types\\d3-brush'
230 silly reify ]
231 silly reify mark retired [
231 silly reify   'C:\\Users\\jose\\Downloads\\sistema-colas-master\\sistema-colas-master\\node_modules\\@types\\d3-axis'
231 silly reify ]
232 silly reify mark retired [
232 silly reify   'C:\\Users\\jose\\Downloads\\sistema-colas-master\\sistema-colas-master\\node_modules\\@types\\d3-chord'
232 silly reify ]
233 silly reify mark retired [
233 silly reify   'C:\\Users\\jose\\Downloads\\sistema-colas-master\\sistema-colas-master\\node_modules\\@types\\d3-delaunay'
233 silly reify ]
234 silly reify mark retired [
234 silly reify   'C:\\Users\\jose\\Downloads\\sistema-colas-master\\sistema-colas-master\\node_modules\\@types\\d3-contour'
234 silly reify ]
235 silly reify mark retired [
235 silly reify   'C:\\Users\\jose\\Downloads\\sistema-colas-master\\sistema-colas-master\\node_modules\\@types\\d3-dispatch'
235 silly reify ]
236 silly reify mark retired [
236 silly reify   'C:\\Users\\jose\\Downloads\\sistema-colas-master\\sistema-colas-master\\node_modules\\@types\\d3-collection'
236 silly reify ]
237 silly reify mark retired [
237 silly reify   'C:\\Users\\jose\\Downloads\\sistema-colas-master\\sistema-colas-master\\node_modules\\@types\\d3-drag'
237 silly reify ]
238 silly reify mark retired [
238 silly reify   'C:\\Users\\jose\\Downloads\\sistema-colas-master\\sistema-colas-master\\node_modules\\@types\\d3-fetch'
238 silly reify ]
239 silly reify mark retired [
239 silly reify   'C:\\Users\\jose\\Downloads\\sistema-colas-master\\sistema-colas-master\\node_modules\\@types\\d3-dsv'
239 silly reify ]
240 silly reify mark retired [
240 silly reify   'C:\\Users\\jose\\Downloads\\sistema-colas-master\\sistema-colas-master\\node_modules\\@types\\d3-force'
240 silly reify ]
241 silly reify mark retired [
241 silly reify   'C:\\Users\\jose\\Downloads\\sistema-colas-master\\sistema-colas-master\\node_modules\\@types\\d3-hierarchy'
241 silly reify ]
242 silly reify mark retired [
242 silly reify   'C:\\Users\\jose\\Downloads\\sistema-colas-master\\sistema-colas-master\\node_modules\\@types\\d3-format'
242 silly reify ]
243 silly reify mark retired [
243 silly reify   'C:\\Users\\jose\\Downloads\\sistema-colas-master\\sistema-colas-master\\node_modules\\@types\\d3-polygon'
243 silly reify ]
244 silly reify mark retired [
244 silly reify   'C:\\Users\\jose\\Downloads\\sistema-colas-master\\sistema-colas-master\\node_modules\\@types\\d3-sankey'
244 silly reify ]
245 silly reify mark retired [
245 silly reify   'C:\\Users\\jose\\Downloads\\sistema-colas-master\\sistema-colas-master\\node_modules\\@types\\d3-random'
245 silly reify ]
246 silly reify mark retired [
246 silly reify   'C:\\Users\\jose\\Downloads\\sistema-colas-master\\sistema-colas-master\\node_modules\\@types\\d3-quadtree'
246 silly reify ]
247 silly reify mark retired [
247 silly reify   'C:\\Users\\jose\\Downloads\\sistema-colas-master\\sistema-colas-master\\node_modules\\@types\\d3-geo'
247 silly reify ]
248 silly reify mark retired [
248 silly reify   'C:\\Users\\jose\\Downloads\\sistema-colas-master\\sistema-colas-master\\node_modules\\@types\\d3-scale-chromatic'
248 silly reify ]
249 silly reify mark retired [
249 silly reify   'C:\\Users\\jose\\Downloads\\sistema-colas-master\\sistema-colas-master\\node_modules\\@types\\d3-shape'
249 silly reify ]
250 silly reify mark retired [
250 silly reify   'C:\\Users\\jose\\Downloads\\sistema-colas-master\\sistema-colas-master\\node_modules\\@types\\d3-selection'
250 silly reify ]
251 silly reify mark retired [
251 silly reify   'C:\\Users\\jose\\Downloads\\sistema-colas-master\\sistema-colas-master\\node_modules\\@types\\d3-zoom'
251 silly reify ]
252 silly reify mark retired [
252 silly reify   'C:\\Users\\jose\\Downloads\\sistema-colas-master\\sistema-colas-master\\node_modules\\@types\\d3-transition'
252 silly reify ]
253 silly reify mark retired [
253 silly reify   'C:\\Users\\jose\\Downloads\\sistema-colas-master\\sistema-colas-master\\node_modules\\@types\\d3-time-format'
253 silly reify ]
254 silly reify mark retired [
254 silly reify   'C:\\Users\\jose\\Downloads\\sistema-colas-master\\sistema-colas-master\\node_modules\\@types\\dagre'
254 silly reify ]
255 silly reify mark retired [
255 silly reify   'C:\\Users\\jose\\Downloads\\sistema-colas-master\\sistema-colas-master\\node_modules\\@types\\geojson'
255 silly reify ]
256 silly reify mark retired [
256 silly reify   'C:\\Users\\jose\\Downloads\\sistema-colas-master\\sistema-colas-master\\node_modules\\@types\\leaflet'
256 silly reify ]
257 silly reify mark retired [
257 silly reify   'C:\\Users\\jose\\Downloads\\sistema-colas-master\\sistema-colas-master\\node_modules\\@types\\lodash'
257 silly reify ]
258 silly reify mark retired [
258 silly reify   'C:\\Users\\jose\\Downloads\\sistema-colas-master\\sistema-colas-master\\node_modules\\@types\\lodash-es'
258 silly reify ]
259 silly reify mark retired [
259 silly reify   'C:\\Users\\jose\\Downloads\\sistema-colas-master\\sistema-colas-master\\node_modules\\@types\\mapbox__point-geometry'
259 silly reify ]
260 silly reify mark retired [
260 silly reify   'C:\\Users\\jose\\Downloads\\sistema-colas-master\\sistema-colas-master\\node_modules\\@types\\mapbox__vector-tile'
260 silly reify ]
261 silly reify mark retired [
261 silly reify   'C:\\Users\\jose\\Downloads\\sistema-colas-master\\sistema-colas-master\\node_modules\\@types\\node'
261 silly reify ]
262 silly reify mark retired [
262 silly reify   'C:\\Users\\jose\\Downloads\\sistema-colas-master\\sistema-colas-master\\node_modules\\@types\\parse-json'
262 silly reify ]
263 silly reify mark retired [
263 silly reify   'C:\\Users\\jose\\Downloads\\sistema-colas-master\\sistema-colas-master\\node_modules\\@types\\three'
263 silly reify ]
264 silly reify mark retired [
264 silly reify   'C:\\Users\\jose\\Downloads\\sistema-colas-master\\sistema-colas-master\\node_modules\\@types\\pbf'
264 silly reify ]
265 silly reify mark retired [
265 silly reify   'C:\\Users\\jose\\Downloads\\sistema-colas-master\\sistema-colas-master\\node_modules\\@types\\topojson-client'
265 silly reify ]
266 silly reify mark retired [
266 silly reify   'C:\\Users\\jose\\Downloads\\sistema-colas-master\\sistema-colas-master\\node_modules\\@types\\throttle-debounce'
266 silly reify ]
267 silly reify mark retired [
267 silly reify   'C:\\Users\\jose\\Downloads\\sistema-colas-master\\sistema-colas-master\\node_modules\\@types\\topojson-simplify'
267 silly reify ]
268 silly reify mark retired [
268 silly reify   'C:\\Users\\jose\\Downloads\\sistema-colas-master\\sistema-colas-master\\node_modules\\@types\\topojson'
268 silly reify ]
269 silly reify mark retired [
269 silly reify   'C:\\Users\\jose\\Downloads\\sistema-colas-master\\sistema-colas-master\\node_modules\\@types\\topojson-server'
269 silly reify ]
270 silly reify mark retired [
270 silly reify   'C:\\Users\\jose\\Downloads\\sistema-colas-master\\sistema-colas-master\\node_modules\\@types\\supercluster'
270 silly reify ]
271 silly reify mark retired [
271 silly reify   'C:\\Users\\jose\\Downloads\\sistema-colas-master\\sistema-colas-master\\node_modules\\@typescript-eslint\\eslint-plugin'
271 silly reify ]
272 silly reify mark retired [
272 silly reify   'C:\\Users\\jose\\Downloads\\sistema-colas-master\\sistema-colas-master\\node_modules\\@types\\topojson-specification'
272 silly reify ]
273 silly reify mark retired [
273 silly reify   'C:\\Users\\jose\\Downloads\\sistema-colas-master\\sistema-colas-master\\node_modules\\@typescript-eslint\\parser'
273 silly reify ]
274 silly reify mark retired [
274 silly reify   'C:\\Users\\jose\\Downloads\\sistema-colas-master\\sistema-colas-master\\node_modules\\@typescript-eslint\\project-service'
274 silly reify ]
275 silly reify mark retired [
275 silly reify   'C:\\Users\\jose\\Downloads\\sistema-colas-master\\sistema-colas-master\\node_modules\\@types\\web-bluetooth'
275 silly reify ]
276 silly reify mark retired [
276 silly reify   'C:\\Users\\jose\\Downloads\\sistema-colas-master\\sistema-colas-master\\node_modules\\@typescript-eslint\\type-utils'
276 silly reify ]
277 silly reify mark retired [
277 silly reify   'C:\\Users\\jose\\Downloads\\sistema-colas-master\\sistema-colas-master\\node_modules\\@typescript-eslint\\tsconfig-utils'
277 silly reify ]
278 silly reify mark retired [
278 silly reify   'C:\\Users\\jose\\Downloads\\sistema-colas-master\\sistema-colas-master\\node_modules\\@typescript-eslint\\scope-manager'
278 silly reify ]
279 silly reify mark retired [
279 silly reify   'C:\\Users\\jose\\Downloads\\sistema-colas-master\\sistema-colas-master\\node_modules\\@typescript-eslint\\types'
279 silly reify ]
280 silly reify mark retired [
280 silly reify   'C:\\Users\\jose\\Downloads\\sistema-colas-master\\sistema-colas-master\\node_modules\\@typescript-eslint\\utils'
280 silly reify ]
281 silly reify mark retired [
281 silly reify   'C:\\Users\\jose\\Downloads\\sistema-colas-master\\sistema-colas-master\\node_modules\\@unovis\\graphlibrary'
281 silly reify ]
282 silly reify mark retired [
282 silly reify   'C:\\Users\\jose\\Downloads\\sistema-colas-master\\sistema-colas-master\\node_modules\\@typescript-eslint\\typescript-estree'
282 silly reify ]
283 silly reify mark retired [
283 silly reify   'C:\\Users\\jose\\Downloads\\sistema-colas-master\\sistema-colas-master\\node_modules\\@unovis\\dagre-layout'
283 silly reify ]
284 silly reify mark retired [
284 silly reify   'C:\\Users\\jose\\Downloads\\sistema-colas-master\\sistema-colas-master\\node_modules\\@vitejs\\plugin-vue'
284 silly reify ]
285 silly reify mark retired [
285 silly reify   'C:\\Users\\jose\\Downloads\\sistema-colas-master\\sistema-colas-master\\node_modules\\@unovis\\ts'
285 silly reify ]
286 silly reify mark retired [
286 silly reify   'C:\\Users\\jose\\Downloads\\sistema-colas-master\\sistema-colas-master\\node_modules\\@volar\\language-core'
286 silly reify ]
287 silly reify mark retired [
287 silly reify   'C:\\Users\\jose\\Downloads\\sistema-colas-master\\sistema-colas-master\\node_modules\\@volar\\source-map'
287 silly reify ]
288 silly reify mark retired [
288 silly reify   'C:\\Users\\jose\\Downloads\\sistema-colas-master\\sistema-colas-master\\node_modules\\@vue\\compiler-core'
288 silly reify ]
289 silly reify mark retired [
289 silly reify   'C:\\Users\\jose\\Downloads\\sistema-colas-master\\sistema-colas-master\\node_modules\\@unovis\\vue'
289 silly reify ]
290 silly reify mark retired [
290 silly reify   'C:\\Users\\jose\\Downloads\\sistema-colas-master\\sistema-colas-master\\node_modules\\@typescript-eslint\\visitor-keys'
290 silly reify ]
291 silly reify mark retired [
291 silly reify   'C:\\Users\\jose\\Downloads\\sistema-colas-master\\sistema-colas-master\\node_modules\\@vue\\compiler-ssr'
291 silly reify ]
292 silly reify mark retired [
292 silly reify   'C:\\Users\\jose\\Downloads\\sistema-colas-master\\sistema-colas-master\\node_modules\\@volar\\typescript'
292 silly reify ]
293 silly reify mark retired [
293 silly reify   'C:\\Users\\jose\\Downloads\\sistema-colas-master\\sistema-colas-master\\node_modules\\@vue\\compiler-sfc'
293 silly reify ]
294 silly reify mark retired [
294 silly reify   'C:\\Users\\jose\\Downloads\\sistema-colas-master\\sistema-colas-master\\node_modules\\@vue\\compiler-dom'
294 silly reify ]
295 silly reify mark retired [
295 silly reify   'C:\\Users\\jose\\Downloads\\sistema-colas-master\\sistema-colas-master\\node_modules\\@vue\\compiler-vue2'
295 silly reify ]
296 silly reify mark retired [
296 silly reify   'C:\\Users\\jose\\Downloads\\sistema-colas-master\\sistema-colas-master\\node_modules\\@vue\\eslint-config-typescript'
296 silly reify ]
297 silly reify mark retired [
297 silly reify   'C:\\Users\\jose\\Downloads\\sistema-colas-master\\sistema-colas-master\\node_modules\\@vue\\reactivity'
297 silly reify ]
298 silly reify mark retired [
298 silly reify   'C:\\Users\\jose\\Downloads\\sistema-colas-master\\sistema-colas-master\\node_modules\\@vue\\language-core'
298 silly reify ]
299 silly reify mark retired [
299 silly reify   'C:\\Users\\jose\\Downloads\\sistema-colas-master\\sistema-colas-master\\node_modules\\@vue\\shared'
299 silly reify ]
300 silly reify mark retired [
300 silly reify   'C:\\Users\\jose\\Downloads\\sistema-colas-master\\sistema-colas-master\\node_modules\\@vueuse\\core'
300 silly reify ]
301 silly reify mark retired [
301 silly reify   'C:\\Users\\jose\\Downloads\\sistema-colas-master\\sistema-colas-master\\node_modules\\@vue\\server-renderer'
301 silly reify ]
302 silly reify mark retired [
302 silly reify   'C:\\Users\\jose\\Downloads\\sistema-colas-master\\sistema-colas-master\\node_modules\\@vueuse\\shared'
302 silly reify ]
303 silly reify mark retired [
303 silly reify   'C:\\Users\\jose\\Downloads\\sistema-colas-master\\sistema-colas-master\\node_modules\\@vue\\runtime-core'
303 silly reify ]
304 silly reify mark retired [
304 silly reify   'C:\\Users\\jose\\Downloads\\sistema-colas-master\\sistema-colas-master\\node_modules\\@vueuse\\metadata'
304 silly reify ]
305 silly reify mark retired [
305 silly reify   'C:\\Users\\jose\\Downloads\\sistema-colas-master\\sistema-colas-master\\node_modules\\@vue\\runtime-dom'
305 silly reify ]
306 silly reify moves {
306 silly reify   'C:\\Users\\jose\\Downloads\\sistema-colas-master\\sistema-colas-master\\node_modules\\acorn': 'C:\\Users\\jose\\Downloads\\sistema-colas-master\\sistema-colas-master\\node_modules\\.acorn-K5x68xjM',
306 silly reify   'C:\\Users\\jose\\Downloads\\sistema-colas-master\\sistema-colas-master\\node_modules\\alien-signals': 'C:\\Users\\jose\\Downloads\\sistema-colas-master\\sistema-colas-master\\node_modules\\.alien-signals-mkZFOteH',
306 silly reify   'C:\\Users\\jose\\Downloads\\sistema-colas-master\\sistema-colas-master\\node_modules\\aria-hidden': 'C:\\Users\\jose\\Downloads\\sistema-colas-master\\sistema-colas-master\\node_modules\\.aria-hidden-Xj2pMG56',
306 silly reify   'C:\\Users\\jose\\Downloads\\sistema-colas-master\\sistema-colas-master\\node_modules\\babel-plugin-macros': 'C:\\Users\\jose\\Downloads\\sistema-colas-master\\sistema-colas-master\\node_modules\\.babel-plugin-macros-AyQCXL4k',
306 silly reify   'C:\\Users\\jose\\Downloads\\sistema-colas-master\\sistema-colas-master\\node_modules\\class-variance-authority': 'C:\\Users\\jose\\Downloads\\sistema-colas-master\\sistema-colas-master\\node_modules\\.class-variance-authority-cdw4vwbo',
306 silly reify   'C:\\Users\\jose\\Downloads\\sistema-colas-master\\sistema-colas-master\\node_modules\\concurrently': 'C:\\Users\\jose\\Downloads\\sistema-colas-master\\sistema-colas-master\\node_modules\\.concurrently-Nq2gqlSr',
306 silly reify   'C:\\Users\\jose\\Downloads\\sistema-colas-master\\sistema-colas-master\\node_modules\\csscolorparser': 'C:\\Users\\jose\\Downloads\\sistema-colas-master\\sistema-colas-master\\node_modules\\.csscolorparser-mNv0HwOe',
306 silly reify   'C:\\Users\\jose\\Downloads\\sistema-colas-master\\sistema-colas-master\\node_modules\\d3': 'C:\\Users\\jose\\Downloads\\sistema-colas-master\\sistema-colas-master\\node_modules\\.d3-F0L0ObfT',
306 silly reify   'C:\\Users\\jose\\Downloads\\sistema-colas-master\\sistema-colas-master\\node_modules\\d3-axis': 'C:\\Users\\jose\\Downloads\\sistema-colas-master\\sistema-colas-master\\node_modules\\.d3-axis-hY7Meva6',
306 silly reify   'C:\\Users\\jose\\Downloads\\sistema-colas-master\\sistema-colas-master\\node_modules\\d3-brush': 'C:\\Users\\jose\\Downloads\\sistema-colas-master\\sistema-colas-master\\node_modules\\.d3-brush-qjFZ4V05',
306 silly reify   'C:\\Users\\jose\\Downloads\\sistema-colas-master\\sistema-colas-master\\node_modules\\d3-chord': 'C:\\Users\\jose\\Downloads\\sistema-colas-master\\sistema-colas-master\\node_modules\\.d3-chord-9pedJgLs',
306 silly reify   'C:\\Users\\jose\\Downloads\\sistema-colas-master\\sistema-colas-master\\node_modules\\d3-collection': 'C:\\Users\\jose\\Downloads\\sistema-colas-master\\sistema-colas-master\\node_modules\\.d3-collection-oRZxQxRu',
306 silly reify   'C:\\Users\\jose\\Downloads\\sistema-colas-master\\sistema-colas-master\\node_modules\\d3-contour': 'C:\\Users\\jose\\Downloads\\sistema-colas-master\\sistema-colas-master\\node_modules\\.d3-contour-cqbAjcV9',
306 silly reify   'C:\\Users\\jose\\Downloads\\sistema-colas-master\\sistema-colas-master\\node_modules\\d3-delaunay': 'C:\\Users\\jose\\Downloads\\sistema-colas-master\\sistema-colas-master\\node_modules\\.d3-delaunay-8tKXrpO0',
306 silly reify   'C:\\Users\\jose\\Downloads\\sistema-colas-master\\sistema-colas-master\\node_modules\\d3-dispatch': 'C:\\Users\\jose\\Downloads\\sistema-colas-master\\sistema-colas-master\\node_modules\\.d3-dispatch-2p4HFeWV',
306 silly reify   'C:\\Users\\jose\\Downloads\\sistema-colas-master\\sistema-colas-master\\node_modules\\d3-drag': 'C:\\Users\\jose\\Downloads\\sistema-colas-master\\sistema-colas-master\\node_modules\\.d3-drag-3zRyE7Af',
306 silly reify   'C:\\Users\\jose\\Downloads\\sistema-colas-master\\sistema-colas-master\\node_modules\\d3-dsv': 'C:\\Users\\jose\\Downloads\\sistema-colas-master\\sistema-colas-master\\node_modules\\.d3-dsv-cjQcL7Ff',
306 silly reify   'C:\\Users\\jose\\Downloads\\sistema-colas-master\\sistema-colas-master\\node_modules\\d3-fetch': 'C:\\Users\\jose\\Downloads\\sistema-colas-master\\sistema-colas-master\\node_modules\\.d3-fetch-P5ArSSxh',
306 silly reify   'C:\\Users\\jose\\Downloads\\sistema-colas-master\\sistema-colas-master\\node_modules\\d3-force': 'C:\\Users\\jose\\Downloads\\sistema-colas-master\\sistema-colas-master\\node_modules\\.d3-force-ut52O0sq',
306 silly reify   'C:\\Users\\jose\\Downloads\\sistema-colas-master\\sistema-colas-master\\node_modules\\d3-format': 'C:\\Users\\jose\\Downloads\\sistema-colas-master\\sistema-colas-master\\node_modules\\.d3-format-XswtGum0',
306 silly reify   'C:\\Users\\jose\\Downloads\\sistema-colas-master\\sistema-colas-master\\node_modules\\d3-geo': 'C:\\Users\\jose\\Downloads\\sistema-colas-master\\sistema-colas-master\\node_modules\\.d3-geo-IZBTN0jq',
306 silly reify   'C:\\Users\\jose\\Downloads\\sistema-colas-master\\sistema-colas-master\\node_modules\\cosmiconfig': 'C:\\Users\\jose\\Downloads\\sistema-colas-master\\sistema-colas-master\\node_modules\\.cosmiconfig-65MY491S',
306 silly reify   'C:\\Users\\jose\\Downloads\\sistema-colas-master\\sistema-colas-master\\node_modules\\cssesc': 'C:\\Users\\jose\\Downloads\\sistema-colas-master\\sistema-colas-master\\node_modules\\.cssesc-fDOC9pWt',
306 silly reify   'C:\\Users\\jose\\Downloads\\sistema-colas-master\\sistema-colas-master\\node_modules\\d3-hierarchy': 'C:\\Users\\jose\\Downloads\\sistema-colas-master\\sistema-colas-master\\node_modules\\.d3-hierarchy-ZHfzJIau',
306 silly reify   'C:\\Users\\jose\\Downloads\\sistema-colas-master\\sistema-colas-master\\node_modules\\d3-geo-projection': 'C:\\Users\\jose\\Downloads\\sistema-colas-master\\sistema-colas-master\\node_modules\\.d3-geo-projection-9cmcNSMD',
306 silly reify   'C:\\Users\\jose\\Downloads\\sistema-colas-master\\sistema-colas-master\\node_modules\\d3-interpolate-path': 'C:\\Users\\jose\\Downloads\\sistema-colas-master\\sistema-colas-master\\node_modules\\.d3-interpolate-path-C8IH6nxU',
306 silly reify   'C:\\Users\\jose\\Downloads\\sistema-colas-master\\sistema-colas-master\\node_modules\\d3-polygon': 'C:\\Users\\jose\\Downloads\\sistema-colas-master\\sistema-colas-master\\node_modules\\.d3-polygon-8ckNxN8k',
306 silly reify   'C:\\Users\\jose\\Downloads\\sistema-colas-master\\sistema-colas-master\\node_modules\\d3-quadtree': 'C:\\Users\\jose\\Downloads\\sistema-colas-master\\sistema-colas-master\\node_modules\\.d3-quadtree-HGexqpsb',
306 silly reify   'C:\\Users\\jose\\Downloads\\sistema-colas-master\\sistema-colas-master\\node_modules\\d3-random': 'C:\\Users\\jose\\Downloads\\sistema-colas-master\\sistema-colas-master\\node_modules\\.d3-random-UzEXk6YT',
306 silly reify   'C:\\Users\\jose\\Downloads\\sistema-colas-master\\sistema-colas-master\\node_modules\\d3-scale-chromatic': 'C:\\Users\\jose\\Downloads\\sistema-colas-master\\sistema-colas-master\\node_modules\\.d3-scale-chromatic-VkAf1UrH',
306 silly reify   'C:\\Users\\jose\\Downloads\\sistema-colas-master\\sistema-colas-master\\node_modules\\d3-selection': 'C:\\Users\\jose\\Downloads\\sistema-colas-master\\sistema-colas-master\\node_modules\\.d3-selection-No7EN88o',
306 silly reify   'C:\\Users\\jose\\Downloads\\sistema-colas-master\\sistema-colas-master\\node_modules\\d3-sankey': 'C:\\Users\\jose\\Downloads\\sistema-colas-master\\sistema-colas-master\\node_modules\\.d3-sankey-e3IuPbAM',
306 silly reify   'C:\\Users\\jose\\Downloads\\sistema-colas-master\\sistema-colas-master\\node_modules\\d3-transition': 'C:\\Users\\jose\\Downloads\\sistema-colas-master\\sistema-colas-master\\node_modules\\.d3-transition-TZdh9v8J',
306 silly reify   'C:\\Users\\jose\\Downloads\\sistema-colas-master\\sistema-colas-master\\node_modules\\d3-zoom': 'C:\\Users\\jose\\Downloads\\sistema-colas-master\\sistema-colas-master\\node_modules\\.d3-zoom-xL0EPSUm',
306 silly reify   'C:\\Users\\jose\\Downloads\\sistema-colas-master\\sistema-colas-master\\node_modules\\date-fns': 'C:\\Users\\jose\\Downloads\\sistema-colas-master\\sistema-colas-master\\node_modules\\.date-fns-Dlc2XJ1Y',
306 silly reify   'C:\\Users\\jose\\Downloads\\sistema-colas-master\\sistema-colas-master\\node_modules\\de-indent': 'C:\\Users\\jose\\Downloads\\sistema-colas-master\\sistema-colas-master\\node_modules\\.de-indent-duZVcyLv',
306 silly reify   'C:\\Users\\jose\\Downloads\\sistema-colas-master\\sistema-colas-master\\node_modules\\delaunator': 'C:\\Users\\jose\\Downloads\\sistema-colas-master\\sistema-colas-master\\node_modules\\.delaunator-6rVuA1YU',
306 silly reify   'C:\\Users\\jose\\Downloads\\sistema-colas-master\\sistema-colas-master\\node_modules\\elkjs': 'C:\\Users\\jose\\Downloads\\sistema-colas-master\\sistema-colas-master\\node_modules\\.elkjs-Gm8139VV',
306 silly reify   'C:\\Users\\jose\\Downloads\\sistema-colas-master\\sistema-colas-master\\node_modules\\earcut': 'C:\\Users\\jose\\Downloads\\sistema-colas-master\\sistema-colas-master\\node_modules\\.earcut-52uYv5et',
306 silly reify   'C:\\Users\\jose\\Downloads\\sistema-colas-master\\sistema-colas-master\\node_modules\\engine.io-client': 'C:\\Users\\jose\\Downloads\\sistema-colas-master\\sistema-colas-master\\node_modules\\.engine.io-client-IT3n9x8W',
306 silly reify   'C:\\Users\\jose\\Downloads\\sistema-colas-master\\sistema-colas-master\\node_modules\\eslint': 'C:\\Users\\jose\\Downloads\\sistema-colas-master\\sistema-colas-master\\node_modules\\.eslint-awGmkKbj',
306 silly reify   'C:\\Users\\jose\\Downloads\\sistema-colas-master\\sistema-colas-master\\node_modules\\eslint-config-prettier': 'C:\\Users\\jose\\Downloads\\sistema-colas-master\\sistema-colas-master\\node_modules\\.eslint-config-prettier-J914KgaC',
306 silly reify   'C:\\Users\\jose\\Downloads\\sistema-colas-master\\sistema-colas-master\\node_modules\\eslint-plugin-vue': 'C:\\Users\\jose\\Downloads\\sistema-colas-master\\sistema-colas-master\\node_modules\\.eslint-plugin-vue-T5lu1gBD',
306 silly reify   'C:\\Users\\jose\\Downloads\\sistema-colas-master\\sistema-colas-master\\node_modules\\esbuild': 'C:\\Users\\jose\\Downloads\\sistema-colas-master\\sistema-colas-master\\node_modules\\.esbuild-oryhfwH9',
306 silly reify   'C:\\Users\\jose\\Downloads\\sistema-colas-master\\sistema-colas-master\\node_modules\\find-root': 'C:\\Users\\jose\\Downloads\\sistema-colas-master\\sistema-colas-master\\node_modules\\.find-root-ZGShaq8l',
306 silly reify   'C:\\Users\\jose\\Downloads\\sistema-colas-master\\sistema-colas-master\\node_modules\\fsevents': 'C:\\Users\\jose\\Downloads\\sistema-colas-master\\sistema-colas-master\\node_modules\\.fsevents-4avdKsW0',
306 silly reify   'C:\\Users\\jose\\Downloads\\sistema-colas-master\\sistema-colas-master\\node_modules\\geojson': 'C:\\Users\\jose\\Downloads\\sistema-colas-master\\sistema-colas-master\\node_modules\\.geojson-IKj8fP4t',
306 silly reify   'C:\\Users\\jose\\Downloads\\sistema-colas-master\\sistema-colas-master\\node_modules\\geojson-vt': 'C:\\Users\\jose\\Downloads\\sistema-colas-master\\sistema-colas-master\\node_modules\\.geojson-vt-V7pAfCQU',
306 silly reify   'C:\\Users\\jose\\Downloads\\sistema-colas-master\\sistema-colas-master\\node_modules\\gl-matrix': 'C:\\Users\\jose\\Downloads\\sistema-colas-master\\sistema-colas-master\\node_modules\\.gl-matrix-xSi2VLCB',
306 silly reify   'C:\\Users\\jose\\Downloads\\sistema-colas-master\\sistema-colas-master\\node_modules\\global-prefix': 'C:\\Users\\jose\\Downloads\\sistema-colas-master\\sistema-colas-master\\node_modules\\.global-prefix-ZIdFche3',
306 silly reify   'C:\\Users\\jose\\Downloads\\sistema-colas-master\\sistema-colas-master\\node_modules\\he': 'C:\\Users\\jose\\Downloads\\sistema-colas-master\\sistema-colas-master\\node_modules\\.he-NHj7uvrM',
306 silly reify   'C:\\Users\\jose\\Downloads\\sistema-colas-master\\sistema-colas-master\\node_modules\\jiti': 'C:\\Users\\jose\\Downloads\\sistema-colas-master\\sistema-colas-master\\node_modules\\.jiti-7FgcsbtJ',
306 silly reify   'C:\\Users\\jose\\Downloads\\sistema-colas-master\\sistema-colas-master\\node_modules\\js-yaml': 'C:\\Users\\jose\\Downloads\\sistema-colas-master\\sistema-colas-master\\node_modules\\.js-yaml-oQLEjFJN',
306 silly reify   'C:\\Users\\jose\\Downloads\\sistema-colas-master\\sistema-colas-master\\node_modules\\jsesc': 'C:\\Users\\jose\\Downloads\\sistema-colas-master\\sistema-colas-master\\node_modules\\.jsesc-4hzdR1p9',
306 silly reify   'C:\\Users\\jose\\Downloads\\sistema-colas-master\\sistema-colas-master\\node_modules\\kdbush': 'C:\\Users\\jose\\Downloads\\sistema-colas-master\\sistema-colas-master\\node_modules\\.kdbush-vdnQvitx',
306 silly reify   'C:\\Users\\jose\\Downloads\\sistema-colas-master\\sistema-colas-master\\node_modules\\laravel-echo': 'C:\\Users\\jose\\Downloads\\sistema-colas-master\\sistema-colas-master\\node_modules\\.laravel-echo-fgeLJzzC',
306 silly reify   'C:\\Users\\jose\\Downloads\\sistema-colas-master\\sistema-colas-master\\node_modules\\laravel-vite-plugin': 'C:\\Users\\jose\\Downloads\\sistema-colas-master\\sistema-colas-master\\node_modules\\.laravel-vite-plugin-FoWbZUG2',
306 silly reify   'C:\\Users\\jose\\Downloads\\sistema-colas-master\\sistema-colas-master\\node_modules\\lightningcss': 'C:\\Users\\jose\\Downloads\\sistema-colas-master\\sistema-colas-master\\node_modules\\.lightningcss-PvDTsWtz',
306 silly reify   'C:\\Users\\jose\\Downloads\\sistema-colas-master\\sistema-colas-master\\node_modules\\leaflet': 'C:\\Users\\jose\\Downloads\\sistema-colas-master\\sistema-colas-master\\node_modules\\.leaflet-Sw1ldW0s',
306 silly reify   'C:\\Users\\jose\\Downloads\\sistema-colas-master\\sistema-colas-master\\node_modules\\lightningcss-android-arm64': 'C:\\Users\\jose\\Downloads\\sistema-colas-master\\sistema-colas-master\\node_modules\\.lightningcss-android-arm64-nkeTUviU',
306 silly reify   'C:\\Users\\jose\\Downloads\\sistema-colas-master\\sistema-colas-master\\node_modules\\lightningcss-darwin-arm64': 'C:\\Users\\jose\\Downloads\\sistema-colas-master\\sistema-colas-master\\node_modules\\.lightningcss-darwin-arm64-0mfnagPL',
306 silly reify   'C:\\Users\\jose\\Downloads\\sistema-colas-master\\sistema-colas-master\\node_modules\\lightningcss-freebsd-x64': 'C:\\Users\\jose\\Downloads\\sistema-colas-master\\sistema-colas-master\\node_modules\\.lightningcss-freebsd-x64-YfyVsX9X',
306 silly reify   'C:\\Users\\jose\\Downloads\\sistema-colas-master\\sistema-colas-master\\node_modules\\lightningcss-linux-arm64-gnu': 'C:\\Users\\jose\\Downloads\\sistema-colas-master\\sistema-colas-master\\node_modules\\.lightningcss-linux-arm64-gnu-34nWGKWU',
306 silly reify   'C:\\Users\\jose\\Downloads\\sistema-colas-master\\sistema-colas-master\\node_modules\\lightningcss-darwin-x64': 'C:\\Users\\jose\\Downloads\\sistema-colas-master\\sistema-colas-master\\node_modules\\.lightningcss-darwin-x64-qzQLSYIp',
306 silly reify   'C:\\Users\\jose\\Downloads\\sistema-colas-master\\sistema-colas-master\\node_modules\\lightningcss-linux-arm-gnueabihf': 'C:\\Users\\jose\\Downloads\\sistema-colas-master\\sistema-colas-master\\node_modules\\.lightningcss-linux-arm-gnueabihf-pOxYbDsT',
306 silly reify   'C:\\Users\\jose\\Downloads\\sistema-colas-master\\sistema-colas-master\\node_modules\\lightningcss-linux-arm64-musl': 'C:\\Users\\jose\\Downloads\\sistema-colas-master\\sistema-colas-master\\node_modules\\.lightningcss-linux-arm64-musl-HNKGxG2K',
306 silly reify   'C:\\Users\\jose\\Downloads\\sistema-colas-master\\sistema-colas-master\\node_modules\\lightningcss-linux-x64-gnu': 'C:\\Users\\jose\\Downloads\\sistema-colas-master\\sistema-colas-master\\node_modules\\.lightningcss-linux-x64-gnu-UJJaODt3',
306 silly reify   'C:\\Users\\jose\\Downloads\\sistema-colas-master\\sistema-colas-master\\node_modules\\lightningcss-linux-x64-musl': 'C:\\Users\\jose\\Downloads\\sistema-colas-master\\sistema-colas-master\\node_modules\\.lightningcss-linux-x64-musl-RXPcv1tz',
306 silly reify   'C:\\Users\\jose\\Downloads\\sistema-colas-master\\sistema-colas-master\\node_modules\\lightningcss-win32-arm64-msvc': 'C:\\Users\\jose\\Downloads\\sistema-colas-master\\sistema-colas-master\\node_modules\\.lightningcss-win32-arm64-msvc-W4mUP5YU',
306 silly reify   'C:\\Users\\jose\\Downloads\\sistema-colas-master\\sistema-colas-master\\node_modules\\lightningcss-win32-x64-msvc': 'C:\\Users\\jose\\Downloads\\sistema-colas-master\\sistema-colas-master\\node_modules\\.lightningcss-win32-x64-msvc-SD2L3RqJ',
306 silly reify   'C:\\Users\\jose\\Downloads\\sistema-colas-master\\sistema-colas-master\\node_modules\\lodash-es': 'C:\\Users\\jose\\Downloads\\sistema-colas-master\\sistema-colas-master\\node_modules\\.lodash-es-ESCfIIib',
306 silly reify   'C:\\Users\\jose\\Downloads\\sistema-colas-master\\sistema-colas-master\\node_modules\\lucide-vue-next': 'C:\\Users\\jose\\Downloads\\sistema-colas-master\\sistema-colas-master\\node_modules\\.lucide-vue-next-bHyLGGbn',
306 silly reify   'C:\\Users\\jose\\Downloads\\sistema-colas-master\\sistema-colas-master\\node_modules\\maplibre-gl': 'C:\\Users\\jose\\Downloads\\sistema-colas-master\\sistema-colas-master\\node_modules\\.maplibre-gl-j6JnSAxn',
306 silly reify   'C:\\Users\\jose\\Downloads\\sistema-colas-master\\sistema-colas-master\\node_modules\\murmurhash-js': 'C:\\Users\\jose\\Downloads\\sistema-colas-master\\sistema-colas-master\\node_modules\\.murmurhash-js-WYHVMBXh',
306 silly reify   'C:\\Users\\jose\\Downloads\\sistema-colas-master\\sistema-colas-master\\node_modules\\nanoid': 'C:\\Users\\jose\\Downloads\\sistema-colas-master\\sistema-colas-master\\node_modules\\.nanoid-feB52Ysa',
306 silly reify   'C:\\Users\\jose\\Downloads\\sistema-colas-master\\sistema-colas-master\\node_modules\\parse-unit': 'C:\\Users\\jose\\Downloads\\sistema-colas-master\\sistema-colas-master\\node_modules\\.parse-unit-1eLYEBDQ',
306 silly reify   'C:\\Users\\jose\\Downloads\\sistema-colas-master\\sistema-colas-master\\node_modules\\pbf': 'C:\\Users\\jose\\Downloads\\sistema-colas-master\\sistema-colas-master\\node_modules\\.pbf-zqzeUqGY',
306 silly reify   'C:\\Users\\jose\\Downloads\\sistema-colas-master\\sistema-colas-master\\node_modules\\prettier': 'C:\\Users\\jose\\Downloads\\sistema-colas-master\\sistema-colas-master\\node_modules\\.prettier-Bp8jk0gN',
306 silly reify   'C:\\Users\\jose\\Downloads\\sistema-colas-master\\sistema-colas-master\\node_modules\\potpack': 'C:\\Users\\jose\\Downloads\\sistema-colas-master\\sistema-colas-master\\node_modules\\.potpack-loh2wNEj',
306 silly reify   'C:\\Users\\jose\\Downloads\\sistema-colas-master\\sistema-colas-master\\node_modules\\prettier-plugin-organize-imports': 'C:\\Users\\jose\\Downloads\\sistema-colas-master\\sistema-colas-master\\node_modules\\.prettier-plugin-organize-imports-qSbHHPHp',
306 silly reify   'C:\\Users\\jose\\Downloads\\sistema-colas-master\\sistema-colas-master\\node_modules\\radix-vue': 'C:\\Users\\jose\\Downloads\\sistema-colas-master\\sistema-colas-master\\node_modules\\.radix-vue-HHW6gBy6',
306 silly reify   'C:\\Users\\jose\\Downloads\\sistema-colas-master\\sistema-colas-master\\node_modules\\protocol-buffers-schema': 'C:\\Users\\jose\\Downloads\\sistema-colas-master\\sistema-colas-master\\node_modules\\.protocol-buffers-schema-OCdv40Zw',
306 silly reify   'C:\\Users\\jose\\Downloads\\sistema-colas-master\\sistema-colas-master\\node_modules\\resolve': 'C:\\Users\\jose\\Downloads\\sistema-colas-master\\sistema-colas-master\\node_modules\\.resolve-6eCPNv9j',
306 silly reify   'C:\\Users\\jose\\Downloads\\sistema-colas-master\\sistema-colas-master\\node_modules\\pusher-js': 'C:\\Users\\jose\\Downloads\\sistema-colas-master\\sistema-colas-master\\node_modules\\.pusher-js-pT4B9OH5',
306 silly reify   'C:\\Users\\jose\\Downloads\\sistema-colas-master\\sistema-colas-master\\node_modules\\quickselect': 'C:\\Users\\jose\\Downloads\\sistema-colas-master\\sistema-colas-master\\node_modules\\.quickselect-4B09vmLV',
306 silly reify   'C:\\Users\\jose\\Downloads\\sistema-colas-master\\sistema-colas-master\\node_modules\\reka-ui': 'C:\\Users\\jose\\Downloads\\sistema-colas-master\\sistema-colas-master\\node_modules\\.reka-ui-oNODxk5A',
306 silly reify   'C:\\Users\\jose\\Downloads\\sistema-colas-master\\sistema-colas-master\\node_modules\\rollup': 'C:\\Users\\jose\\Downloads\\sistema-colas-master\\sistema-colas-master\\node_modules\\.rollup-b8Vf9NvT',
306 silly reify   'C:\\Users\\jose\\Downloads\\sistema-colas-master\\sistema-colas-master\\node_modules\\resolve-protobuf-schema': 'C:\\Users\\jose\\Downloads\\sistema-colas-master\\sistema-colas-master\\node_modules\\.resolve-protobuf-schema-acnGoDB7',
306 silly reify   'C:\\Users\\jose\\Downloads\\sistema-colas-master\\sistema-colas-master\\node_modules\\semver': 'C:\\Users\\jose\\Downloads\\sistema-colas-master\\sistema-colas-master\\node_modules\\.semver-9QuT1PE5',
306 silly reify   'C:\\Users\\jose\\Downloads\\sistema-colas-master\\sistema-colas-master\\node_modules\\robust-predicates': 'C:\\Users\\jose\\Downloads\\sistema-colas-master\\sistema-colas-master\\node_modules\\.robust-predicates-dyjvw0Hv',
306 silly reify   'C:\\Users\\jose\\Downloads\\sistema-colas-master\\sistema-colas-master\\node_modules\\rw': 'C:\\Users\\jose\\Downloads\\sistema-colas-master\\sistema-colas-master\\node_modules\\.rw-RG0eUDBI',
306 silly reify   'C:\\Users\\jose\\Downloads\\sistema-colas-master\\sistema-colas-master\\node_modules\\striptags': 'C:\\Users\\jose\\Downloads\\sistema-colas-master\\sistema-colas-master\\node_modules\\.striptags-mj2z20Nf',
306 silly reify   'C:\\Users\\jose\\Downloads\\sistema-colas-master\\sistema-colas-master\\node_modules\\socket.io-client': 'C:\\Users\\jose\\Downloads\\sistema-colas-master\\sistema-colas-master\\node_modules\\.socket.io-client-ZQkYC9tM',
306 silly reify   'C:\\Users\\jose\\Downloads\\sistema-colas-master\\sistema-colas-master\\node_modules\\stylis': 'C:\\Users\\jose\\Downloads\\sistema-colas-master\\sistema-colas-master\\node_modules\\.stylis-gEwYTr8x',
306 silly reify   'C:\\Users\\jose\\Downloads\\sistema-colas-master\\sistema-colas-master\\node_modules\\supercluster': 'C:\\Users\\jose\\Downloads\\sistema-colas-master\\sistema-colas-master\\node_modules\\.supercluster-yod3WYYa',
306 silly reify   'C:\\Users\\jose\\Downloads\\sistema-colas-master\\sistema-colas-master\\node_modules\\tailwind-merge': 'C:\\Users\\jose\\Downloads\\sistema-colas-master\\sistema-colas-master\\node_modules\\.tailwind-merge-SJDcNKzC',
306 silly reify   'C:\\Users\\jose\\Downloads\\sistema-colas-master\\sistema-colas-master\\node_modules\\tailwindcss': 'C:\\Users\\jose\\Downloads\\sistema-colas-master\\sistema-colas-master\\node_modules\\.tailwindcss-cKM6OtpS',
306 silly reify   'C:\\Users\\jose\\Downloads\\sistema-colas-master\\sistema-colas-master\\node_modules\\three': 'C:\\Users\\jose\\Downloads\\sistema-colas-master\\sistema-colas-master\\node_modules\\.three-5InX6rRt',
306 silly reify   'C:\\Users\\jose\\Downloads\\sistema-colas-master\\sistema-colas-master\\node_modules\\throttle-debounce': 'C:\\Users\\jose\\Downloads\\sistema-colas-master\\sistema-colas-master\\node_modules\\.throttle-debounce-YSSpLsKS',
306 silly reify   'C:\\Users\\jose\\Downloads\\sistema-colas-master\\sistema-colas-master\\node_modules\\tinyqueue': 'C:\\Users\\jose\\Downloads\\sistema-colas-master\\sistema-colas-master\\node_modules\\.tinyqueue-26HeBaVl',
306 silly reify   'C:\\Users\\jose\\Downloads\\sistema-colas-master\\sistema-colas-master\\node_modules\\to-px': 'C:\\Users\\jose\\Downloads\\sistema-colas-master\\sistema-colas-master\\node_modules\\.to-px-9NJQgtSK',
306 silly reify   'C:\\Users\\jose\\Downloads\\sistema-colas-master\\sistema-colas-master\\node_modules\\tree-kill': 'C:\\Users\\jose\\Downloads\\sistema-colas-master\\sistema-colas-master\\node_modules\\.tree-kill-kGVG1qQM',
306 silly reify   'C:\\Users\\jose\\Downloads\\sistema-colas-master\\sistema-colas-master\\node_modules\\topojson-client': 'C:\\Users\\jose\\Downloads\\sistema-colas-master\\sistema-colas-master\\node_modules\\.topojson-client-GdV1T5Hv',
306 silly reify   'C:\\Users\\jose\\Downloads\\sistema-colas-master\\sistema-colas-master\\node_modules\\typescript': 'C:\\Users\\jose\\Downloads\\sistema-colas-master\\sistema-colas-master\\node_modules\\.typescript-XXviA6yd',
306 silly reify   'C:\\Users\\jose\\Downloads\\sistema-colas-master\\sistema-colas-master\\node_modules\\ts-api-utils': 'C:\\Users\\jose\\Downloads\\sistema-colas-master\\sistema-colas-master\\node_modules\\.ts-api-utils-jGw15XZt',
306 silly reify   'C:\\Users\\jose\\Downloads\\sistema-colas-master\\sistema-colas-master\\node_modules\\tw-animate-css': 'C:\\Users\\jose\\Downloads\\sistema-colas-master\\sistema-colas-master\\node_modules\\.tw-animate-css-Nmeqbni4',
306 silly reify   'C:\\Users\\jose\\Downloads\\sistema-colas-master\\sistema-colas-master\\node_modules\\tweetnacl': 'C:\\Users\\jose\\Downloads\\sistema-colas-master\\sistema-colas-master\\node_modules\\.tweetnacl-DTTJt9ix',
306 silly reify   'C:\\Users\\jose\\Downloads\\sistema-colas-master\\sistema-colas-master\\node_modules\\typescript-eslint': 'C:\\Users\\jose\\Downloads\\sistema-colas-master\\sistema-colas-master\\node_modules\\.typescript-eslint-SwZb1elg',
306 silly reify   'C:\\Users\\jose\\Downloads\\sistema-colas-master\\sistema-colas-master\\node_modules\\vite': 'C:\\Users\\jose\\Downloads\\sistema-colas-master\\sistema-colas-master\\node_modules\\.vite-adkzG4pN',
306 silly reify   'C:\\Users\\jose\\Downloads\\sistema-colas-master\\sistema-colas-master\\node_modules\\vt-pbf': 'C:\\Users\\jose\\Downloads\\sistema-colas-master\\sistema-colas-master\\node_modules\\.vt-pbf-IhDruJ4P',
306 silly reify   'C:\\Users\\jose\\Downloads\\sistema-colas-master\\sistema-colas-master\\node_modules\\vue': 'C:\\Users\\jose\\Downloads\\sistema-colas-master\\sistema-colas-master\\node_modules\\.vue-aLitX0w6',
306 silly reify   'C:\\Users\\jose\\Downloads\\sistema-colas-master\\sistema-colas-master\\node_modules\\vue-input-otp': 'C:\\Users\\jose\\Downloads\\sistema-colas-master\\sistema-colas-master\\node_modules\\.vue-input-otp-6yS6mMxT',
306 silly reify   'C:\\Users\\jose\\Downloads\\sistema-colas-master\\sistema-colas-master\\node_modules\\vue-tsc': 'C:\\Users\\jose\\Downloads\\sistema-colas-master\\sistema-colas-master\\node_modules\\.vue-tsc-mHpzPQNn',
306 silly reify   'C:\\Users\\jose\\Downloads\\sistema-colas-master\\sistema-colas-master\\node_modules\\which': 'C:\\Users\\jose\\Downloads\\sistema-colas-master\\sistema-colas-master\\node_modules\\.which-42251Hti',
306 silly reify   'C:\\Users\\jose\\Downloads\\sistema-colas-master\\sistema-colas-master\\node_modules\\xmlhttprequest-ssl': 'C:\\Users\\jose\\Downloads\\sistema-colas-master\\sistema-colas-master\\node_modules\\.xmlhttprequest-ssl-jkIuGfOn',
306 silly reify   'C:\\Users\\jose\\Downloads\\sistema-colas-master\\sistema-colas-master\\node_modules\\vue-eslint-parser': 'C:\\Users\\jose\\Downloads\\sistema-colas-master\\sistema-colas-master\\node_modules\\.vue-eslint-parser-BeFrwP7m',
306 silly reify   'C:\\Users\\jose\\Downloads\\sistema-colas-master\\sistema-colas-master\\node_modules\\vue-sonner': 'C:\\Users\\jose\\Downloads\\sistema-colas-master\\sistema-colas-master\\node_modules\\.vue-sonner-CAyX2tRY',
306 silly reify   'C:\\Users\\jose\\Downloads\\sistema-colas-master\\sistema-colas-master\\node_modules\\@babel\\parser': 'C:\\Users\\jose\\Downloads\\sistema-colas-master\\sistema-colas-master\\node_modules\\@babel\\.parser-GJwWuHOf',
306 silly reify   'C:\\Users\\jose\\Downloads\\sistema-colas-master\\sistema-colas-master\\node_modules\\@babel\\runtime': 'C:\\Users\\jose\\Downloads\\sistema-colas-master\\sistema-colas-master\\node_modules\\@babel\\.runtime-qOayQVKk',
306 silly reify   'C:\\Users\\jose\\Downloads\\sistema-colas-master\\sistema-colas-master\\node_modules\\@emotion\\babel-plugin': 'C:\\Users\\jose\\Downloads\\sistema-colas-master\\sistema-colas-master\\node_modules\\@emotion\\.babel-plugin-LrYArpF7',
306 silly reify   'C:\\Users\\jose\\Downloads\\sistema-colas-master\\sistema-colas-master\\node_modules\\@emotion\\cache': 'C:\\Users\\jose\\Downloads\\sistema-colas-master\\sistema-colas-master\\node_modules\\@emotion\\.cache-Cw59rQzC',
306 silly reify   'C:\\Users\\jose\\Downloads\\sistema-colas-master\\sistema-colas-master\\node_modules\\@emotion\\serialize': 'C:\\Users\\jose\\Downloads\\sistema-colas-master\\sistema-colas-master\\node_modules\\@emotion\\.serialize-R3gFU2zI',
306 silly reify   'C:\\Users\\jose\\Downloads\\sistema-colas-master\\sistema-colas-master\\node_modules\\@emotion\\css': 'C:\\Users\\jose\\Downloads\\sistema-colas-master\\sistema-colas-master\\node_modules\\@emotion\\.css-9J1lb1E8',
306 silly reify   'C:\\Users\\jose\\Downloads\\sistema-colas-master\\sistema-colas-master\\node_modules\\@emotion\\hash': 'C:\\Users\\jose\\Downloads\\sistema-colas-master\\sistema-colas-master\\node_modules\\@emotion\\.hash-f5c38KZn',
306 silly reify   'C:\\Users\\jose\\Downloads\\sistema-colas-master\\sistema-colas-master\\node_modules\\@emotion\\memoize': 'C:\\Users\\jose\\Downloads\\sistema-colas-master\\sistema-colas-master\\node_modules\\@emotion\\.memoize-CBVoZLdu',
306 silly reify   'C:\\Users\\jose\\Downloads\\sistema-colas-master\\sistema-colas-master\\node_modules\\@esbuild\\aix-ppc64': 'C:\\Users\\jose\\Downloads\\sistema-colas-master\\sistema-colas-master\\node_modules\\@esbuild\\.aix-ppc64-ghqfgYLR',
306 silly reify   'C:\\Users\\jose\\Downloads\\sistema-colas-master\\sistema-colas-master\\node_modules\\@emotion\\weak-memoize': 'C:\\Users\\jose\\Downloads\\sistema-colas-master\\sistema-colas-master\\node_modules\\@emotion\\.weak-memoize-2u7UpQv9',
306 silly reify   'C:\\Users\\jose\\Downloads\\sistema-colas-master\\sistema-colas-master\\node_modules\\@emotion\\sheet': 'C:\\Users\\jose\\Downloads\\sistema-colas-master\\sistema-colas-master\\node_modules\\@emotion\\.sheet-geup7Pi7',
306 silly reify   'C:\\Users\\jose\\Downloads\\sistema-colas-master\\sistema-colas-master\\node_modules\\@esbuild\\android-arm64': 'C:\\Users\\jose\\Downloads\\sistema-colas-master\\sistema-colas-master\\node_modules\\@esbuild\\.android-arm64-1dWsiIzm',
306 silly reify   'C:\\Users\\jose\\Downloads\\sistema-colas-master\\sistema-colas-master\\node_modules\\@emotion\\utils': 'C:\\Users\\jose\\Downloads\\sistema-colas-master\\sistema-colas-master\\node_modules\\@emotion\\.utils-jtxDzaFo',
306 silly reify   'C:\\Users\\jose\\Downloads\\sistema-colas-master\\sistema-colas-master\\node_modules\\@esbuild\\android-x64': 'C:\\Users\\jose\\Downloads\\sistema-colas-master\\sistema-colas-master\\node_modules\\@esbuild\\.android-x64-xeimGLFx',
306 silly reify   'C:\\Users\\jose\\Downloads\\sistema-colas-master\\sistema-colas-master\\node_modules\\@esbuild\\android-arm': 'C:\\Users\\jose\\Downloads\\sistema-colas-master\\sistema-colas-master\\node_modules\\@esbuild\\.android-arm-T4WHIS8o',
306 silly reify   'C:\\Users\\jose\\Downloads\\sistema-colas-master\\sistema-colas-master\\node_modules\\@emotion\\unitless': 'C:\\Users\\jose\\Downloads\\sistema-colas-master\\sistema-colas-master\\node_modules\\@emotion\\.unitless-7kSemtkw',
306 silly reify   'C:\\Users\\jose\\Downloads\\sistema-colas-master\\sistema-colas-master\\node_modules\\@esbuild\\darwin-arm64': 'C:\\Users\\jose\\Downloads\\sistema-colas-master\\sistema-colas-master\\node_modules\\@esbuild\\.darwin-arm64-en4CgyaK',
306 silly reify   'C:\\Users\\jose\\Downloads\\sistema-colas-master\\sistema-colas-master\\node_modules\\@esbuild\\freebsd-x64': 'C:\\Users\\jose\\Downloads\\sistema-colas-master\\sistema-colas-master\\node_modules\\@esbuild\\.freebsd-x64-HsEG6MfH',
306 silly reify   'C:\\Users\\jose\\Downloads\\sistema-colas-master\\sistema-colas-master\\node_modules\\@esbuild\\darwin-x64': 'C:\\Users\\jose\\Downloads\\sistema-colas-master\\sistema-colas-master\\node_modules\\@esbuild\\.darwin-x64-8AMQOdxZ',
306 silly reify   'C:\\Users\\jose\\Downloads\\sistema-colas-master\\sistema-colas-master\\node_modules\\@esbuild\\freebsd-arm64': 'C:\\Users\\jose\\Downloads\\sistema-colas-master\\sistema-colas-master\\node_modules\\@esbuild\\.freebsd-arm64-VMIb6hi0',
306 silly reify   'C:\\Users\\jose\\Downloads\\sistema-colas-master\\sistema-colas-master\\node_modules\\@esbuild\\linux-arm': 'C:\\Users\\jose\\Downloads\\sistema-colas-master\\sistema-colas-master\\node_modules\\@esbuild\\.linux-arm-Ws08aIpK',
306 silly reify   'C:\\Users\\jose\\Downloads\\sistema-colas-master\\sistema-colas-master\\node_modules\\@esbuild\\linux-arm64': 'C:\\Users\\jose\\Downloads\\sistema-colas-master\\sistema-colas-master\\node_modules\\@esbuild\\.linux-arm64-X6f2P7xH',
306 silly reify   'C:\\Users\\jose\\Downloads\\sistema-colas-master\\sistema-colas-master\\node_modules\\@esbuild\\linux-ia32': 'C:\\Users\\jose\\Downloads\\sistema-colas-master\\sistema-colas-master\\node_modules\\@esbuild\\.linux-ia32-4bpLjYrp',
306 silly reify   'C:\\Users\\jose\\Downloads\\sistema-colas-master\\sistema-colas-master\\node_modules\\@esbuild\\linux-loong64': 'C:\\Users\\jose\\Downloads\\sistema-colas-master\\sistema-colas-master\\node_modules\\@esbuild\\.linux-loong64-nBaYFLhG',
306 silly reify   'C:\\Users\\jose\\Downloads\\sistema-colas-master\\sistema-colas-master\\node_modules\\@esbuild\\linux-riscv64': 'C:\\Users\\jose\\Downloads\\sistema-colas-master\\sistema-colas-master\\node_modules\\@esbuild\\.linux-riscv64-3yE7sjY9',
306 silly reify   'C:\\Users\\jose\\Downloads\\sistema-colas-master\\sistema-colas-master\\node_modules\\@esbuild\\linux-mips64el': 'C:\\Users\\jose\\Downloads\\sistema-colas-master\\sistema-colas-master\\node_modules\\@esbuild\\.linux-mips64el-hJveJoUS',
306 silly reify   'C:\\Users\\jose\\Downloads\\sistema-colas-master\\sistema-colas-master\\node_modules\\@esbuild\\linux-ppc64': 'C:\\Users\\jose\\Downloads\\sistema-colas-master\\sistema-colas-master\\node_modules\\@esbuild\\.linux-ppc64-ff9VDByX',
306 silly reify   'C:\\Users\\jose\\Downloads\\sistema-colas-master\\sistema-colas-master\\node_modules\\@esbuild\\linux-x64': 'C:\\Users\\jose\\Downloads\\sistema-colas-master\\sistema-colas-master\\node_modules\\@esbuild\\.linux-x64-YmUFGp1K',
306 silly reify   'C:\\Users\\jose\\Downloads\\sistema-colas-master\\sistema-colas-master\\node_modules\\@esbuild\\linux-s390x': 'C:\\Users\\jose\\Downloads\\sistema-colas-master\\sistema-colas-master\\node_modules\\@esbuild\\.linux-s390x-daHDNTc4',
306 silly reify   'C:\\Users\\jose\\Downloads\\sistema-colas-master\\sistema-colas-master\\node_modules\\@esbuild\\netbsd-arm64': 'C:\\Users\\jose\\Downloads\\sistema-colas-master\\sistema-colas-master\\node_modules\\@esbuild\\.netbsd-arm64-7pzpSPmt',
306 silly reify   'C:\\Users\\jose\\Downloads\\sistema-colas-master\\sistema-colas-master\\node_modules\\@esbuild\\netbsd-x64': 'C:\\Users\\jose\\Downloads\\sistema-colas-master\\sistema-colas-master\\node_modules\\@esbuild\\.netbsd-x64-0M5r0YqB',
306 silly reify   'C:\\Users\\jose\\Downloads\\sistema-colas-master\\sistema-colas-master\\node_modules\\@esbuild\\openbsd-arm64': 'C:\\Users\\jose\\Downloads\\sistema-colas-master\\sistema-colas-master\\node_modules\\@esbuild\\.openbsd-arm64-mjNNUqOI',
306 silly reify   'C:\\Users\\jose\\Downloads\\sistema-colas-master\\sistema-colas-master\\node_modules\\@esbuild\\openbsd-x64': 'C:\\Users\\jose\\Downloads\\sistema-colas-master\\sistema-colas-master\\node_modules\\@esbuild\\.openbsd-x64-PcfGh7fg',
306 silly reify   'C:\\Users\\jose\\Downloads\\sistema-colas-master\\sistema-colas-master\\node_modules\\@esbuild\\openharmony-arm64': 'C:\\Users\\jose\\Downloads\\sistema-colas-master\\sistema-colas-master\\node_modules\\@esbuild\\.openharmony-arm64-SQgzVzD3',
306 silly reify   'C:\\Users\\jose\\Downloads\\sistema-colas-master\\sistema-colas-master\\node_modules\\@esbuild\\sunos-x64': 'C:\\Users\\jose\\Downloads\\sistema-colas-master\\sistema-colas-master\\node_modules\\@esbuild\\.sunos-x64-j0gSP5C5',
306 silly reify   'C:\\Users\\jose\\Downloads\\sistema-colas-master\\sistema-colas-master\\node_modules\\@esbuild\\win32-arm64': 'C:\\Users\\jose\\Downloads\\sistema-colas-master\\sistema-colas-master\\node_modules\\@esbuild\\.win32-arm64-SbufuZYx',
306 silly reify   'C:\\Users\\jose\\Downloads\\sistema-colas-master\\sistema-colas-master\\node_modules\\@floating-ui\\core': 'C:\\Users\\jose\\Downloads\\sistema-colas-master\\sistema-colas-master\\node_modules\\@floating-ui\\.core-JFqCbfEG',
306 silly reify   'C:\\Users\\jose\\Downloads\\sistema-colas-master\\sistema-colas-master\\node_modules\\@esbuild\\win32-ia32': 'C:\\Users\\jose\\Downloads\\sistema-colas-master\\sistema-colas-master\\node_modules\\@esbuild\\.win32-ia32-OHjSWc5J',
306 silly reify   'C:\\Users\\jose\\Downloads\\sistema-colas-master\\sistema-colas-master\\node_modules\\@floating-ui\\utils': 'C:\\Users\\jose\\Downloads\\sistema-colas-master\\sistema-colas-master\\node_modules\\@floating-ui\\.utils-gsWOG3so',
306 silly reify   'C:\\Users\\jose\\Downloads\\sistema-colas-master\\sistema-colas-master\\node_modules\\@eslint\\js': 'C:\\Users\\jose\\Downloads\\sistema-colas-master\\sistema-colas-master\\node_modules\\@eslint\\.js-e0ZbKTe0',
306 silly reify   'C:\\Users\\jose\\Downloads\\sistema-colas-master\\sistema-colas-master\\node_modules\\@floating-ui\\vue': 'C:\\Users\\jose\\Downloads\\sistema-colas-master\\sistema-colas-master\\node_modules\\@floating-ui\\.vue-3bMunFe5',
306 silly reify   'C:\\Users\\jose\\Downloads\\sistema-colas-master\\sistema-colas-master\\node_modules\\@inertiajs\\vue3': 'C:\\Users\\jose\\Downloads\\sistema-colas-master\\sistema-colas-master\\node_modules\\@inertiajs\\.vue3-HGqwqAQ8',
306 silly reify   'C:\\Users\\jose\\Downloads\\sistema-colas-master\\sistema-colas-master\\node_modules\\@floating-ui\\dom': 'C:\\Users\\jose\\Downloads\\sistema-colas-master\\sistema-colas-master\\node_modules\\@floating-ui\\.dom-QJFI1aZM',
306 silly reify   'C:\\Users\\jose\\Downloads\\sistema-colas-master\\sistema-colas-master\\node_modules\\@inertiajs\\core': 'C:\\Users\\jose\\Downloads\\sistema-colas-master\\sistema-colas-master\\node_modules\\@inertiajs\\.core-XLxHrMkV',
306 silly reify   'C:\\Users\\jose\\Downloads\\sistema-colas-master\\sistema-colas-master\\node_modules\\@internationalized\\number': 'C:\\Users\\jose\\Downloads\\sistema-colas-master\\sistema-colas-master\\node_modules\\@internationalized\\.number-UmSnY6QR',
306 silly reify   'C:\\Users\\jose\\Downloads\\sistema-colas-master\\sistema-colas-master\\node_modules\\@laravel\\vite-plugin-wayfinder': 'C:\\Users\\jose\\Downloads\\sistema-colas-master\\sistema-colas-master\\node_modules\\@laravel\\.vite-plugin-wayfinder-yDEtKd0F',
306 silly reify   'C:\\Users\\jose\\Downloads\\sistema-colas-master\\sistema-colas-master\\node_modules\\@mapbox\\jsonlint-lines-primitives': 'C:\\Users\\jose\\Downloads\\sistema-colas-master\\sistema-colas-master\\node_modules\\@mapbox\\.jsonlint-lines-primitives-uK3LrE2O',
306 silly reify   'C:\\Users\\jose\\Downloads\\sistema-colas-master\\sistema-colas-master\\node_modules\\@internationalized\\date': 'C:\\Users\\jose\\Downloads\\sistema-colas-master\\sistema-colas-master\\node_modules\\@internationalized\\.date-XeIk5mLN',
306 silly reify   'C:\\Users\\jose\\Downloads\\sistema-colas-master\\sistema-colas-master\\node_modules\\@laravel\\echo-vue': 'C:\\Users\\jose\\Downloads\\sistema-colas-master\\sistema-colas-master\\node_modules\\@laravel\\.echo-vue-ox4KYRu1',
306 silly reify   'C:\\Users\\jose\\Downloads\\sistema-colas-master\\sistema-colas-master\\node_modules\\@mapbox\\geojson-rewind': 'C:\\Users\\jose\\Downloads\\sistema-colas-master\\sistema-colas-master\\node_modules\\@mapbox\\.geojson-rewind-C1dJoixa',
306 silly reify   'C:\\Users\\jose\\Downloads\\sistema-colas-master\\sistema-colas-master\\node_modules\\@mapbox\\mapbox-gl-supported': 'C:\\Users\\jose\\Downloads\\sistema-colas-master\\sistema-colas-master\\node_modules\\@mapbox\\.mapbox-gl-supported-tsSfLMe8',
306 silly reify   'C:\\Users\\jose\\Downloads\\sistema-colas-master\\sistema-colas-master\\node_modules\\@mapbox\\point-geometry': 'C:\\Users\\jose\\Downloads\\sistema-colas-master\\sistema-colas-master\\node_modules\\@mapbox\\.point-geometry-627tqe4j',
306 silly reify   'C:\\Users\\jose\\Downloads\\sistema-colas-master\\sistema-colas-master\\node_modules\\@mapbox\\tiny-sdf': 'C:\\Users\\jose\\Downloads\\sistema-colas-master\\sistema-colas-master\\node_modules\\@mapbox\\.tiny-sdf-jnczUTKX',
306 silly reify   'C:\\Users\\jose\\Downloads\\sistema-colas-master\\sistema-colas-master\\node_modules\\@mapbox\\vector-tile': 'C:\\Users\\jose\\Downloads\\sistema-colas-master\\sistema-colas-master\\node_modules\\@mapbox\\.vector-tile-Fft8oik4',
306 silly reify   'C:\\Users\\jose\\Downloads\\sistema-colas-master\\sistema-colas-master\\node_modules\\@juggle\\resize-observer': 'C:\\Users\\jose\\Downloads\\sistema-colas-master\\sistema-colas-master\\node_modules\\@juggle\\.resize-observer-y3f8HRgt',
306 silly reify   'C:\\Users\\jose\\Downloads\\sistema-colas-master\\sistema-colas-master\\node_modules\\@mapbox\\whoots-js': 'C:\\Users\\jose\\Downloads\\sistema-colas-master\\sistema-colas-master\\node_modules\\@mapbox\\.whoots-js-4SnIsMRB',
306 silly reify   'C:\\Users\\jose\\Downloads\\sistema-colas-master\\sistema-colas-master\\node_modules\\@mapbox\\unitbezier': 'C:\\Users\\jose\\Downloads\\sistema-colas-master\\sistema-colas-master\\node_modules\\@mapbox\\.unitbezier-gfVjcYgv',
306 silly reify   'C:\\Users\\jose\\Downloads\\sistema-colas-master\\sistema-colas-master\\node_modules\\@rollup\\rollup-android-arm64': 'C:\\Users\\jose\\Downloads\\sistema-colas-master\\sistema-colas-master\\node_modules\\@rollup\\.rollup-android-arm64-uf1oUMS3',
306 silly reify   'C:\\Users\\jose\\Downloads\\sistema-colas-master\\sistema-colas-master\\node_modules\\@rollup\\rollup-darwin-arm64': 'C:\\Users\\jose\\Downloads\\sistema-colas-master\\sistema-colas-master\\node_modules\\@rollup\\.rollup-darwin-arm64-xd6anLa5',
306 silly reify   'C:\\Users\\jose\\Downloads\\sistema-colas-master\\sistema-colas-master\\node_modules\\@rollup\\rollup-darwin-x64': 'C:\\Users\\jose\\Downloads\\sistema-colas-master\\sistema-colas-master\\node_modules\\@rollup\\.rollup-darwin-x64-B37Dyf6N',
306 silly reify   'C:\\Users\\jose\\Downloads\\sistema-colas-master\\sistema-colas-master\\node_modules\\@rollup\\rollup-freebsd-x64': 'C:\\Users\\jose\\Downloads\\sistema-colas-master\\sistema-colas-master\\node_modules\\@rollup\\.rollup-freebsd-x64-wMtjw1pt',
306 silly reify   'C:\\Users\\jose\\Downloads\\sistema-colas-master\\sistema-colas-master\\node_modules\\@rollup\\rollup-android-arm-eabi': 'C:\\Users\\jose\\Downloads\\sistema-colas-master\\sistema-colas-master\\node_modules\\@rollup\\.rollup-android-arm-eabi-DSd7mSPX',
306 silly reify   'C:\\Users\\jose\\Downloads\\sistema-colas-master\\sistema-colas-master\\node_modules\\@rollup\\rollup-freebsd-arm64': 'C:\\Users\\jose\\Downloads\\sistema-colas-master\\sistema-colas-master\\node_modules\\@rollup\\.rollup-freebsd-arm64-ic1c9bA8',
306 silly reify   'C:\\Users\\jose\\Downloads\\sistema-colas-master\\sistema-colas-master\\node_modules\\@rollup\\rollup-linux-arm-gnueabihf': 'C:\\Users\\jose\\Downloads\\sistema-colas-master\\sistema-colas-master\\node_modules\\@rollup\\.rollup-linux-arm-gnueabihf-fkEiDTNk',
306 silly reify   'C:\\Users\\jose\\Downloads\\sistema-colas-master\\sistema-colas-master\\node_modules\\@rolldown\\pluginutils': 'C:\\Users\\jose\\Downloads\\sistema-colas-master\\sistema-colas-master\\node_modules\\@rolldown\\.pluginutils-GFE6zhWP',
306 silly reify   'C:\\Users\\jose\\Downloads\\sistema-colas-master\\sistema-colas-master\\node_modules\\@rollup\\rollup-linux-arm64-gnu': 'C:\\Users\\jose\\Downloads\\sistema-colas-master\\sistema-colas-master\\node_modules\\@rollup\\.rollup-linux-arm64-gnu-i6iY6wKc',
306 silly reify   'C:\\Users\\jose\\Downloads\\sistema-colas-master\\sistema-colas-master\\node_modules\\@rollup\\rollup-linux-arm-musleabihf': 'C:\\Users\\jose\\Downloads\\sistema-colas-master\\sistema-colas-master\\node_modules\\@rollup\\.rollup-linux-arm-musleabihf-Q2YjgONV',
306 silly reify   'C:\\Users\\jose\\Downloads\\sistema-colas-master\\sistema-colas-master\\node_modules\\@rollup\\rollup-linux-arm64-musl': 'C:\\Users\\jose\\Downloads\\sistema-colas-master\\sistema-colas-master\\node_modules\\@rollup\\.rollup-linux-arm64-musl-RWlTQnl6',
306 silly reify   'C:\\Users\\jose\\Downloads\\sistema-colas-master\\sistema-colas-master\\node_modules\\@rollup\\rollup-linux-loong64-gnu': 'C:\\Users\\jose\\Downloads\\sistema-colas-master\\sistema-colas-master\\node_modules\\@rollup\\.rollup-linux-loong64-gnu-Wzv3DW2Y',
306 silly reify   'C:\\Users\\jose\\Downloads\\sistema-colas-master\\sistema-colas-master\\node_modules\\@rollup\\rollup-linux-ppc64-gnu': 'C:\\Users\\jose\\Downloads\\sistema-colas-master\\sistema-colas-master\\node_modules\\@rollup\\.rollup-linux-ppc64-gnu-E6EpiRbB',
306 silly reify   'C:\\Users\\jose\\Downloads\\sistema-colas-master\\sistema-colas-master\\node_modules\\@rollup\\rollup-linux-riscv64-gnu': 'C:\\Users\\jose\\Downloads\\sistema-colas-master\\sistema-colas-master\\node_modules\\@rollup\\.rollup-linux-riscv64-gnu-GHTgaFz5',
306 silly reify   'C:\\Users\\jose\\Downloads\\sistema-colas-master\\sistema-colas-master\\node_modules\\@rollup\\rollup-linux-s390x-gnu': 'C:\\Users\\jose\\Downloads\\sistema-colas-master\\sistema-colas-master\\node_modules\\@rollup\\.rollup-linux-s390x-gnu-9wS6Ij0u',
306 silly reify   'C:\\Users\\jose\\Downloads\\sistema-colas-master\\sistema-colas-master\\node_modules\\@rollup\\rollup-linux-riscv64-musl': 'C:\\Users\\jose\\Downloads\\sistema-colas-master\\sistema-colas-master\\node_modules\\@rollup\\.rollup-linux-riscv64-musl-dTWGtYuD',
306 silly reify   'C:\\Users\\jose\\Downloads\\sistema-colas-master\\sistema-colas-master\\node_modules\\@rollup\\rollup-linux-x64-gnu': 'C:\\Users\\jose\\Downloads\\sistema-colas-master\\sistema-colas-master\\node_modules\\@rollup\\.rollup-linux-x64-gnu-szKlzQpe',
306 silly reify   'C:\\Users\\jose\\Downloads\\sistema-colas-master\\sistema-colas-master\\node_modules\\@rollup\\rollup-linux-x64-musl': 'C:\\Users\\jose\\Downloads\\sistema-colas-master\\sistema-colas-master\\node_modules\\@rollup\\.rollup-linux-x64-musl-PCSFvHdZ',
306 silly reify   'C:\\Users\\jose\\Downloads\\sistema-colas-master\\sistema-colas-master\\node_modules\\@rollup\\rollup-openharmony-arm64': 'C:\\Users\\jose\\Downloads\\sistema-colas-master\\sistema-colas-master\\node_modules\\@rollup\\.rollup-openharmony-arm64-cHda4vw0',
306 silly reify   'C:\\Users\\jose\\Downloads\\sistema-colas-master\\sistema-colas-master\\node_modules\\@rollup\\rollup-win32-ia32-msvc': 'C:\\Users\\jose\\Downloads\\sistema-colas-master\\sistema-colas-master\\node_modules\\@rollup\\.rollup-win32-ia32-msvc-KCvwlPYp',
306 silly reify   'C:\\Users\\jose\\Downloads\\sistema-colas-master\\sistema-colas-master\\node_modules\\@rollup\\rollup-win32-arm64-msvc': 'C:\\Users\\jose\\Downloads\\sistema-colas-master\\sistema-colas-master\\node_modules\\@rollup\\.rollup-win32-arm64-msvc-K96isFE9',
306 silly reify   'C:\\Users\\jose\\Downloads\\sistema-colas-master\\sistema-colas-master\\node_modules\\@tailwindcss\\oxide': 'C:\\Users\\jose\\Downloads\\sistema-colas-master\\sistema-colas-master\\node_modules\\@tailwindcss\\.oxide-nVOInHyq',
306 silly reify   'C:\\Users\\jose\\Downloads\\sistema-colas-master\\sistema-colas-master\\node_modules\\@rollup\\rollup-win32-x64-msvc': 'C:\\Users\\jose\\Downloads\\sistema-colas-master\\sistema-colas-master\\node_modules\\@rollup\\.rollup-win32-x64-msvc-0hLSti0f',
306 silly reify   'C:\\Users\\jose\\Downloads\\sistema-colas-master\\sistema-colas-master\\node_modules\\@tailwindcss\\node': 'C:\\Users\\jose\\Downloads\\sistema-colas-master\\sistema-colas-master\\node_modules\\@tailwindcss\\.node-znPWdmv4',
306 silly reify   'C:\\Users\\jose\\Downloads\\sistema-colas-master\\sistema-colas-master\\node_modules\\@tailwindcss\\oxide-android-arm64': 'C:\\Users\\jose\\Downloads\\sistema-colas-master\\sistema-colas-master\\node_modules\\@tailwindcss\\.oxide-android-arm64-xFRD38xp',
306 silly reify   'C:\\Users\\jose\\Downloads\\sistema-colas-master\\sistema-colas-master\\node_modules\\@tailwindcss\\oxide-darwin-arm64': 'C:\\Users\\jose\\Downloads\\sistema-colas-master\\sistema-colas-master\\node_modules\\@tailwindcss\\.oxide-darwin-arm64-7DQM4Lye',
306 silly reify   'C:\\Users\\jose\\Downloads\\sistema-colas-master\\sistema-colas-master\\node_modules\\@tailwindcss\\oxide-darwin-x64': 'C:\\Users\\jose\\Downloads\\sistema-colas-master\\sistema-colas-master\\node_modules\\@tailwindcss\\.oxide-darwin-x64-s2GWc1BD',
306 silly reify   'C:\\Users\\jose\\Downloads\\sistema-colas-master\\sistema-colas-master\\node_modules\\@tailwindcss\\oxide-freebsd-x64': 'C:\\Users\\jose\\Downloads\\sistema-colas-master\\sistema-colas-master\\node_modules\\@tailwindcss\\.oxide-freebsd-x64-BLwVq1Us',
306 silly reify   'C:\\Users\\jose\\Downloads\\sistema-colas-master\\sistema-colas-master\\node_modules\\@tailwindcss\\oxide-linux-arm-gnueabihf': 'C:\\Users\\jose\\Downloads\\sistema-colas-master\\sistema-colas-master\\node_modules\\@tailwindcss\\.oxide-linux-arm-gnueabihf-DoKSB9EA',
306 silly reify   'C:\\Users\\jose\\Downloads\\sistema-colas-master\\sistema-colas-master\\node_modules\\@tailwindcss\\oxide-linux-arm64-gnu': 'C:\\Users\\jose\\Downloads\\sistema-colas-master\\sistema-colas-master\\node_modules\\@tailwindcss\\.oxide-linux-arm64-gnu-xhAeQUnb',
306 silly reify   'C:\\Users\\jose\\Downloads\\sistema-colas-master\\sistema-colas-master\\node_modules\\@tailwindcss\\oxide-linux-x64-gnu': 'C:\\Users\\jose\\Downloads\\sistema-colas-master\\sistema-colas-master\\node_modules\\@tailwindcss\\.oxide-linux-x64-gnu-wmrMCuE3',
306 silly reify   'C:\\Users\\jose\\Downloads\\sistema-colas-master\\sistema-colas-master\\node_modules\\@tailwindcss\\oxide-linux-x64-musl': 'C:\\Users\\jose\\Downloads\\sistema-colas-master\\sistema-colas-master\\node_modules\\@tailwindcss\\.oxide-linux-x64-musl-4zPZObXi',
306 silly reify   'C:\\Users\\jose\\Downloads\\sistema-colas-master\\sistema-colas-master\\node_modules\\@tailwindcss\\oxide-wasm32-wasi': 'C:\\Users\\jose\\Downloads\\sistema-colas-master\\sistema-colas-master\\node_modules\\@tailwindcss\\.oxide-wasm32-wasi-73eBxHG1',
306 silly reify   'C:\\Users\\jose\\Downloads\\sistema-colas-master\\sistema-colas-master\\node_modules\\@tailwindcss\\oxide-linux-arm64-musl': 'C:\\Users\\jose\\Downloads\\sistema-colas-master\\sistema-colas-master\\node_modules\\@tailwindcss\\.oxide-linux-arm64-musl-piERvlJI',
306 silly reify   'C:\\Users\\jose\\Downloads\\sistema-colas-master\\sistema-colas-master\\node_modules\\@tailwindcss\\oxide-win32-arm64-msvc': 'C:\\Users\\jose\\Downloads\\sistema-colas-master\\sistema-colas-master\\node_modules\\@tailwindcss\\.oxide-win32-arm64-msvc-THwd8nFm',
306 silly reify   'C:\\Users\\jose\\Downloads\\sistema-colas-master\\sistema-colas-master\\node_modules\\@tailwindcss\\oxide-win32-x64-msvc': 'C:\\Users\\jose\\Downloads\\sistema-colas-master\\sistema-colas-master\\node_modules\\@tailwindcss\\.oxide-win32-x64-msvc-y6Mt1Bk2',
306 silly reify   'C:\\Users\\jose\\Downloads\\sistema-colas-master\\sistema-colas-master\\node_modules\\@tailwindcss\\vite': 'C:\\Users\\jose\\Downloads\\sistema-colas-master\\sistema-colas-master\\node_modules\\@tailwindcss\\.vite-uQkpU7K3',
306 silly reify   'C:\\Users\\jose\\Downloads\\sistema-colas-master\\sistema-colas-master\\node_modules\\@tanstack\\vue-table': 'C:\\Users\\jose\\Downloads\\sistema-colas-master\\sistema-colas-master\\node_modules\\@tanstack\\.vue-table-zkPRoMQv',
306 silly reify   'C:\\Users\\jose\\Downloads\\sistema-colas-master\\sistema-colas-master\\node_modules\\@tanstack\\virtual-core': 'C:\\Users\\jose\\Downloads\\sistema-colas-master\\sistema-colas-master\\node_modules\\@tanstack\\.virtual-core-ae6W2Est',
306 silly reify   'C:\\Users\\jose\\Downloads\\sistema-colas-master\\sistema-colas-master\\node_modules\\@tanstack\\table-core': 'C:\\Users\\jose\\Downloads\\sistema-colas-master\\sistema-colas-master\\node_modules\\@tanstack\\.table-core-qwfb8wIw',
306 silly reify   'C:\\Users\\jose\\Downloads\\sistema-colas-master\\sistema-colas-master\\node_modules\\@types\\d3': 'C:\\Users\\jose\\Downloads\\sistema-colas-master\\sistema-colas-master\\node_modules\\@types\\.d3-TGVuKTaV',
306 silly reify   'C:\\Users\\jose\\Downloads\\sistema-colas-master\\sistema-colas-master\\node_modules\\@tanstack\\vue-virtual': 'C:\\Users\\jose\\Downloads\\sistema-colas-master\\sistema-colas-master\\node_modules\\@tanstack\\.vue-virtual-ZP13rbu0',
306 silly reify   'C:\\Users\\jose\\Downloads\\sistema-colas-master\\sistema-colas-master\\node_modules\\@types\\d3-brush': 'C:\\Users\\jose\\Downloads\\sistema-colas-master\\sistema-colas-master\\node_modules\\@types\\.d3-brush-LMuonyFl',
306 silly reify   'C:\\Users\\jose\\Downloads\\sistema-colas-master\\sistema-colas-master\\node_modules\\@types\\d3-axis': 'C:\\Users\\jose\\Downloads\\sistema-colas-master\\sistema-colas-master\\node_modules\\@types\\.d3-axis-i9M7jK1E',
306 silly reify   'C:\\Users\\jose\\Downloads\\sistema-colas-master\\sistema-colas-master\\node_modules\\@types\\d3-chord': 'C:\\Users\\jose\\Downloads\\sistema-colas-master\\sistema-colas-master\\node_modules\\@types\\.d3-chord-ulQaN1oR',
306 silly reify   'C:\\Users\\jose\\Downloads\\sistema-colas-master\\sistema-colas-master\\node_modules\\@types\\d3-delaunay': 'C:\\Users\\jose\\Downloads\\sistema-colas-master\\sistema-colas-master\\node_modules\\@types\\.d3-delaunay-SJm3Rf7b',
306 silly reify   'C:\\Users\\jose\\Downloads\\sistema-colas-master\\sistema-colas-master\\node_modules\\@types\\d3-contour': 'C:\\Users\\jose\\Downloads\\sistema-colas-master\\sistema-colas-master\\node_modules\\@types\\.d3-contour-jxVNEGsi',
306 silly reify   'C:\\Users\\jose\\Downloads\\sistema-colas-master\\sistema-colas-master\\node_modules\\@types\\d3-dispatch': 'C:\\Users\\jose\\Downloads\\sistema-colas-master\\sistema-colas-master\\node_modules\\@types\\.d3-dispatch-zHtT5D0T',
306 silly reify   'C:\\Users\\jose\\Downloads\\sistema-colas-master\\sistema-colas-master\\node_modules\\@types\\d3-collection': 'C:\\Users\\jose\\Downloads\\sistema-colas-master\\sistema-colas-master\\node_modules\\@types\\.d3-collection-cw7P9w8F',
306 silly reify   'C:\\Users\\jose\\Downloads\\sistema-colas-master\\sistema-colas-master\\node_modules\\@types\\d3-drag': 'C:\\Users\\jose\\Downloads\\sistema-colas-master\\sistema-colas-master\\node_modules\\@types\\.d3-drag-Fasx5jeS',
306 silly reify   'C:\\Users\\jose\\Downloads\\sistema-colas-master\\sistema-colas-master\\node_modules\\@types\\d3-fetch': 'C:\\Users\\jose\\Downloads\\sistema-colas-master\\sistema-colas-master\\node_modules\\@types\\.d3-fetch-XWxbNjRm',
306 silly reify   'C:\\Users\\jose\\Downloads\\sistema-colas-master\\sistema-colas-master\\node_modules\\@types\\d3-dsv': 'C:\\Users\\jose\\Downloads\\sistema-colas-master\\sistema-colas-master\\node_modules\\@types\\.d3-dsv-99wQUbjN',
306 silly reify   'C:\\Users\\jose\\Downloads\\sistema-colas-master\\sistema-colas-master\\node_modules\\@types\\d3-force': 'C:\\Users\\jose\\Downloads\\sistema-colas-master\\sistema-colas-master\\node_modules\\@types\\.d3-force-StltqDY1',
306 silly reify   'C:\\Users\\jose\\Downloads\\sistema-colas-master\\sistema-colas-master\\node_modules\\@types\\d3-hierarchy': 'C:\\Users\\jose\\Downloads\\sistema-colas-master\\sistema-colas-master\\node_modules\\@types\\.d3-hierarchy-67jzMTB9',
306 silly reify   'C:\\Users\\jose\\Downloads\\sistema-colas-master\\sistema-colas-master\\node_modules\\@types\\d3-format': 'C:\\Users\\jose\\Downloads\\sistema-colas-master\\sistema-colas-master\\node_modules\\@types\\.d3-format-0LEf9bni',
306 silly reify   'C:\\Users\\jose\\Downloads\\sistema-colas-master\\sistema-colas-master\\node_modules\\@types\\d3-polygon': 'C:\\Users\\jose\\Downloads\\sistema-colas-master\\sistema-colas-master\\node_modules\\@types\\.d3-polygon-kg0Dp38Y',
306 silly reify   'C:\\Users\\jose\\Downloads\\sistema-colas-master\\sistema-colas-master\\node_modules\\@types\\d3-sankey': 'C:\\Users\\jose\\Downloads\\sistema-colas-master\\sistema-colas-master\\node_modules\\@types\\.d3-sankey-rdndYyF5',
306 silly reify   'C:\\Users\\jose\\Downloads\\sistema-colas-master\\sistema-colas-master\\node_modules\\@types\\d3-random': 'C:\\Users\\jose\\Downloads\\sistema-colas-master\\sistema-colas-master\\node_modules\\@types\\.d3-random-f0NsR2nG',
306 silly reify   'C:\\Users\\jose\\Downloads\\sistema-colas-master\\sistema-colas-master\\node_modules\\@types\\d3-quadtree': 'C:\\Users\\jose\\Downloads\\sistema-colas-master\\sistema-colas-master\\node_modules\\@types\\.d3-quadtree-QqYMpd58',
306 silly reify   'C:\\Users\\jose\\Downloads\\sistema-colas-master\\sistema-colas-master\\node_modules\\@types\\d3-geo': 'C:\\Users\\jose\\Downloads\\sistema-colas-master\\sistema-colas-master\\node_modules\\@types\\.d3-geo-s2ur6yGl',
306 silly reify   'C:\\Users\\jose\\Downloads\\sistema-colas-master\\sistema-colas-master\\node_modules\\@types\\d3-scale-chromatic': 'C:\\Users\\jose\\Downloads\\sistema-colas-master\\sistema-colas-master\\node_modules\\@types\\.d3-scale-chromatic-KJW5pAXz',
306 silly reify   'C:\\Users\\jose\\Downloads\\sistema-colas-master\\sistema-colas-master\\node_modules\\@types\\d3-shape': 'C:\\Users\\jose\\Downloads\\sistema-colas-master\\sistema-colas-master\\node_modules\\@types\\.d3-shape-XthIY6Zm',
306 silly reify   'C:\\Users\\jose\\Downloads\\sistema-colas-master\\sistema-colas-master\\node_modules\\@types\\d3-selection': 'C:\\Users\\jose\\Downloads\\sistema-colas-master\\sistema-colas-master\\node_modules\\@types\\.d3-selection-eqeLlPj2',
306 silly reify   'C:\\Users\\jose\\Downloads\\sistema-colas-master\\sistema-colas-master\\node_modules\\@types\\d3-zoom': 'C:\\Users\\jose\\Downloads\\sistema-colas-master\\sistema-colas-master\\node_modules\\@types\\.d3-zoom-k5KY0jS1',
306 silly reify   'C:\\Users\\jose\\Downloads\\sistema-colas-master\\sistema-colas-master\\node_modules\\@types\\d3-transition': 'C:\\Users\\jose\\Downloads\\sistema-colas-master\\sistema-colas-master\\node_modules\\@types\\.d3-transition-lmbCm1gG',
306 silly reify   'C:\\Users\\jose\\Downloads\\sistema-colas-master\\sistema-colas-master\\node_modules\\@types\\d3-time-format': 'C:\\Users\\jose\\Downloads\\sistema-colas-master\\sistema-colas-master\\node_modules\\@types\\.d3-time-format-OffhLxbz',
306 silly reify   'C:\\Users\\jose\\Downloads\\sistema-colas-master\\sistema-colas-master\\node_modules\\@types\\dagre': 'C:\\Users\\jose\\Downloads\\sistema-colas-master\\sistema-colas-master\\node_modules\\@types\\.dagre-YqkcT4R7',
306 silly reify   'C:\\Users\\jose\\Downloads\\sistema-colas-master\\sistema-colas-master\\node_modules\\@types\\geojson': 'C:\\Users\\jose\\Downloads\\sistema-colas-master\\sistema-colas-master\\node_modules\\@types\\.geojson-Oyhnyzsu',
306 silly reify   'C:\\Users\\jose\\Downloads\\sistema-colas-master\\sistema-colas-master\\node_modules\\@types\\leaflet': 'C:\\Users\\jose\\Downloads\\sistema-colas-master\\sistema-colas-master\\node_modules\\@types\\.leaflet-dQ8I4D3R',
306 silly reify   'C:\\Users\\jose\\Downloads\\sistema-colas-master\\sistema-colas-master\\node_modules\\@types\\lodash': 'C:\\Users\\jose\\Downloads\\sistema-colas-master\\sistema-colas-master\\node_modules\\@types\\.lodash-QdAq1ydu',
306 silly reify   'C:\\Users\\jose\\Downloads\\sistema-colas-master\\sistema-colas-master\\node_modules\\@types\\lodash-es': 'C:\\Users\\jose\\Downloads\\sistema-colas-master\\sistema-colas-master\\node_modules\\@types\\.lodash-es-WeYc80ft',
306 silly reify   'C:\\Users\\jose\\Downloads\\sistema-colas-master\\sistema-colas-master\\node_modules\\@types\\mapbox__point-geometry': 'C:\\Users\\jose\\Downloads\\sistema-colas-master\\sistema-colas-master\\node_modules\\@types\\.mapbox__point-geometry-p007Bwt2',
306 silly reify   'C:\\Users\\jose\\Downloads\\sistema-colas-master\\sistema-colas-master\\node_modules\\@types\\mapbox__vector-tile': 'C:\\Users\\jose\\Downloads\\sistema-colas-master\\sistema-colas-master\\node_modules\\@types\\.mapbox__vector-tile-0Icc2t7P',
306 silly reify   'C:\\Users\\jose\\Downloads\\sistema-colas-master\\sistema-colas-master\\node_modules\\@types\\node': 'C:\\Users\\jose\\Downloads\\sistema-colas-master\\sistema-colas-master\\node_modules\\@types\\.node-wx0aEDlO',
306 silly reify   'C:\\Users\\jose\\Downloads\\sistema-colas-master\\sistema-colas-master\\node_modules\\@types\\parse-json': 'C:\\Users\\jose\\Downloads\\sistema-colas-master\\sistema-colas-master\\node_modules\\@types\\.parse-json-hZSm9Hj0',
306 silly reify   'C:\\Users\\jose\\Downloads\\sistema-colas-master\\sistema-colas-master\\node_modules\\@types\\three': 'C:\\Users\\jose\\Downloads\\sistema-colas-master\\sistema-colas-master\\node_modules\\@types\\.three-jeNRrgJR',
306 silly reify   'C:\\Users\\jose\\Downloads\\sistema-colas-master\\sistema-colas-master\\node_modules\\@types\\pbf': 'C:\\Users\\jose\\Downloads\\sistema-colas-master\\sistema-colas-master\\node_modules\\@types\\.pbf-nJIDgtEs',
306 silly reify   'C:\\Users\\jose\\Downloads\\sistema-colas-master\\sistema-colas-master\\node_modules\\@types\\topojson-client': 'C:\\Users\\jose\\Downloads\\sistema-colas-master\\sistema-colas-master\\node_modules\\@types\\.topojson-client-ty2lD1pN',
306 silly reify   'C:\\Users\\jose\\Downloads\\sistema-colas-master\\sistema-colas-master\\node_modules\\@types\\throttle-debounce': 'C:\\Users\\jose\\Downloads\\sistema-colas-master\\sistema-colas-master\\node_modules\\@types\\.throttle-debounce-JvU5zhGP',
306 silly reify   'C:\\Users\\jose\\Downloads\\sistema-colas-master\\sistema-colas-master\\node_modules\\@types\\topojson-simplify': 'C:\\Users\\jose\\Downloads\\sistema-colas-master\\sistema-colas-master\\node_modules\\@types\\.topojson-simplify-AIWCU2dK',
306 silly reify   'C:\\Users\\jose\\Downloads\\sistema-colas-master\\sistema-colas-master\\node_modules\\@types\\topojson': 'C:\\Users\\jose\\Downloads\\sistema-colas-master\\sistema-colas-master\\node_modules\\@types\\.topojson-XPdmRy2r',
306 silly reify   'C:\\Users\\jose\\Downloads\\sistema-colas-master\\sistema-colas-master\\node_modules\\@types\\topojson-server': 'C:\\Users\\jose\\Downloads\\sistema-colas-master\\sistema-colas-master\\node_modules\\@types\\.topojson-server-Nh3S4BHa',
306 silly reify   'C:\\Users\\jose\\Downloads\\sistema-colas-master\\sistema-colas-master\\node_modules\\@types\\supercluster': 'C:\\Users\\jose\\Downloads\\sistema-colas-master\\sistema-colas-master\\node_modules\\@types\\.supercluster-8faNubUs',
306 silly reify   'C:\\Users\\jose\\Downloads\\sistema-colas-master\\sistema-colas-master\\node_modules\\@typescript-eslint\\eslint-plugin': 'C:\\Users\\jose\\Downloads\\sistema-colas-master\\sistema-colas-master\\node_modules\\@typescript-eslint\\.eslint-plugin-Y6uSOpWL',
306 silly reify   'C:\\Users\\jose\\Downloads\\sistema-colas-master\\sistema-colas-master\\node_modules\\@types\\topojson-specification': 'C:\\Users\\jose\\Downloads\\sistema-colas-master\\sistema-colas-master\\node_modules\\@types\\.topojson-specification-pwH4HJZj',
306 silly reify   'C:\\Users\\jose\\Downloads\\sistema-colas-master\\sistema-colas-master\\node_modules\\@typescript-eslint\\parser': 'C:\\Users\\jose\\Downloads\\sistema-colas-master\\sistema-colas-master\\node_modules\\@typescript-eslint\\.parser-rvLBOyfS',
306 silly reify   'C:\\Users\\jose\\Downloads\\sistema-colas-master\\sistema-colas-master\\node_modules\\@typescript-eslint\\project-service': 'C:\\Users\\jose\\Downloads\\sistema-colas-master\\sistema-colas-master\\node_modules\\@typescript-eslint\\.project-service-iMTspHzl',
306 silly reify   'C:\\Users\\jose\\Downloads\\sistema-colas-master\\sistema-colas-master\\node_modules\\@types\\web-bluetooth': 'C:\\Users\\jose\\Downloads\\sistema-colas-master\\sistema-colas-master\\node_modules\\@types\\.web-bluetooth-NOFkY6Sb',
306 silly reify   'C:\\Users\\jose\\Downloads\\sistema-colas-master\\sistema-colas-master\\node_modules\\@typescript-eslint\\type-utils': 'C:\\Users\\jose\\Downloads\\sistema-colas-master\\sistema-colas-master\\node_modules\\@typescript-eslint\\.type-utils-xJu4GOBG',
306 silly reify   'C:\\Users\\jose\\Downloads\\sistema-colas-master\\sistema-colas-master\\node_modules\\@typescript-eslint\\tsconfig-utils': 'C:\\Users\\jose\\Downloads\\sistema-colas-master\\sistema-colas-master\\node_modules\\@typescript-eslint\\.tsconfig-utils-OwJMG9vD',
306 silly reify   'C:\\Users\\jose\\Downloads\\sistema-colas-master\\sistema-colas-master\\node_modules\\@typescript-eslint\\scope-manager': 'C:\\Users\\jose\\Downloads\\sistema-colas-master\\sistema-colas-master\\node_modules\\@typescript-eslint\\.scope-manager-4KijbR5d',
306 silly reify   'C:\\Users\\jose\\Downloads\\sistema-colas-master\\sistema-colas-master\\node_modules\\@typescript-eslint\\types': 'C:\\Users\\jose\\Downloads\\sistema-colas-master\\sistema-colas-master\\node_modules\\@typescript-eslint\\.types-sqNWdwcP',
306 silly reify   'C:\\Users\\jose\\Downloads\\sistema-colas-master\\sistema-colas-master\\node_modules\\@typescript-eslint\\utils': 'C:\\Users\\jose\\Downloads\\sistema-colas-master\\sistema-colas-master\\node_modules\\@typescript-eslint\\.utils-rbPV1C4Z',
306 silly reify   'C:\\Users\\jose\\Downloads\\sistema-colas-master\\sistema-colas-master\\node_modules\\@unovis\\graphlibrary': 'C:\\Users\\jose\\Downloads\\sistema-colas-master\\sistema-colas-master\\node_modules\\@unovis\\.graphlibrary-SJJcEplA',
306 silly reify   'C:\\Users\\jose\\Downloads\\sistema-colas-master\\sistema-colas-master\\node_modules\\@typescript-eslint\\typescript-estree': 'C:\\Users\\jose\\Downloads\\sistema-colas-master\\sistema-colas-master\\node_modules\\@typescript-eslint\\.typescript-estree-rWkVrPXu',
306 silly reify   'C:\\Users\\jose\\Downloads\\sistema-colas-master\\sistema-colas-master\\node_modules\\@unovis\\dagre-layout': 'C:\\Users\\jose\\Downloads\\sistema-colas-master\\sistema-colas-master\\node_modules\\@unovis\\.dagre-layout-ZNcdPLOa',
306 silly reify   'C:\\Users\\jose\\Downloads\\sistema-colas-master\\sistema-colas-master\\node_modules\\@vitejs\\plugin-vue': 'C:\\Users\\jose\\Downloads\\sistema-colas-master\\sistema-colas-master\\node_modules\\@vitejs\\.plugin-vue-ybbzc4N2',
306 silly reify   'C:\\Users\\jose\\Downloads\\sistema-colas-master\\sistema-colas-master\\node_modules\\@unovis\\ts': 'C:\\Users\\jose\\Downloads\\sistema-colas-master\\sistema-colas-master\\node_modules\\@unovis\\.ts-H9wAYhm4',
306 silly reify   'C:\\Users\\jose\\Downloads\\sistema-colas-master\\sistema-colas-master\\node_modules\\@volar\\language-core': 'C:\\Users\\jose\\Downloads\\sistema-colas-master\\sistema-colas-master\\node_modules\\@volar\\.language-core-aIqgN9Z0',
306 silly reify   'C:\\Users\\jose\\Downloads\\sistema-colas-master\\sistema-colas-master\\node_modules\\@volar\\source-map': 'C:\\Users\\jose\\Downloads\\sistema-colas-master\\sistema-colas-master\\node_modules\\@volar\\.source-map-LL2ZcHaY',
306 silly reify   'C:\\Users\\jose\\Downloads\\sistema-colas-master\\sistema-colas-master\\node_modules\\@vue\\compiler-core': 'C:\\Users\\jose\\Downloads\\sistema-colas-master\\sistema-colas-master\\node_modules\\@vue\\.compiler-core-T7nOY2Xm',
306 silly reify   'C:\\Users\\jose\\Downloads\\sistema-colas-master\\sistema-colas-master\\node_modules\\@unovis\\vue': 'C:\\Users\\jose\\Downloads\\sistema-colas-master\\sistema-colas-master\\node_modules\\@unovis\\.vue-AxYdxypC',
306 silly reify   'C:\\Users\\jose\\Downloads\\sistema-colas-master\\sistema-colas-master\\node_modules\\@typescript-eslint\\visitor-keys': 'C:\\Users\\jose\\Downloads\\sistema-colas-master\\sistema-colas-master\\node_modules\\@typescript-eslint\\.visitor-keys-KlgZOSEH',
306 silly reify   'C:\\Users\\jose\\Downloads\\sistema-colas-master\\sistema-colas-master\\node_modules\\@vue\\compiler-ssr': 'C:\\Users\\jose\\Downloads\\sistema-colas-master\\sistema-colas-master\\node_modules\\@vue\\.compiler-ssr-50ETqZof',
306 silly reify   'C:\\Users\\jose\\Downloads\\sistema-colas-master\\sistema-colas-master\\node_modules\\@volar\\typescript': 'C:\\Users\\jose\\Downloads\\sistema-colas-master\\sistema-colas-master\\node_modules\\@volar\\.typescript-xH7VlXmq',
306 silly reify   'C:\\Users\\jose\\Downloads\\sistema-colas-master\\sistema-colas-master\\node_modules\\@vue\\compiler-sfc': 'C:\\Users\\jose\\Downloads\\sistema-colas-master\\sistema-colas-master\\node_modules\\@vue\\.compiler-sfc-Z11d6yAP',
306 silly reify   'C:\\Users\\jose\\Downloads\\sistema-colas-master\\sistema-colas-master\\node_modules\\@vue\\compiler-dom': 'C:\\Users\\jose\\Downloads\\sistema-colas-master\\sistema-colas-master\\node_modules\\@vue\\.compiler-dom-YWTcks1C',
306 silly reify   'C:\\Users\\jose\\Downloads\\sistema-colas-master\\sistema-colas-master\\node_modules\\@vue\\compiler-vue2': 'C:\\Users\\jose\\Downloads\\sistema-colas-master\\sistema-colas-master\\node_modules\\@vue\\.compiler-vue2-aDzj1U0U',
306 silly reify   'C:\\Users\\jose\\Downloads\\sistema-colas-master\\sistema-colas-master\\node_modules\\@vue\\eslint-config-typescript': 'C:\\Users\\jose\\Downloads\\sistema-colas-master\\sistema-colas-master\\node_modules\\@vue\\.eslint-config-typescript-0RhJGKOe',
306 silly reify   'C:\\Users\\jose\\Downloads\\sistema-colas-master\\sistema-colas-master\\node_modules\\@vue\\reactivity': 'C:\\Users\\jose\\Downloads\\sistema-colas-master\\sistema-colas-master\\node_modules\\@vue\\.reactivity-CqpRboOB',
306 silly reify   'C:\\Users\\jose\\Downloads\\sistema-colas-master\\sistema-colas-master\\node_modules\\@vue\\language-core': 'C:\\Users\\jose\\Downloads\\sistema-colas-master\\sistema-colas-master\\node_modules\\@vue\\.language-core-G9RbMKpO',
306 silly reify   'C:\\Users\\jose\\Downloads\\sistema-colas-master\\sistema-colas-master\\node_modules\\@vue\\shared': 'C:\\Users\\jose\\Downloads\\sistema-colas-master\\sistema-colas-master\\node_modules\\@vue\\.shared-QvlDdjLY',
306 silly reify   'C:\\Users\\jose\\Downloads\\sistema-colas-master\\sistema-colas-master\\node_modules\\@vueuse\\core': 'C:\\Users\\jose\\Downloads\\sistema-colas-master\\sistema-colas-master\\node_modules\\@vueuse\\.core-5sLz4g29',
306 silly reify   'C:\\Users\\jose\\Downloads\\sistema-colas-master\\sistema-colas-master\\node_modules\\@vue\\server-renderer': 'C:\\Users\\jose\\Downloads\\sistema-colas-master\\sistema-colas-master\\node_modules\\@vue\\.server-renderer-FUDjWmOT',
306 silly reify   'C:\\Users\\jose\\Downloads\\sistema-colas-master\\sistema-colas-master\\node_modules\\@vueuse\\shared': 'C:\\Users\\jose\\Downloads\\sistema-colas-master\\sistema-colas-master\\node_modules\\@vueuse\\.shared-0K50gnC1',
306 silly reify   'C:\\Users\\jose\\Downloads\\sistema-colas-master\\sistema-colas-master\\node_modules\\@vue\\runtime-core': 'C:\\Users\\jose\\Downloads\\sistema-colas-master\\sistema-colas-master\\node_modules\\@vue\\.runtime-core-42YzMDlN',
306 silly reify   'C:\\Users\\jose\\Downloads\\sistema-colas-master\\sistema-colas-master\\node_modules\\@vueuse\\metadata': 'C:\\Users\\jose\\Downloads\\sistema-colas-master\\sistema-colas-master\\node_modules\\@vueuse\\.metadata-4Nz4HIhz',
306 silly reify   'C:\\Users\\jose\\Downloads\\sistema-colas-master\\sistema-colas-master\\node_modules\\@vue\\runtime-dom': 'C:\\Users\\jose\\Downloads\\sistema-colas-master\\sistema-colas-master\\node_modules\\@vue\\.runtime-dom-7XAcQdAY'
306 silly reify }
307 verbose reify failed optional dependency C:\Users\jose\Downloads\sistema-colas-master\sistema-colas-master\node_modules\@tailwindcss\oxide-wasm32-wasi
308 silly reify mark deleted [
308 silly reify   'C:\\Users\\jose\\Downloads\\sistema-colas-master\\sistema-colas-master\\node_modules\\@tailwindcss\\oxide-wasm32-wasi'
308 silly reify ]
309 silly audit bulk request {
309 silly audit   '@babel/code-frame': [ '7.27.1' ],
309 silly audit   '@babel/generator': [ '7.28.5' ],
309 silly audit   '@babel/helper-globals': [ '7.28.0' ],
309 silly audit   '@babel/helper-module-imports': [ '7.27.1' ],
309 silly audit   '@babel/helper-string-parser': [ '7.27.1' ],
309 silly audit   '@babel/helper-validator-identifier': [ '7.28.5' ],
309 silly audit   '@babel/parser': [ '7.28.5' ],
309 silly audit   '@babel/runtime': [ '7.28.4' ],
309 silly audit   '@babel/template': [ '7.27.2' ],
309 silly audit   '@babel/traverse': [ '7.28.5' ],
309 silly audit   '@babel/types': [ '7.28.5' ],
309 silly audit   '@emotion/babel-plugin': [ '11.13.5' ],
309 silly audit   '@emotion/cache': [ '11.14.0' ],
309 silly audit   '@emotion/css': [ '11.13.5' ],
309 silly audit   '@emotion/hash': [ '0.9.2' ],
309 silly audit   '@emotion/memoize': [ '0.9.0' ],
309 silly audit   '@emotion/serialize': [ '1.3.3' ],
309 silly audit   '@emotion/sheet': [ '1.4.0' ],
309 silly audit   '@emotion/unitless': [ '0.10.0' ],
309 silly audit   '@emotion/utils': [ '1.4.2' ],
309 silly audit   '@emotion/weak-memoize': [ '0.4.0' ],
309 silly audit   '@esbuild/aix-ppc64': [ '0.25.12' ],
309 silly audit   '@esbuild/android-arm': [ '0.25.12' ],
309 silly audit   '@esbuild/android-arm64': [ '0.25.12' ],
309 silly audit   '@esbuild/android-x64': [ '0.25.12' ],
309 silly audit   '@esbuild/darwin-arm64': [ '0.25.12' ],
309 silly audit   '@esbuild/darwin-x64': [ '0.25.12' ],
309 silly audit   '@esbuild/freebsd-arm64': [ '0.25.12' ],
309 silly audit   '@esbuild/freebsd-x64': [ '0.25.12' ],
309 silly audit   '@esbuild/linux-arm': [ '0.25.12' ],
309 silly audit   '@esbuild/linux-arm64': [ '0.25.12' ],
309 silly audit   '@esbuild/linux-ia32': [ '0.25.12' ],
309 silly audit   '@esbuild/linux-loong64': [ '0.25.12' ],
309 silly audit   '@esbuild/linux-mips64el': [ '0.25.12' ],
309 silly audit   '@esbuild/linux-ppc64': [ '0.25.12' ],
309 silly audit   '@esbuild/linux-riscv64': [ '0.25.12' ],
309 silly audit   '@esbuild/linux-s390x': [ '0.25.12' ],
309 silly audit   '@esbuild/linux-x64': [ '0.25.12' ],
309 silly audit   '@esbuild/netbsd-arm64': [ '0.25.12' ],
309 silly audit   '@esbuild/netbsd-x64': [ '0.25.12' ],
309 silly audit   '@esbuild/openbsd-arm64': [ '0.25.12' ],
309 silly audit   '@esbuild/openbsd-x64': [ '0.25.12' ],
309 silly audit   '@esbuild/openharmony-arm64': [ '0.25.12' ],
309 silly audit   '@esbuild/sunos-x64': [ '0.25.12' ],
309 silly audit   '@esbuild/win32-arm64': [ '0.25.12' ],
309 silly audit   '@esbuild/win32-ia32': [ '0.25.12' ],
309 silly audit   '@esbuild/win32-x64': [ '0.25.12' ],
309 silly audit   '@eslint-community/eslint-utils': [ '4.9.0' ],
309 silly audit   '@eslint-community/regexpp': [ '4.12.2' ],
309 silly audit   '@eslint/config-array': [ '0.21.1' ],
309 silly audit   'brace-expansion': [ '1.1.12', '2.0.2' ],
309 silly audit   minimatch: [ '3.1.2', '9.0.5' ],
309 silly audit   '@eslint/config-helpers': [ '0.4.2' ],
309 silly audit   '@eslint/core': [ '0.17.0' ],
309 silly audit   '@eslint/eslintrc': [ '3.3.3' ],
309 silly audit   '@eslint/js': [ '9.39.1' ],
309 silly audit   '@eslint/object-schema': [ '2.1.7' ],
309 silly audit   '@eslint/plugin-kit': [ '0.4.1' ],
309 silly audit   '@floating-ui/core': [ '1.7.3' ],
309 silly audit   '@floating-ui/dom': [ '1.7.4' ],
309 silly audit   '@floating-ui/utils': [ '0.2.10' ],
309 silly audit   '@floating-ui/vue': [ '1.1.9' ],
309 silly audit   'vue-demi': [ '0.14.10' ],
309 silly audit   '@humanfs/core': [ '0.19.1' ],
309 silly audit   '@humanfs/node': [ '0.16.7' ],
309 silly audit   '@humanwhocodes/module-importer': [ '1.0.1' ],
309 silly audit   '@humanwhocodes/retry': [ '0.4.3' ],
309 silly audit   '@inertiajs/core': [ '2.2.19' ],
309 silly audit   '@inertiajs/vue3': [ '2.2.19' ],
309 silly audit   '@internationalized/date': [ '3.10.0' ],
309 silly audit   '@internationalized/number': [ '3.6.5' ],
309 silly audit   '@jridgewell/gen-mapping': [ '0.3.13' ],
309 silly audit   '@jridgewell/remapping': [ '2.3.5' ],
309 silly audit   '@jridgewell/resolve-uri': [ '3.1.2' ],
309 silly audit   '@jridgewell/sourcemap-codec': [ '1.5.5' ],
309 silly audit   '@jridgewell/trace-mapping': [ '0.3.31' ],
309 silly audit   '@juggle/resize-observer': [ '3.4.0' ],
309 silly audit   '@laravel/echo-vue': [ '2.3.0' ],
309 silly audit   '@laravel/vite-plugin-wayfinder': [ '0.1.7' ],
309 silly audit   '@mapbox/geojson-rewind': [ '0.5.2' ],
309 silly audit   '@mapbox/jsonlint-lines-primitives': [ '2.0.2' ],
309 silly audit   '@mapbox/mapbox-gl-supported': [ '2.0.1' ],
309 silly audit   '@mapbox/point-geometry': [ '0.1.0' ],
309 silly audit   '@mapbox/tiny-sdf': [ '2.0.7' ],
309 silly audit   '@mapbox/unitbezier': [ '0.0.1' ],
309 silly audit   '@mapbox/vector-tile': [ '1.3.1' ],
309 silly audit   '@mapbox/whoots-js': [ '3.1.0' ],
309 silly audit   '@nodelib/fs.scandir': [ '2.1.5' ],
309 silly audit   '@nodelib/fs.stat': [ '2.0.5' ],
309 silly audit   '@nodelib/fs.walk': [ '1.2.8' ],
309 silly audit   '@rolldown/pluginutils': [ '1.0.0-beta.50' ],
309 silly audit   '@rollup/rollup-android-arm-eabi': [ '4.53.3' ],
309 silly audit   '@rollup/rollup-android-arm64': [ '4.53.3' ],
309 silly audit   '@rollup/rollup-darwin-arm64': [ '4.53.3' ],
309 silly audit   '@rollup/rollup-darwin-x64': [ '4.53.3' ],
309 silly audit   '@rollup/rollup-freebsd-arm64': [ '4.53.3' ],
309 silly audit   '@rollup/rollup-freebsd-x64': [ '4.53.3' ],
309 silly audit   '@rollup/rollup-linux-arm-gnueabihf': [ '4.53.3' ],
309 silly audit   '@rollup/rollup-linux-arm-musleabihf': [ '4.53.3' ],
309 silly audit   '@rollup/rollup-linux-arm64-gnu': [ '4.53.3' ],
309 silly audit   '@rollup/rollup-linux-arm64-musl': [ '4.53.3' ],
309 silly audit   '@rollup/rollup-linux-loong64-gnu': [ '4.53.3' ],
309 silly audit   '@rollup/rollup-linux-ppc64-gnu': [ '4.53.3' ],
309 silly audit   '@rollup/rollup-linux-riscv64-gnu': [ '4.53.3' ],
309 silly audit   '@rollup/rollup-linux-riscv64-musl': [ '4.53.3' ],
309 silly audit   '@rollup/rollup-linux-s390x-gnu': [ '4.53.3' ],
309 silly audit   '@rollup/rollup-linux-x64-gnu': [ '4.9.5', '4.53.3' ],
309 silly audit   '@rollup/rollup-linux-x64-musl': [ '4.53.3' ],
309 silly audit   '@rollup/rollup-openharmony-arm64': [ '4.53.3' ],
309 silly audit   '@rollup/rollup-win32-arm64-msvc': [ '4.53.3' ],
309 silly audit   '@rollup/rollup-win32-ia32-msvc': [ '4.53.3' ],
309 silly audit   '@rollup/rollup-win32-x64-gnu': [ '4.53.3' ],
309 silly audit   '@rollup/rollup-win32-x64-msvc': [ '4.9.5', '4.53.3' ],
309 silly audit   '@socket.io/component-emitter': [ '3.1.2' ],
309 silly audit   '@swc/helpers': [ '0.5.17' ],
309 silly audit   '@tailwindcss/node': [ '4.1.17' ],
309 silly audit   '@tailwindcss/oxide': [ '4.1.17' ],
309 silly audit   '@tailwindcss/oxide-android-arm64': [ '4.1.17' ],
309 silly audit   '@tailwindcss/oxide-darwin-arm64': [ '4.1.17' ],
309 silly audit   '@tailwindcss/oxide-darwin-x64': [ '4.1.17' ],
309 silly audit   '@tailwindcss/oxide-freebsd-x64': [ '4.1.17' ],
309 silly audit   '@tailwindcss/oxide-linux-arm-gnueabihf': [ '4.1.17' ],
309 silly audit   '@tailwindcss/oxide-linux-arm64-gnu': [ '4.1.17' ],
309 silly audit   '@tailwindcss/oxide-linux-arm64-musl': [ '4.1.17' ],
309 silly audit   '@tailwindcss/oxide-linux-x64-gnu': [ '4.1.17' ],
309 silly audit   '@tailwindcss/oxide-linux-x64-musl': [ '4.1.17' ],
309 silly audit   '@tailwindcss/oxide-win32-arm64-msvc': [ '4.1.17' ],
309 silly audit   '@tailwindcss/oxide-win32-x64-msvc': [ '4.1.17' ],
309 silly audit   '@tailwindcss/vite': [ '4.1.17' ],
309 silly audit   '@tanstack/table-core': [ '8.21.3' ],
309 silly audit   '@tanstack/virtual-core': [ '3.13.13' ],
309 silly audit   '@tanstack/vue-table': [ '8.21.3' ],
309 silly audit   '@tanstack/vue-virtual': [ '3.13.13' ],
309 silly audit   '@types/d3': [ '7.4.3' ],
309 silly audit   '@types/d3-array': [ '3.2.2' ],
309 silly audit   '@types/d3-axis': [ '3.0.6' ],
309 silly audit   '@types/d3-brush': [ '3.0.6' ],
309 silly audit   '@types/d3-chord': [ '3.0.6' ],
309 silly audit   '@types/d3-collection': [ '1.0.13' ],
309 silly audit   '@types/d3-color': [ '3.1.3' ],
309 silly audit   '@types/d3-contour': [ '3.0.6' ],
309 silly audit   '@types/d3-delaunay': [ '6.0.4' ],
309 silly audit   '@types/d3-dispatch': [ '3.0.7' ],
309 silly audit   '@types/d3-drag': [ '3.0.7' ],
309 silly audit   '@types/d3-dsv': [ '3.0.7' ],
309 silly audit   '@types/d3-ease': [ '3.0.2' ],
309 silly audit   '@types/d3-fetch': [ '3.0.7' ],
309 silly audit   '@types/d3-force': [ '3.0.10' ],
309 silly audit   '@types/d3-format': [ '3.0.4' ],
309 silly audit   '@types/d3-geo': [ '3.1.0' ],
309 silly audit   '@types/d3-hierarchy': [ '3.1.7' ],
309 silly audit   '@types/d3-interpolate': [ '3.0.4' ],
309 silly audit   '@types/d3-path': [ '3.1.1', '1.0.11' ],
309 silly audit   '@types/d3-polygon': [ '3.0.2' ],
309 silly audit   '@types/d3-quadtree': [ '3.0.6' ],
309 silly audit   '@types/d3-random': [ '3.0.3' ],
309 silly audit   '@types/d3-sankey': [ '0.11.2' ],
309 silly audit   '@types/d3-shape': [ '1.3.12', '3.1.7' ],
309 silly audit   '@types/d3-scale': [ '4.0.9' ],
309 silly audit   '@types/d3-scale-chromatic': [ '3.1.0' ],
309 silly audit   '@types/d3-selection': [ '3.0.11' ],
309 silly audit   '@types/d3-time': [ '3.0.4' ],
309 silly audit   '@types/d3-time-format': [ '4.0.3' ],
309 silly audit   '@types/d3-timer': [ '3.0.2' ],
309 silly audit   '@types/d3-transition': [ '3.0.9' ],
309 silly audit   '@types/d3-zoom': [ '3.0.8' ],
309 silly audit   '@types/dagre': [ '0.7.53' ],
309 silly audit   '@types/estree': [ '1.0.8' ],
309 silly audit   '@types/geojson': [ '7946.0.16' ],
309 silly audit   '@types/json-schema': [ '7.0.15' ],
309 silly audit   '@types/leaflet': [ '1.7.6' ],
309 silly audit   '@types/lodash': [ '4.17.21' ],
309 silly audit   '@types/lodash-es': [ '4.17.12' ],
309 silly audit   '@types/mapbox__point-geometry': [ '0.1.4' ],
309 silly audit   '@types/mapbox__vector-tile': [ '1.3.4' ],
309 silly audit   '@types/node': [ '22.19.1' ],
309 silly audit   '@types/parse-json': [ '4.0.2' ],
309 silly audit   '@types/pbf': [ '3.0.5' ],
309 silly audit   '@types/supercluster': [ '5.0.3' ],
309 silly audit   '@types/three': [ '0.135.0' ],
309 silly audit   '@types/throttle-debounce': [ '5.0.2' ],
309 silly audit   '@types/topojson': [ '3.2.6' ],
309 silly audit   '@types/topojson-client': [ '3.1.5' ],
309 silly audit   '@types/topojson-server': [ '3.0.4' ],
309 silly audit   '@types/topojson-simplify': [ '3.0.3' ],
309 silly audit   '@types/topojson-specification': [ '1.0.5' ],
309 silly audit   '@types/web-bluetooth': [ '0.0.21', '0.0.20' ],
309 silly audit   '@typescript-eslint/eslint-plugin': [ '8.48.1' ],
309 silly audit   ignore: [ '7.0.5', '5.3.2' ],
309 silly audit   '@typescript-eslint/parser': [ '8.48.1' ],
309 silly audit   '@typescript-eslint/project-service': [ '8.48.1' ],
309 silly audit   '@typescript-eslint/scope-manager': [ '8.48.1' ],
309 silly audit   '@typescript-eslint/tsconfig-utils': [ '8.48.1' ],
309 silly audit   '@typescript-eslint/type-utils': [ '8.48.1' ],
309 silly audit   '@typescript-eslint/types': [ '8.48.1' ],
309 silly audit   '@typescript-eslint/typescript-estree': [ '8.48.1' ],
309 silly audit   '@typescript-eslint/utils': [ '8.48.1' ],
309 silly audit   '@typescript-eslint/visitor-keys': [ '8.48.1' ],
309 silly audit   'eslint-visitor-keys': [ '4.2.1', '3.4.3' ],
309 silly audit   '@unovis/dagre-layout': [ '0.8.8-2' ],
309 silly audit   '@unovis/graphlibrary': [ '2.2.0-2' ],
309 silly audit   '@unovis/ts': [ '1.6.2' ],
309 silly audit   '@unovis/vue': [ '1.6.2' ],
309 silly audit   '@vitejs/plugin-vue': [ '6.0.2' ],
309 silly audit   '@volar/language-core': [ '2.4.15' ],
309 silly audit   '@volar/source-map': [ '2.4.15' ],
309 silly audit   '@volar/typescript': [ '2.4.15' ],
309 silly audit   '@vue/compiler-core': [ '3.5.25' ],
309 silly audit   '@vue/compiler-dom': [ '3.5.25' ],
309 silly audit   '@vue/compiler-sfc': [ '3.5.25' ],
309 silly audit   '@vue/compiler-ssr': [ '3.5.25' ],
309 silly audit   '@vue/compiler-vue2': [ '2.7.16' ],
309 silly audit   '@vue/eslint-config-typescript': [ '14.6.0' ],
309 silly audit   '@vue/language-core': [ '2.2.12' ],
309 silly audit   '@vue/reactivity': [ '3.5.25' ],
309 silly audit   '@vue/runtime-core': [ '3.5.25' ],
309 silly audit   '@vue/runtime-dom': [ '3.5.25' ],
309 silly audit   '@vue/server-renderer': [ '3.5.25' ],
309 silly audit   '@vue/shared': [ '3.5.25' ],
309 silly audit   '@vueuse/core': [ '12.8.2', '10.11.1' ],
309 silly audit   '@vueuse/metadata': [ '12.8.2', '10.11.1' ],
309 silly audit   '@vueuse/shared': [ '12.8.2', '10.11.1' ],
309 silly audit   acorn: [ '8.15.0' ],
309 silly audit   'acorn-jsx': [ '5.3.2' ],
309 silly audit   ajv: [ '6.12.6' ],
309 silly audit   'alien-signals': [ '1.0.13' ],
309 silly audit   'ansi-regex': [ '5.0.1' ],
309 silly audit   'ansi-styles': [ '4.3.0' ],
309 silly audit   argparse: [ '2.0.1' ],
309 silly audit   'aria-hidden': [ '1.2.6' ],
309 silly audit   asynckit: [ '0.4.0' ],
309 silly audit   axios: [ '1.13.2' ],
309 silly audit   'babel-plugin-macros': [ '3.1.0' ],
309 silly audit   'balanced-match': [ '1.0.2' ],
309 silly audit   boolbase: [ '1.0.0' ],
309 silly audit   braces: [ '3.0.3' ],
309 silly audit   'call-bind-apply-helpers': [ '1.0.2' ],
309 silly audit   'call-bound': [ '1.0.4' ],
309 silly audit   callsites: [ '3.1.0' ],
309 silly audit   chalk: [ '4.1.2' ],
309 silly audit   'supports-color': [ '7.2.0', '8.1.1' ],
309 silly audit   'class-variance-authority': [ '0.7.1' ],
309 silly audit   cliui: [ '8.0.1' ],
309 silly audit   clsx: [ '2.1.1' ],
309 silly audit   'color-convert': [ '2.0.1' ],
309 silly audit   'color-name': [ '1.1.4' ],
309 silly audit   'combined-stream': [ '1.0.8' ],
309 silly audit   commander: [ '7.2.0', '2.20.3' ],
309 silly audit   'concat-map': [ '0.0.1' ],
309 silly audit   concurrently: [ '9.2.1' ],
309 silly audit   'convert-source-map': [ '1.9.0' ],
309 silly audit   cosmiconfig: [ '7.1.0' ],
309 silly audit   yaml: [ '1.10.2' ],
309 silly audit   'cross-spawn': [ '7.0.6' ],
309 silly audit   csscolorparser: [ '1.0.3' ],
309 silly audit   cssesc: [ '3.0.0' ],
309 silly audit   csstype: [ '3.2.3' ],
309 silly audit   d3: [ '7.9.0' ],
309 silly audit   'd3-array': [ '3.2.4', '2.12.1' ],
309 silly audit   'd3-axis': [ '3.0.0' ],
309 silly audit   'd3-brush': [ '3.0.0' ],
309 silly audit   'd3-chord': [ '3.0.1' ],
309 silly audit   'd3-collection': [ '1.0.7' ],
309 silly audit   'd3-color': [ '3.1.0' ],
309 silly audit   'd3-contour': [ '4.0.2' ],
309 silly audit   'd3-delaunay': [ '6.0.4' ],
309 silly audit   'd3-dispatch': [ '3.0.1' ],
309 silly audit   'd3-drag': [ '3.0.0' ],
309 silly audit   'd3-dsv': [ '3.0.1' ],
309 silly audit   'd3-ease': [ '3.0.1' ],
309 silly audit   'd3-fetch': [ '3.0.1' ],
309 silly audit   'd3-force': [ '3.0.0' ],
309 silly audit   'd3-format': [ '3.1.0' ],
309 silly audit   'd3-geo': [ '3.1.1' ],
309 silly audit   'd3-geo-projection': [ '4.0.0' ],
309 silly audit   'd3-hierarchy': [ '3.1.2' ],
309 silly audit   'd3-interpolate': [ '3.0.1' ],
309 silly audit   'd3-interpolate-path': [ '2.3.0' ],
309 silly audit   'd3-path': [ '3.1.0', '1.0.9' ],
309 silly audit   'd3-polygon': [ '3.0.1' ],
309 silly audit   'd3-quadtree': [ '3.0.1' ],
309 silly audit   'd3-random': [ '3.0.1' ],
309 silly audit   'd3-sankey': [ '0.12.3' ],
309 silly audit   'd3-shape': [ '1.3.7', '3.2.0' ],
309 silly audit   internmap: [ '1.0.1', '2.0.3' ],
309 silly audit   'd3-scale': [ '4.0.2' ],
309 silly audit   'd3-scale-chromatic': [ '3.1.0' ],
309 silly audit   'd3-selection': [ '3.0.0' ],
309 silly audit   'd3-time': [ '3.1.0' ],
309 silly audit   'd3-time-format': [ '4.1.0' ],
309 silly audit   'd3-timer': [ '3.0.1' ],
309 silly audit   'd3-transition': [ '3.0.1' ],
309 silly audit   'd3-zoom': [ '3.0.0' ],
309 silly audit   'date-fns': [ '4.1.0' ],
309 silly audit   'de-indent': [ '1.0.2' ],
309 silly audit   debug: [ '4.4.3' ],
309 silly audit   'deep-is': [ '0.1.4' ],
309 silly audit   defu: [ '6.1.4' ],
309 silly audit   delaunator: [ '5.0.1' ],
309 silly audit   'delayed-stream': [ '1.0.0' ],
309 silly audit   'detect-libc': [ '2.1.2' ],
309 silly audit   'dunder-proto': [ '1.0.1' ],
309 silly audit   earcut: [ '2.2.4' ],
309 silly audit   elkjs: [ '0.10.2' ],
309 silly audit   'emoji-regex': [ '8.0.0' ],
309 silly audit   'engine.io-client': [ '6.6.4' ],
309 silly audit   'engine.io-parser': [ '5.2.3' ],
309 silly audit   'enhanced-resolve': [ '5.18.3' ],
309 silly audit   entities: [ '4.5.0' ],
309 silly audit   'error-ex': [ '1.3.4' ],
309 silly audit   'es-define-property': [ '1.0.1' ],
309 silly audit   'es-errors': [ '1.3.0' ],
309 silly audit   'es-object-atoms': [ '1.1.1' ],
309 silly audit   'es-set-tostringtag': [ '2.1.0' ],
309 silly audit   esbuild: [ '0.25.12' ],
309 silly audit   escalade: [ '3.2.0' ],
309 silly audit   'escape-string-regexp': [ '4.0.0' ],
309 silly audit   eslint: [ '9.39.1' ],
309 silly audit   'eslint-config-prettier': [ '10.1.8' ],
309 silly audit   'eslint-plugin-vue': [ '9.33.0' ],
309 silly audit   'eslint-scope': [ '7.2.2', '8.4.0' ],
309 silly audit   espree: [ '9.6.1', '10.4.0' ],
309 silly audit   globals: [ '13.24.0', '14.0.0' ],
309 silly audit   'vue-eslint-parser': [ '9.4.3', '10.2.0' ],
309 silly audit   esquery: [ '1.6.0' ],
309 silly audit   esrecurse: [ '4.3.0' ],
309 silly audit   estraverse: [ '5.3.0' ],
309 silly audit   'estree-walker': [ '2.0.2' ],
309 silly audit   esutils: [ '2.0.3' ],
309 silly audit   'fast-deep-equal': [ '3.1.3' ],
309 silly audit   'fast-glob': [ '3.3.3' ],
309 silly audit   'glob-parent': [ '5.1.2', '6.0.2' ],
309 silly audit   'fast-json-stable-stringify': [ '2.1.0' ],
309 silly audit   'fast-levenshtein': [ '2.0.6' ],
309 silly audit   fastq: [ '1.19.1' ],
309 silly audit   'file-entry-cache': [ '8.0.0' ],
309 silly audit   'fill-range': [ '7.1.1' ],
309 silly audit   'find-root': [ '1.1.0' ],
309 silly audit   'find-up': [ '5.0.0' ],
309 silly audit   'flat-cache': [ '4.0.1' ],
309 silly audit   flatted: [ '3.3.3' ],
309 silly audit   'follow-redirects': [ '1.15.11' ],
309 silly audit   'form-data': [ '4.0.5' ],
309 silly audit   fsevents: [ '2.3.3' ],
309 silly audit   'function-bind': [ '1.1.2' ],
309 silly audit   geojson: [ '0.5.0' ],
309 silly audit   'geojson-vt': [ '3.2.1' ],
309 silly audit   'get-caller-file': [ '2.0.5' ],
309 silly audit   'get-intrinsic': [ '1.3.0' ],
309 silly audit   'get-proto': [ '1.0.1' ],
309 silly audit   'get-stream': [ '6.0.1' ],
309 silly audit   'gl-matrix': [ '3.4.4' ],
309 silly audit   'global-prefix': [ '3.0.0' ],
309 silly audit   which: [ '1.3.1', '2.0.2' ],
309 silly audit   gopd: [ '1.2.0' ],
309 silly audit   'graceful-fs': [ '4.2.11' ],
309 silly audit   graphemer: [ '1.4.0' ],
309 silly audit   'has-flag': [ '4.0.0' ],
309 silly audit   'has-symbols': [ '1.1.0' ],
309 silly audit   'has-tostringtag': [ '1.0.2' ],
309 silly audit   hasown: [ '2.0.2' ],
309 silly audit   he: [ '1.2.0' ],
309 silly audit   'iconv-lite': [ '0.6.3' ],
309 silly audit   ieee754: [ '1.2.1' ],
309 silly audit   'import-fresh': [ '3.3.1' ],
309 silly audit   imurmurhash: [ '0.1.4' ],
309 silly audit   ini: [ '1.3.8' ],
309 silly audit   'is-arrayish': [ '0.2.1' ],
309 silly audit   'is-core-module': [ '2.16.1' ],
309 silly audit   'is-extglob': [ '2.1.1' ],
309 silly audit   'is-fullwidth-code-point': [ '3.0.0' ],
309 silly audit   'is-glob': [ '4.0.3' ],
309 silly audit   'is-number': [ '7.0.0' ],
309 silly audit   isexe: [ '2.0.0' ],
309 silly audit   jiti: [ '2.6.1' ],
309 silly audit   'js-tokens': [ '4.0.0' ],
309 silly audit   'js-yaml': [ '4.1.1' ],
309 silly audit   jsesc: [ '3.1.0' ],
309 silly audit   'json-buffer': [ '3.0.1' ],
309 silly audit   'json-parse-even-better-errors': [ '2.3.1' ],
309 silly audit   'json-schema-traverse': [ '0.4.1' ],
309 silly audit   'json-stable-stringify-without-jsonify': [ '1.0.1' ],
309 silly audit   kdbush: [ '3.0.0' ],
309 silly audit   keyv: [ '4.5.4' ],
309 silly audit   'kind-of': [ '6.0.3' ],
309 silly audit   'laravel-echo': [ '2.3.0' ],
309 silly audit   'laravel-vite-plugin': [ '2.0.1' ],
309 silly audit   leaflet: [ '1.7.1' ],
309 silly audit   levn: [ '0.4.1' ],
309 silly audit   lightningcss: [ '1.30.2' ],
309 silly audit   'lightningcss-android-arm64': [ '1.30.2' ],
309 silly audit   'lightningcss-darwin-arm64': [ '1.30.2' ],
309 silly audit   'lightningcss-darwin-x64': [ '1.30.2' ],
309 silly audit   'lightningcss-freebsd-x64': [ '1.30.2' ],
309 silly audit   'lightningcss-linux-arm-gnueabihf': [ '1.30.2' ],
309 silly audit   'lightningcss-linux-arm64-gnu': [ '1.30.2' ],
309 silly audit   'lightningcss-linux-arm64-musl': [ '1.30.2' ],
309 silly audit   'lightningcss-linux-x64-gnu': [ '1.30.2' ],
309 silly audit   'lightningcss-linux-x64-musl': [ '1.30.2' ],
309 silly audit   'lightningcss-win32-arm64-msvc': [ '1.30.2' ],
309 silly audit   'lightningcss-win32-x64-msvc': [ '1.30.2' ],
309 silly audit   'lines-and-columns': [ '1.2.4' ],
309 silly audit   'locate-path': [ '6.0.0' ],
309 silly audit   lodash: [ '4.17.21' ],
309 silly audit   'lodash-es': [ '4.17.21' ],
309 silly audit   'lodash.merge': [ '4.6.2' ],
309 silly audit   'lucide-vue-next': [ '0.468.0' ],
309 silly audit   'magic-string': [ '0.30.21' ],
309 silly audit   'maplibre-gl': [ '2.4.0' ],
309 silly audit   'math-intrinsics': [ '1.1.0' ],
309 silly audit   merge2: [ '1.4.1' ],
309 silly audit   micromatch: [ '4.0.8' ],
309 silly audit   'mime-db': [ '1.52.0' ],
309 silly audit   'mime-types': [ '2.1.35' ],
309 silly audit   minimist: [ '1.2.8' ],
309 silly audit   ms: [ '2.1.3' ],
309 silly audit   'muggle-string': [ '0.4.1' ],
309 silly audit   'murmurhash-js': [ '1.0.0' ],
309 silly audit   nanoid: [ '3.3.11', '5.1.6' ],
309 silly audit   'natural-compare': [ '1.4.0' ],
309 silly audit   'nth-check': [ '2.1.1' ],
309 silly audit   'object-inspect': [ '1.13.4' ],
309 silly audit   ohash: [ '2.0.11' ],
309 silly audit   optionator: [ '0.9.4' ],
309 silly audit   'p-limit': [ '3.1.0' ],
309 silly audit   'p-locate': [ '5.0.0' ],
309 silly audit   'parent-module': [ '1.0.1' ],
309 silly audit   'parse-json': [ '5.2.0' ],
309 silly audit   'parse-unit': [ '1.0.1' ],
309 silly audit   'path-browserify': [ '1.0.1' ],
309 silly audit   'path-exists': [ '4.0.0' ],
309 silly audit   'path-key': [ '3.1.1' ],
309 silly audit   'path-parse': [ '1.0.7' ],
309 silly audit   'path-type': [ '4.0.0' ],
309 silly audit   pbf: [ '3.3.0' ],
309 silly audit   picocolors: [ '1.1.1' ],
309 silly audit   picomatch: [ '2.3.1', '4.0.3' ],
309 silly audit   postcss: [ '8.5.6' ],
309 silly audit   'postcss-selector-parser': [ '6.1.2' ],
309 silly audit   potpack: [ '1.0.2' ],
309 silly audit   'prelude-ls': [ '1.2.1' ],
309 silly audit   prettier: [ '3.7.4' ],
309 silly audit   'prettier-plugin-organize-imports': [ '4.3.0' ],
309 silly audit   'prettier-plugin-tailwindcss': [ '0.6.14' ],
309 silly audit   'protocol-buffers-schema': [ '3.6.0' ],
309 silly audit   'proxy-from-env': [ '1.1.0' ],
309 silly audit   punycode: [ '2.3.1' ],
309 silly audit   'pusher-js': [ '8.4.0' ],
309 silly audit   qs: [ '6.14.1' ],
309 silly audit   'queue-microtask': [ '1.2.3' ],
309 silly audit   quickselect: [ '2.0.0' ],
309 silly audit   'radix-vue': [ '1.9.17' ],
309 silly audit   'reka-ui': [ '2.7.0' ],
309 silly audit   'require-directory': [ '2.1.1' ],
309 silly audit   resolve: [ '1.22.11' ],
309 silly audit   'resolve-from': [ '4.0.0' ],
309 silly audit   'resolve-protobuf-schema': [ '2.1.0' ],
309 silly audit   reusify: [ '1.1.0' ],
309 silly audit   'robust-predicates': [ '3.0.2' ],
309 silly audit   rollup: [ '4.53.3' ],
309 silly audit   'run-parallel': [ '1.2.0' ],
309 silly audit   rw: [ '1.3.3' ],
309 silly audit   rxjs: [ '7.8.2' ],
309 silly audit   'safer-buffer': [ '2.1.2' ],
309 silly audit   semver: [ '7.7.3' ],
309 silly audit   'shebang-command': [ '2.0.0' ],
309 silly audit   'shebang-regex': [ '3.0.0' ],
309 silly audit   'shell-quote': [ '1.8.3' ],
309 silly audit   'side-channel': [ '1.1.0' ],
309 silly audit   'side-channel-list': [ '1.0.0' ],
309 silly audit   'side-channel-map': [ '1.0.1' ],
309 silly audit   'side-channel-weakmap': [ '1.0.2' ],
309 silly audit   'socket.io-client': [ '4.8.3' ],
309 silly audit   'socket.io-parser': [ '4.2.5' ],
309 silly audit   'source-map': [ '0.5.7' ],
309 silly audit   'source-map-js': [ '1.2.1' ],
309 silly audit   'string-width': [ '4.2.3' ],
309 silly audit   'strip-ansi': [ '6.0.1' ],
309 silly audit   'strip-json-comments': [ '3.1.1' ],
309 silly audit   striptags: [ '3.2.0' ],
309 silly audit   stylis: [ '4.2.0' ],
309 silly audit   supercluster: [ '7.1.5' ],
309 silly audit   'supports-preserve-symlinks-flag': [ '1.0.0' ],
309 silly audit   'tailwind-merge': [ '3.4.0' ],
309 silly audit   tailwindcss: [ '4.1.17' ],
309 silly audit   tapable: [ '2.3.0' ],
309 silly audit   three: [ '0.135.0' ],
309 silly audit   'throttle-debounce': [ '5.0.2' ],
309 silly audit   tinyglobby: [ '0.2.15' ],
309 silly audit   fdir: [ '6.5.0' ],
309 silly audit   tinyqueue: [ '2.0.3' ],
309 silly audit   'to-px': [ '1.1.0' ],
309 silly audit   'to-regex-range': [ '5.0.1' ],
309 silly audit   'topojson-client': [ '3.1.0' ],
309 silly audit   'tree-kill': [ '1.2.2' ],
309 silly audit   'ts-api-utils': [ '2.1.0' ],
309 silly audit   tslib: [ '2.8.1' ],
309 silly audit   'tw-animate-css': [ '1.4.0' ],
309 silly audit   tweetnacl: [ '1.0.3' ],
309 silly audit   'type-check': [ '0.4.0' ],
309 silly audit   'type-fest': [ '0.20.2' ],
309 silly audit   typescript: [ '5.9.3' ],
309 silly audit   'typescript-eslint': [ '8.48.1' ],
309 silly audit   'undici-types': [ '6.21.0' ],
309 silly audit   'uri-js': [ '4.4.1' ],
309 silly audit   'util-deprecate': [ '1.0.2' ],
309 silly audit   vite: [ '7.2.7' ],
309 silly audit   'vite-plugin-full-reload': [ '1.2.0' ],
309 silly audit   'vscode-uri': [ '3.1.0' ],
309 silly audit   'vt-pbf': [ '3.1.3' ],
309 silly audit   vue: [ '3.5.25' ],
309 silly audit   'vue-input-otp': [ '0.3.2' ],
309 silly audit   'vue-sonner': [ '2.0.9' ],
309 silly audit   'vue-tsc': [ '2.2.12' ],
309 silly audit   'word-wrap': [ '1.2.5' ],
309 silly audit   'wrap-ansi': [ '7.0.0' ],
309 silly audit   ws: [ '8.18.3' ],
309 silly audit   'xml-name-validator': [ '4.0.0' ],
309 silly audit   'xmlhttprequest-ssl': [ '2.1.2' ],
309 silly audit   y18n: [ '5.0.8' ],
309 silly audit   yargs: [ '17.7.2' ],
309 silly audit   'yargs-parser': [ '21.1.1' ],
309 silly audit   'yocto-queue': [ '0.1.0' ],
309 silly audit   '@tailwindcss/oxide-wasm32-wasi': [ '4.1.17' ]
309 silly audit }
310 verbose reify failed optional dependency C:\Users\jose\Downloads\sistema-colas-master\sistema-colas-master\node_modules\@tailwindcss\oxide-win32-arm64-msvc
311 silly reify mark deleted [
311 silly reify   'C:\\Users\\jose\\Downloads\\sistema-colas-master\\sistema-colas-master\\node_modules\\@tailwindcss\\oxide-win32-arm64-msvc'
311 silly reify ]
312 verbose reify failed optional dependency C:\Users\jose\Downloads\sistema-colas-master\sistema-colas-master\node_modules\@tailwindcss\oxide-linux-arm64-musl
313 silly reify mark deleted [
313 silly reify   'C:\\Users\\jose\\Downloads\\sistema-colas-master\\sistema-colas-master\\node_modules\\@tailwindcss\\oxide-linux-arm64-musl'
313 silly reify ]
314 verbose reify failed optional dependency C:\Users\jose\Downloads\sistema-colas-master\sistema-colas-master\node_modules\@tailwindcss\oxide-linux-x64-musl
315 silly reify mark deleted [
315 silly reify   'C:\\Users\\jose\\Downloads\\sistema-colas-master\\sistema-colas-master\\node_modules\\@tailwindcss\\oxide-linux-x64-musl'
315 silly reify ]
316 verbose reify failed optional dependency C:\Users\jose\Downloads\sistema-colas-master\sistema-colas-master\node_modules\@tailwindcss\oxide-linux-x64-gnu
317 silly reify mark deleted [
317 silly reify   'C:\\Users\\jose\\Downloads\\sistema-colas-master\\sistema-colas-master\\node_modules\\@tailwindcss\\oxide-linux-x64-gnu'
317 silly reify ]
318 verbose reify failed optional dependency C:\Users\jose\Downloads\sistema-colas-master\sistema-colas-master\node_modules\@tailwindcss\oxide-linux-arm64-gnu
319 silly reify mark deleted [
319 silly reify   'C:\\Users\\jose\\Downloads\\sistema-colas-master\\sistema-colas-master\\node_modules\\@tailwindcss\\oxide-linux-arm64-gnu'
319 silly reify ]
320 verbose reify failed optional dependency C:\Users\jose\Downloads\sistema-colas-master\sistema-colas-master\node_modules\@tailwindcss\oxide-linux-arm-gnueabihf
321 silly reify mark deleted [
321 silly reify   'C:\\Users\\jose\\Downloads\\sistema-colas-master\\sistema-colas-master\\node_modules\\@tailwindcss\\oxide-linux-arm-gnueabihf'
321 silly reify ]
322 verbose reify failed optional dependency C:\Users\jose\Downloads\sistema-colas-master\sistema-colas-master\node_modules\@tailwindcss\oxide-freebsd-x64
323 silly reify mark deleted [
323 silly reify   'C:\\Users\\jose\\Downloads\\sistema-colas-master\\sistema-colas-master\\node_modules\\@tailwindcss\\oxide-freebsd-x64'
323 silly reify ]
324 verbose reify failed optional dependency C:\Users\jose\Downloads\sistema-colas-master\sistema-colas-master\node_modules\@tailwindcss\oxide-darwin-x64
325 silly reify mark deleted [
325 silly reify   'C:\\Users\\jose\\Downloads\\sistema-colas-master\\sistema-colas-master\\node_modules\\@tailwindcss\\oxide-darwin-x64'
325 silly reify ]
326 verbose reify failed optional dependency C:\Users\jose\Downloads\sistema-colas-master\sistema-colas-master\node_modules\@tailwindcss\oxide-darwin-arm64
327 silly reify mark deleted [
327 silly reify   'C:\\Users\\jose\\Downloads\\sistema-colas-master\\sistema-colas-master\\node_modules\\@tailwindcss\\oxide-darwin-arm64'
327 silly reify ]
328 verbose reify failed optional dependency C:\Users\jose\Downloads\sistema-colas-master\sistema-colas-master\node_modules\@tailwindcss\oxide-android-arm64
329 silly reify mark deleted [
329 silly reify   'C:\\Users\\jose\\Downloads\\sistema-colas-master\\sistema-colas-master\\node_modules\\@tailwindcss\\oxide-android-arm64'
329 silly reify ]
330 verbose reify failed optional dependency C:\Users\jose\Downloads\sistema-colas-master\sistema-colas-master\node_modules\@rollup\rollup-win32-arm64-msvc
331 silly reify mark deleted [
331 silly reify   'C:\\Users\\jose\\Downloads\\sistema-colas-master\\sistema-colas-master\\node_modules\\@rollup\\rollup-win32-arm64-msvc'
331 silly reify ]
332 verbose reify failed optional dependency C:\Users\jose\Downloads\sistema-colas-master\sistema-colas-master\node_modules\@rollup\rollup-win32-ia32-msvc
333 silly reify mark deleted [
333 silly reify   'C:\\Users\\jose\\Downloads\\sistema-colas-master\\sistema-colas-master\\node_modules\\@rollup\\rollup-win32-ia32-msvc'
333 silly reify ]
334 verbose reify failed optional dependency C:\Users\jose\Downloads\sistema-colas-master\sistema-colas-master\node_modules\@rollup\rollup-openharmony-arm64
335 silly reify mark deleted [
335 silly reify   'C:\\Users\\jose\\Downloads\\sistema-colas-master\\sistema-colas-master\\node_modules\\@rollup\\rollup-openharmony-arm64'
335 silly reify ]
336 verbose reify failed optional dependency C:\Users\jose\Downloads\sistema-colas-master\sistema-colas-master\node_modules\@rollup\rollup-linux-x64-musl
337 silly reify mark deleted [
337 silly reify   'C:\\Users\\jose\\Downloads\\sistema-colas-master\\sistema-colas-master\\node_modules\\@rollup\\rollup-linux-x64-musl'
337 silly reify ]
338 verbose reify failed optional dependency C:\Users\jose\Downloads\sistema-colas-master\sistema-colas-master\node_modules\@rollup\rollup-linux-x64-gnu
339 silly reify mark deleted [
339 silly reify   'C:\\Users\\jose\\Downloads\\sistema-colas-master\\sistema-colas-master\\node_modules\\@rollup\\rollup-linux-x64-gnu'
339 silly reify ]
340 verbose reify failed optional dependency C:\Users\jose\Downloads\sistema-colas-master\sistema-colas-master\node_modules\@rollup\rollup-linux-riscv64-musl
341 silly reify mark deleted [
341 silly reify   'C:\\Users\\jose\\Downloads\\sistema-colas-master\\sistema-colas-master\\node_modules\\@rollup\\rollup-linux-riscv64-musl'
341 silly reify ]
342 verbose reify failed optional dependency C:\Users\jose\Downloads\sistema-colas-master\sistema-colas-master\node_modules\@rollup\rollup-linux-s390x-gnu
343 silly reify mark deleted [
343 silly reify   'C:\\Users\\jose\\Downloads\\sistema-colas-master\\sistema-colas-master\\node_modules\\@rollup\\rollup-linux-s390x-gnu'
343 silly reify ]
344 verbose reify failed optional dependency C:\Users\jose\Downloads\sistema-colas-master\sistema-colas-master\node_modules\@rollup\rollup-linux-riscv64-gnu
345 silly reify mark deleted [
345 silly reify   'C:\\Users\\jose\\Downloads\\sistema-colas-master\\sistema-colas-master\\node_modules\\@rollup\\rollup-linux-riscv64-gnu'
345 silly reify ]
346 verbose reify failed optional dependency C:\Users\jose\Downloads\sistema-colas-master\sistema-colas-master\node_modules\@rollup\rollup-linux-ppc64-gnu
347 silly reify mark deleted [
347 silly reify   'C:\\Users\\jose\\Downloads\\sistema-colas-master\\sistema-colas-master\\node_modules\\@rollup\\rollup-linux-ppc64-gnu'
347 silly reify ]
348 verbose reify failed optional dependency C:\Users\jose\Downloads\sistema-colas-master\sistema-colas-master\node_modules\@rollup\rollup-linux-loong64-gnu
349 silly reify mark deleted [
349 silly reify   'C:\\Users\\jose\\Downloads\\sistema-colas-master\\sistema-colas-master\\node_modules\\@rollup\\rollup-linux-loong64-gnu'
349 silly reify ]
350 verbose reify failed optional dependency C:\Users\jose\Downloads\sistema-colas-master\sistema-colas-master\node_modules\@rollup\rollup-linux-arm64-musl
351 silly reify mark deleted [
351 silly reify   'C:\\Users\\jose\\Downloads\\sistema-colas-master\\sistema-colas-master\\node_modules\\@rollup\\rollup-linux-arm64-musl'
351 silly reify ]
352 verbose reify failed optional dependency C:\Users\jose\Downloads\sistema-colas-master\sistema-colas-master\node_modules\@rollup\rollup-linux-arm-musleabihf
353 silly reify mark deleted [
353 silly reify   'C:\\Users\\jose\\Downloads\\sistema-colas-master\\sistema-colas-master\\node_modules\\@rollup\\rollup-linux-arm-musleabihf'
353 silly reify ]
354 verbose reify failed optional dependency C:\Users\jose\Downloads\sistema-colas-master\sistema-colas-master\node_modules\@rollup\rollup-linux-arm64-gnu
355 silly reify mark deleted [
355 silly reify   'C:\\Users\\jose\\Downloads\\sistema-colas-master\\sistema-colas-master\\node_modules\\@rollup\\rollup-linux-arm64-gnu'
355 silly reify ]
356 verbose reify failed optional dependency C:\Users\jose\Downloads\sistema-colas-master\sistema-colas-master\node_modules\@rollup\rollup-linux-arm-gnueabihf
357 silly reify mark deleted [
357 silly reify   'C:\\Users\\jose\\Downloads\\sistema-colas-master\\sistema-colas-master\\node_modules\\@rollup\\rollup-linux-arm-gnueabihf'
357 silly reify ]
358 verbose reify failed optional dependency C:\Users\jose\Downloads\sistema-colas-master\sistema-colas-master\node_modules\@rollup\rollup-freebsd-arm64
359 silly reify mark deleted [
359 silly reify   'C:\\Users\\jose\\Downloads\\sistema-colas-master\\sistema-colas-master\\node_modules\\@rollup\\rollup-freebsd-arm64'
359 silly reify ]
360 verbose reify failed optional dependency C:\Users\jose\Downloads\sistema-colas-master\sistema-colas-master\node_modules\@rollup\rollup-android-arm-eabi
361 silly reify mark deleted [
361 silly reify   'C:\\Users\\jose\\Downloads\\sistema-colas-master\\sistema-colas-master\\node_modules\\@rollup\\rollup-android-arm-eabi'
361 silly reify ]
362 verbose reify failed optional dependency C:\Users\jose\Downloads\sistema-colas-master\sistema-colas-master\node_modules\@rollup\rollup-freebsd-x64
363 silly reify mark deleted [
363 silly reify   'C:\\Users\\jose\\Downloads\\sistema-colas-master\\sistema-colas-master\\node_modules\\@rollup\\rollup-freebsd-x64'
363 silly reify ]
364 verbose reify failed optional dependency C:\Users\jose\Downloads\sistema-colas-master\sistema-colas-master\node_modules\@rollup\rollup-darwin-x64
365 silly reify mark deleted [
365 silly reify   'C:\\Users\\jose\\Downloads\\sistema-colas-master\\sistema-colas-master\\node_modules\\@rollup\\rollup-darwin-x64'
365 silly reify ]
366 verbose reify failed optional dependency C:\Users\jose\Downloads\sistema-colas-master\sistema-colas-master\node_modules\@rollup\rollup-darwin-arm64
367 silly reify mark deleted [
367 silly reify   'C:\\Users\\jose\\Downloads\\sistema-colas-master\\sistema-colas-master\\node_modules\\@rollup\\rollup-darwin-arm64'
367 silly reify ]
368 verbose reify failed optional dependency C:\Users\jose\Downloads\sistema-colas-master\sistema-colas-master\node_modules\@rollup\rollup-android-arm64
369 silly reify mark deleted [
369 silly reify   'C:\\Users\\jose\\Downloads\\sistema-colas-master\\sistema-colas-master\\node_modules\\@rollup\\rollup-android-arm64'
369 silly reify ]
370 verbose reify failed optional dependency C:\Users\jose\Downloads\sistema-colas-master\sistema-colas-master\node_modules\@esbuild\win32-ia32
371 silly reify mark deleted [
371 silly reify   'C:\\Users\\jose\\Downloads\\sistema-colas-master\\sistema-colas-master\\node_modules\\@esbuild\\win32-ia32'
371 silly reify ]
372 verbose reify failed optional dependency C:\Users\jose\Downloads\sistema-colas-master\sistema-colas-master\node_modules\@esbuild\win32-arm64
373 silly reify mark deleted [
373 silly reify   'C:\\Users\\jose\\Downloads\\sistema-colas-master\\sistema-colas-master\\node_modules\\@esbuild\\win32-arm64'
373 silly reify ]
374 verbose reify failed optional dependency C:\Users\jose\Downloads\sistema-colas-master\sistema-colas-master\node_modules\@esbuild\sunos-x64
375 silly reify mark deleted [
375 silly reify   'C:\\Users\\jose\\Downloads\\sistema-colas-master\\sistema-colas-master\\node_modules\\@esbuild\\sunos-x64'
375 silly reify ]
376 verbose reify failed optional dependency C:\Users\jose\Downloads\sistema-colas-master\sistema-colas-master\node_modules\@esbuild\openharmony-arm64
377 silly reify mark deleted [
377 silly reify   'C:\\Users\\jose\\Downloads\\sistema-colas-master\\sistema-colas-master\\node_modules\\@esbuild\\openharmony-arm64'
377 silly reify ]
378 verbose reify failed optional dependency C:\Users\jose\Downloads\sistema-colas-master\sistema-colas-master\node_modules\@esbuild\openbsd-x64
379 silly reify mark deleted [
379 silly reify   'C:\\Users\\jose\\Downloads\\sistema-colas-master\\sistema-colas-master\\node_modules\\@esbuild\\openbsd-x64'
379 silly reify ]
380 verbose reify failed optional dependency C:\Users\jose\Downloads\sistema-colas-master\sistema-colas-master\node_modules\@esbuild\openbsd-arm64
381 silly reify mark deleted [
381 silly reify   'C:\\Users\\jose\\Downloads\\sistema-colas-master\\sistema-colas-master\\node_modules\\@esbuild\\openbsd-arm64'
381 silly reify ]
382 verbose reify failed optional dependency C:\Users\jose\Downloads\sistema-colas-master\sistema-colas-master\node_modules\@esbuild\netbsd-x64
383 silly reify mark deleted [
383 silly reify   'C:\\Users\\jose\\Downloads\\sistema-colas-master\\sistema-colas-master\\node_modules\\@esbuild\\netbsd-x64'
383 silly reify ]
384 verbose reify failed optional dependency C:\Users\jose\Downloads\sistema-colas-master\sistema-colas-master\node_modules\@esbuild\netbsd-arm64
385 silly reify mark deleted [
385 silly reify   'C:\\Users\\jose\\Downloads\\sistema-colas-master\\sistema-colas-master\\node_modules\\@esbuild\\netbsd-arm64'
385 silly reify ]
386 verbose reify failed optional dependency C:\Users\jose\Downloads\sistema-colas-master\sistema-colas-master\node_modules\@esbuild\linux-s390x
387 silly reify mark deleted [
387 silly reify   'C:\\Users\\jose\\Downloads\\sistema-colas-master\\sistema-colas-master\\node_modules\\@esbuild\\linux-s390x'
387 silly reify ]
388 verbose reify failed optional dependency C:\Users\jose\Downloads\sistema-colas-master\sistema-colas-master\node_modules\@esbuild\linux-x64
389 silly reify mark deleted [
389 silly reify   'C:\\Users\\jose\\Downloads\\sistema-colas-master\\sistema-colas-master\\node_modules\\@esbuild\\linux-x64'
389 silly reify ]
390 verbose reify failed optional dependency C:\Users\jose\Downloads\sistema-colas-master\sistema-colas-master\node_modules\@esbuild\linux-ppc64
391 silly reify mark deleted [
391 silly reify   'C:\\Users\\jose\\Downloads\\sistema-colas-master\\sistema-colas-master\\node_modules\\@esbuild\\linux-ppc64'
391 silly reify ]
392 verbose reify failed optional dependency C:\Users\jose\Downloads\sistema-colas-master\sistema-colas-master\node_modules\@esbuild\linux-mips64el
393 silly reify mark deleted [
393 silly reify   'C:\\Users\\jose\\Downloads\\sistema-colas-master\\sistema-colas-master\\node_modules\\@esbuild\\linux-mips64el'
393 silly reify ]
394 verbose reify failed optional dependency C:\Users\jose\Downloads\sistema-colas-master\sistema-colas-master\node_modules\@esbuild\linux-riscv64
395 silly reify mark deleted [
395 silly reify   'C:\\Users\\jose\\Downloads\\sistema-colas-master\\sistema-colas-master\\node_modules\\@esbuild\\linux-riscv64'
395 silly reify ]
396 verbose reify failed optional dependency C:\Users\jose\Downloads\sistema-colas-master\sistema-colas-master\node_modules\@esbuild\linux-loong64
397 silly reify mark deleted [
397 silly reify   'C:\\Users\\jose\\Downloads\\sistema-colas-master\\sistema-colas-master\\node_modules\\@esbuild\\linux-loong64'
397 silly reify ]
398 verbose reify failed optional dependency C:\Users\jose\Downloads\sistema-colas-master\sistema-colas-master\node_modules\@esbuild\linux-ia32
399 silly reify mark deleted [
399 silly reify   'C:\\Users\\jose\\Downloads\\sistema-colas-master\\sistema-colas-master\\node_modules\\@esbuild\\linux-ia32'
399 silly reify ]
400 verbose reify failed optional dependency C:\Users\jose\Downloads\sistema-colas-master\sistema-colas-master\node_modules\@esbuild\linux-arm64
401 silly reify mark deleted [
401 silly reify   'C:\\Users\\jose\\Downloads\\sistema-colas-master\\sistema-colas-master\\node_modules\\@esbuild\\linux-arm64'
401 silly reify ]
402 verbose reify failed optional dependency C:\Users\jose\Downloads\sistema-colas-master\sistema-colas-master\node_modules\@esbuild\linux-arm
403 silly reify mark deleted [
403 silly reify   'C:\\Users\\jose\\Downloads\\sistema-colas-master\\sistema-colas-master\\node_modules\\@esbuild\\linux-arm'
403 silly reify ]
404 verbose reify failed optional dependency C:\Users\jose\Downloads\sistema-colas-master\sistema-colas-master\node_modules\@esbuild\freebsd-arm64
405 silly reify mark deleted [
405 silly reify   'C:\\Users\\jose\\Downloads\\sistema-colas-master\\sistema-colas-master\\node_modules\\@esbuild\\freebsd-arm64'
405 silly reify ]
406 verbose reify failed optional dependency C:\Users\jose\Downloads\sistema-colas-master\sistema-colas-master\node_modules\@esbuild\darwin-x64
407 silly reify mark deleted [
407 silly reify   'C:\\Users\\jose\\Downloads\\sistema-colas-master\\sistema-colas-master\\node_modules\\@esbuild\\darwin-x64'
407 silly reify ]
408 verbose reify failed optional dependency C:\Users\jose\Downloads\sistema-colas-master\sistema-colas-master\node_modules\@esbuild\freebsd-x64
409 silly reify mark deleted [
409 silly reify   'C:\\Users\\jose\\Downloads\\sistema-colas-master\\sistema-colas-master\\node_modules\\@esbuild\\freebsd-x64'
409 silly reify ]
410 verbose reify failed optional dependency C:\Users\jose\Downloads\sistema-colas-master\sistema-colas-master\node_modules\@esbuild\darwin-arm64
411 silly reify mark deleted [
411 silly reify   'C:\\Users\\jose\\Downloads\\sistema-colas-master\\sistema-colas-master\\node_modules\\@esbuild\\darwin-arm64'
411 silly reify ]
412 verbose reify failed optional dependency C:\Users\jose\Downloads\sistema-colas-master\sistema-colas-master\node_modules\@esbuild\android-arm
413 silly reify mark deleted [
413 silly reify   'C:\\Users\\jose\\Downloads\\sistema-colas-master\\sistema-colas-master\\node_modules\\@esbuild\\android-arm'
413 silly reify ]
414 verbose reify failed optional dependency C:\Users\jose\Downloads\sistema-colas-master\sistema-colas-master\node_modules\@esbuild\android-x64
415 silly reify mark deleted [
415 silly reify   'C:\\Users\\jose\\Downloads\\sistema-colas-master\\sistema-colas-master\\node_modules\\@esbuild\\android-x64'
415 silly reify ]
416 verbose reify failed optional dependency C:\Users\jose\Downloads\sistema-colas-master\sistema-colas-master\node_modules\@esbuild\android-arm64
417 silly reify mark deleted [
417 silly reify   'C:\\Users\\jose\\Downloads\\sistema-colas-master\\sistema-colas-master\\node_modules\\@esbuild\\android-arm64'
417 silly reify ]
418 verbose reify failed optional dependency C:\Users\jose\Downloads\sistema-colas-master\sistema-colas-master\node_modules\@esbuild\aix-ppc64
419 silly reify mark deleted [
419 silly reify   'C:\\Users\\jose\\Downloads\\sistema-colas-master\\sistema-colas-master\\node_modules\\@esbuild\\aix-ppc64'
419 silly reify ]
420 verbose reify failed optional dependency C:\Users\jose\Downloads\sistema-colas-master\sistema-colas-master\node_modules\rollup\node_modules\@rollup\rollup-linux-x64-gnu
421 silly reify mark deleted [
421 silly reify   'C:\\Users\\jose\\Downloads\\sistema-colas-master\\sistema-colas-master\\node_modules\\rollup\\node_modules\\@rollup\\rollup-linux-x64-gnu'
421 silly reify ]
422 verbose reify failed optional dependency C:\Users\jose\Downloads\sistema-colas-master\sistema-colas-master\node_modules\lightningcss-win32-arm64-msvc
423 silly reify mark deleted [
423 silly reify   'C:\\Users\\jose\\Downloads\\sistema-colas-master\\sistema-colas-master\\node_modules\\lightningcss-win32-arm64-msvc'
423 silly reify ]
424 verbose reify failed optional dependency C:\Users\jose\Downloads\sistema-colas-master\sistema-colas-master\node_modules\lightningcss-linux-x64-musl
425 silly reify mark deleted [
425 silly reify   'C:\\Users\\jose\\Downloads\\sistema-colas-master\\sistema-colas-master\\node_modules\\lightningcss-linux-x64-musl'
425 silly reify ]
426 verbose reify failed optional dependency C:\Users\jose\Downloads\sistema-colas-master\sistema-colas-master\node_modules\lightningcss-linux-x64-gnu
427 silly reify mark deleted [
427 silly reify   'C:\\Users\\jose\\Downloads\\sistema-colas-master\\sistema-colas-master\\node_modules\\lightningcss-linux-x64-gnu'
427 silly reify ]
428 verbose reify failed optional dependency C:\Users\jose\Downloads\sistema-colas-master\sistema-colas-master\node_modules\lightningcss-linux-arm64-musl
429 silly reify mark deleted [
429 silly reify   'C:\\Users\\jose\\Downloads\\sistema-colas-master\\sistema-colas-master\\node_modules\\lightningcss-linux-arm64-musl'
429 silly reify ]
430 verbose reify failed optional dependency C:\Users\jose\Downloads\sistema-colas-master\sistema-colas-master\node_modules\lightningcss-linux-arm-gnueabihf
431 silly reify mark deleted [
431 silly reify   'C:\\Users\\jose\\Downloads\\sistema-colas-master\\sistema-colas-master\\node_modules\\lightningcss-linux-arm-gnueabihf'
431 silly reify ]
432 verbose reify failed optional dependency C:\Users\jose\Downloads\sistema-colas-master\sistema-colas-master\node_modules\lightningcss-darwin-x64
433 silly reify mark deleted [
433 silly reify   'C:\\Users\\jose\\Downloads\\sistema-colas-master\\sistema-colas-master\\node_modules\\lightningcss-darwin-x64'
433 silly reify ]
434 verbose reify failed optional dependency C:\Users\jose\Downloads\sistema-colas-master\sistema-colas-master\node_modules\lightningcss-linux-arm64-gnu
435 silly reify mark deleted [
435 silly reify   'C:\\Users\\jose\\Downloads\\sistema-colas-master\\sistema-colas-master\\node_modules\\lightningcss-linux-arm64-gnu'
435 silly reify ]
436 verbose reify failed optional dependency C:\Users\jose\Downloads\sistema-colas-master\sistema-colas-master\node_modules\lightningcss-freebsd-x64
437 silly reify mark deleted [
437 silly reify   'C:\\Users\\jose\\Downloads\\sistema-colas-master\\sistema-colas-master\\node_modules\\lightningcss-freebsd-x64'
437 silly reify ]
438 verbose reify failed optional dependency C:\Users\jose\Downloads\sistema-colas-master\sistema-colas-master\node_modules\lightningcss-darwin-arm64
439 silly reify mark deleted [
439 silly reify   'C:\\Users\\jose\\Downloads\\sistema-colas-master\\sistema-colas-master\\node_modules\\lightningcss-darwin-arm64'
439 silly reify ]
440 verbose reify failed optional dependency C:\Users\jose\Downloads\sistema-colas-master\sistema-colas-master\node_modules\lightningcss-android-arm64
441 silly reify mark deleted [
441 silly reify   'C:\\Users\\jose\\Downloads\\sistema-colas-master\\sistema-colas-master\\node_modules\\lightningcss-android-arm64'
441 silly reify ]
442 verbose reify failed optional dependency C:\Users\jose\Downloads\sistema-colas-master\sistema-colas-master\node_modules\fsevents
443 silly reify mark deleted [
443 silly reify   'C:\\Users\\jose\\Downloads\\sistema-colas-master\\sistema-colas-master\\node_modules\\fsevents'
443 silly reify ]
444 http cache @vue/runtime-dom@https://registry.npmjs.org/@vue/runtime-dom/-/runtime-dom-3.5.25.tgz 0ms (cache hit)
445 http cache @vue/runtime-core@https://registry.npmjs.org/@vue/runtime-core/-/runtime-core-3.5.25.tgz 0ms (cache hit)
446 http cache @vueuse/metadata@https://registry.npmjs.org/@vueuse/metadata/-/metadata-12.8.2.tgz 0ms (cache hit)
447 http cache @vueuse/shared@https://registry.npmjs.org/@vueuse/shared/-/shared-12.8.2.tgz 0ms (cache hit)
448 http cache @vueuse/core@https://registry.npmjs.org/@vueuse/core/-/core-12.8.2.tgz 0ms (cache hit)
449 http cache @vue/server-renderer@https://registry.npmjs.org/@vue/server-renderer/-/server-renderer-3.5.25.tgz 0ms (cache hit)
450 http cache @vue/shared@https://registry.npmjs.org/@vue/shared/-/shared-3.5.25.tgz 0ms (cache hit)
451 http cache @vue/language-core@https://registry.npmjs.org/@vue/language-core/-/language-core-2.2.12.tgz 0ms (cache hit)
452 http cache @vue/reactivity@https://registry.npmjs.org/@vue/reactivity/-/reactivity-3.5.25.tgz 0ms (cache hit)
453 http cache @vue/compiler-dom@https://registry.npmjs.org/@vue/compiler-dom/-/compiler-dom-3.5.25.tgz 0ms (cache hit)
454 http cache @vue/eslint-config-typescript@https://registry.npmjs.org/@vue/eslint-config-typescript/-/eslint-config-typescript-14.6.0.tgz 0ms (cache hit)
455 http cache @volar/typescript@https://registry.npmjs.org/@volar/typescript/-/typescript-2.4.15.tgz 0ms (cache hit)
456 http cache @unovis/vue@https://registry.npmjs.org/@unovis/vue/-/vue-1.6.2.tgz 0ms (cache hit)
457 http cache @vue/compiler-ssr@https://registry.npmjs.org/@vue/compiler-ssr/-/compiler-ssr-3.5.25.tgz 0ms (cache hit)
458 http cache @vue/compiler-sfc@https://registry.npmjs.org/@vue/compiler-sfc/-/compiler-sfc-3.5.25.tgz 0ms (cache hit)
459 http cache @vue/compiler-vue2@https://registry.npmjs.org/@vue/compiler-vue2/-/compiler-vue2-2.7.16.tgz 0ms (cache hit)
460 http cache @typescript-eslint/visitor-keys@https://registry.npmjs.org/@typescript-eslint/visitor-keys/-/visitor-keys-8.48.1.tgz 0ms (cache hit)
461 http cache @volar/source-map@https://registry.npmjs.org/@volar/source-map/-/source-map-2.4.15.tgz 0ms (cache hit)
462 http cache @vue/compiler-core@https://registry.npmjs.org/@vue/compiler-core/-/compiler-core-3.5.25.tgz 0ms (cache hit)
463 http cache @unovis/ts@https://registry.npmjs.org/@unovis/ts/-/ts-1.6.2.tgz 0ms (cache hit)
464 http cache @typescript-eslint/typescript-estree@https://registry.npmjs.org/@typescript-eslint/typescript-estree/-/typescript-estree-8.48.1.tgz 0ms (cache hit)
465 http cache @unovis/dagre-layout@https://registry.npmjs.org/@unovis/dagre-layout/-/dagre-layout-0.8.8-2.tgz 0ms (cache hit)
466 http cache @vitejs/plugin-vue@https://registry.npmjs.org/@vitejs/plugin-vue/-/plugin-vue-6.0.2.tgz 0ms (cache hit)
467 http cache @unovis/graphlibrary@https://registry.npmjs.org/@unovis/graphlibrary/-/graphlibrary-2.2.0-2.tgz 0ms (cache hit)
468 http cache @typescript-eslint/utils@https://registry.npmjs.org/@typescript-eslint/utils/-/utils-8.48.1.tgz 0ms (cache hit)
469 http cache @typescript-eslint/types@https://registry.npmjs.org/@typescript-eslint/types/-/types-8.48.1.tgz 0ms (cache hit)
470 http cache @typescript-eslint/tsconfig-utils@https://registry.npmjs.org/@typescript-eslint/tsconfig-utils/-/tsconfig-utils-8.48.1.tgz 0ms (cache hit)
471 http cache @typescript-eslint/type-utils@https://registry.npmjs.org/@typescript-eslint/type-utils/-/type-utils-8.48.1.tgz 0ms (cache hit)
472 http cache @typescript-eslint/scope-manager@https://registry.npmjs.org/@typescript-eslint/scope-manager/-/scope-manager-8.48.1.tgz 0ms (cache hit)
473 http cache @types/web-bluetooth@https://registry.npmjs.org/@types/web-bluetooth/-/web-bluetooth-0.0.21.tgz 0ms (cache hit)
474 http cache @typescript-eslint/project-service@https://registry.npmjs.org/@typescript-eslint/project-service/-/project-service-8.48.1.tgz 0ms (cache hit)
475 http cache @types/topojson-specification@https://registry.npmjs.org/@types/topojson-specification/-/topojson-specification-1.0.5.tgz 0ms (cache hit)
476 http cache @typescript-eslint/parser@https://registry.npmjs.org/@typescript-eslint/parser/-/parser-8.48.1.tgz 0ms (cache hit)
477 http cache @typescript-eslint/eslint-plugin@https://registry.npmjs.org/@typescript-eslint/eslint-plugin/-/eslint-plugin-8.48.1.tgz 0ms (cache hit)
478 http cache @types/supercluster@https://registry.npmjs.org/@types/supercluster/-/supercluster-5.0.3.tgz 0ms (cache hit)
479 http cache @types/topojson-server@https://registry.npmjs.org/@types/topojson-server/-/topojson-server-3.0.4.tgz 0ms (cache hit)
480 http cache @types/topojson@https://registry.npmjs.org/@types/topojson/-/topojson-3.2.6.tgz 0ms (cache hit)
481 http cache @types/topojson-simplify@https://registry.npmjs.org/@types/topojson-simplify/-/topojson-simplify-3.0.3.tgz 0ms (cache hit)
482 http cache @types/throttle-debounce@https://registry.npmjs.org/@types/throttle-debounce/-/throttle-debounce-5.0.2.tgz 0ms (cache hit)
483 http cache @volar/language-core@https://registry.npmjs.org/@volar/language-core/-/language-core-2.4.15.tgz 0ms (cache hit)
484 http cache @types/pbf@https://registry.npmjs.org/@types/pbf/-/pbf-3.0.5.tgz 0ms (cache hit)
485 http cache @types/parse-json@https://registry.npmjs.org/@types/parse-json/-/parse-json-4.0.2.tgz 0ms (cache hit)
486 http cache @types/three@https://registry.npmjs.org/@types/three/-/three-0.135.0.tgz 0ms (cache hit)
487 http cache @types/node@https://registry.npmjs.org/@types/node/-/node-22.19.1.tgz 0ms (cache hit)
488 http cache @types/mapbox__vector-tile@https://registry.npmjs.org/@types/mapbox__vector-tile/-/mapbox__vector-tile-1.3.4.tgz 0ms (cache hit)
489 http cache @types/mapbox__point-geometry@https://registry.npmjs.org/@types/mapbox__point-geometry/-/mapbox__point-geometry-0.1.4.tgz 0ms (cache hit)
490 http cache @types/lodash-es@https://registry.npmjs.org/@types/lodash-es/-/lodash-es-4.17.12.tgz 0ms (cache hit)
491 http cache @types/lodash@https://registry.npmjs.org/@types/lodash/-/lodash-4.17.21.tgz 0ms (cache hit)
492 http cache @types/leaflet@https://registry.npmjs.org/@types/leaflet/-/leaflet-1.7.6.tgz 0ms (cache hit)
493 http cache @types/geojson@https://registry.npmjs.org/@types/geojson/-/geojson-7946.0.16.tgz 0ms (cache hit)
494 http cache @types/dagre@https://registry.npmjs.org/@types/dagre/-/dagre-0.7.53.tgz 0ms (cache hit)
495 http cache @types/d3-time-format@https://registry.npmjs.org/@types/d3-time-format/-/d3-time-format-4.0.3.tgz 0ms (cache hit)
496 http cache @types/d3-transition@https://registry.npmjs.org/@types/d3-transition/-/d3-transition-3.0.9.tgz 0ms (cache hit)
497 http cache @types/d3-zoom@https://registry.npmjs.org/@types/d3-zoom/-/d3-zoom-3.0.8.tgz 0ms (cache hit)
498 http cache @types/d3-selection@https://registry.npmjs.org/@types/d3-selection/-/d3-selection-3.0.11.tgz 0ms (cache hit)
499 http cache @types/d3-scale-chromatic@https://registry.npmjs.org/@types/d3-scale-chromatic/-/d3-scale-chromatic-3.1.0.tgz 0ms (cache hit)
500 http cache @types/d3-shape@https://registry.npmjs.org/@types/d3-shape/-/d3-shape-3.1.7.tgz 0ms (cache hit)
501 http cache @types/d3-geo@https://registry.npmjs.org/@types/d3-geo/-/d3-geo-3.1.0.tgz 0ms (cache hit)
502 http cache @types/d3-random@https://registry.npmjs.org/@types/d3-random/-/d3-random-3.0.3.tgz 0ms (cache hit)
503 http cache @types/d3-quadtree@https://registry.npmjs.org/@types/d3-quadtree/-/d3-quadtree-3.0.6.tgz 0ms (cache hit)
504 http cache @types/d3-sankey@https://registry.npmjs.org/@types/d3-sankey/-/d3-sankey-0.11.2.tgz 0ms (cache hit)
505 http cache @types/d3-polygon@https://registry.npmjs.org/@types/d3-polygon/-/d3-polygon-3.0.2.tgz 0ms (cache hit)
506 http cache @types/d3-format@https://registry.npmjs.org/@types/d3-format/-/d3-format-3.0.4.tgz 0ms (cache hit)
507 http cache @types/d3-hierarchy@https://registry.npmjs.org/@types/d3-hierarchy/-/d3-hierarchy-3.1.7.tgz 0ms (cache hit)
508 http cache @types/d3-force@https://registry.npmjs.org/@types/d3-force/-/d3-force-3.0.10.tgz 0ms (cache hit)
509 http cache @types/d3-fetch@https://registry.npmjs.org/@types/d3-fetch/-/d3-fetch-3.0.7.tgz 0ms (cache hit)
510 http cache @types/d3-dsv@https://registry.npmjs.org/@types/d3-dsv/-/d3-dsv-3.0.7.tgz 0ms (cache hit)
511 http cache @types/d3-drag@https://registry.npmjs.org/@types/d3-drag/-/d3-drag-3.0.7.tgz 0ms (cache hit)
512 http cache @types/d3-collection@https://registry.npmjs.org/@types/d3-collection/-/d3-collection-1.0.13.tgz 0ms (cache hit)
513 http cache @types/d3-dispatch@https://registry.npmjs.org/@types/d3-dispatch/-/d3-dispatch-3.0.7.tgz 0ms (cache hit)
514 http cache @types/topojson-client@https://registry.npmjs.org/@types/topojson-client/-/topojson-client-3.1.5.tgz 0ms (cache hit)
515 http cache @types/d3-contour@https://registry.npmjs.org/@types/d3-contour/-/d3-contour-3.0.6.tgz 0ms (cache hit)
516 http cache @types/d3-delaunay@https://registry.npmjs.org/@types/d3-delaunay/-/d3-delaunay-6.0.4.tgz 0ms (cache hit)
517 http cache @types/d3-axis@https://registry.npmjs.org/@types/d3-axis/-/d3-axis-3.0.6.tgz 0ms (cache hit)
518 http cache @types/d3-chord@https://registry.npmjs.org/@types/d3-chord/-/d3-chord-3.0.6.tgz 0ms (cache hit)
519 http cache @types/d3@https://registry.npmjs.org/@types/d3/-/d3-7.4.3.tgz 0ms (cache hit)
520 http cache @tanstack/vue-virtual@https://registry.npmjs.org/@tanstack/vue-virtual/-/vue-virtual-3.13.13.tgz 0ms (cache hit)
521 http cache @tanstack/table-core@https://registry.npmjs.org/@tanstack/table-core/-/table-core-8.21.3.tgz 0ms (cache hit)
522 http cache @tanstack/virtual-core@https://registry.npmjs.org/@tanstack/virtual-core/-/virtual-core-3.13.13.tgz 0ms (cache hit)
523 http cache @tanstack/vue-table@https://registry.npmjs.org/@tanstack/vue-table/-/vue-table-8.21.3.tgz 0ms (cache hit)
524 http cache @types/d3-brush@https://registry.npmjs.org/@types/d3-brush/-/d3-brush-3.0.6.tgz 0ms (cache hit)
525 http cache @tailwindcss/vite@https://registry.npmjs.org/@tailwindcss/vite/-/vite-4.1.17.tgz 0ms (cache hit)
526 http cache @tailwindcss/node@https://registry.npmjs.org/@tailwindcss/node/-/node-4.1.17.tgz 0ms (cache hit)
527 http cache @rollup/rollup-win32-x64-msvc@https://registry.npmjs.org/@rollup/rollup-win32-x64-msvc/-/rollup-win32-x64-msvc-4.9.5.tgz 0ms (cache hit)
528 http cache @tailwindcss/oxide-win32-x64-msvc@https://registry.npmjs.org/@tailwindcss/oxide-win32-x64-msvc/-/oxide-win32-x64-msvc-4.1.17.tgz 0ms (cache hit)
529 http cache @mapbox/unitbezier@https://registry.npmjs.org/@mapbox/unitbezier/-/unitbezier-0.0.1.tgz 0ms (cache hit)
530 http cache @tailwindcss/oxide@https://registry.npmjs.org/@tailwindcss/oxide/-/oxide-4.1.17.tgz 0ms (cache hit)
531 http cache @mapbox/vector-tile@https://registry.npmjs.org/@mapbox/vector-tile/-/vector-tile-1.3.1.tgz 0ms (cache hit)
532 http cache @mapbox/whoots-js@https://registry.npmjs.org/@mapbox/whoots-js/-/whoots-js-3.1.0.tgz 0ms (cache hit)
533 http cache @mapbox/tiny-sdf@https://registry.npmjs.org/@mapbox/tiny-sdf/-/tiny-sdf-2.0.7.tgz 0ms (cache hit)
534 http cache @rolldown/pluginutils@https://registry.npmjs.org/@rolldown/pluginutils/-/pluginutils-1.0.0-beta.50.tgz 0ms (cache hit)
535 http cache @mapbox/point-geometry@https://registry.npmjs.org/@mapbox/point-geometry/-/point-geometry-0.1.0.tgz 0ms (cache hit)
536 http cache @mapbox/geojson-rewind@https://registry.npmjs.org/@mapbox/geojson-rewind/-/geojson-rewind-0.5.2.tgz 0ms (cache hit)
537 http cache @laravel/echo-vue@https://registry.npmjs.org/@laravel/echo-vue/-/echo-vue-2.3.0.tgz 0ms (cache hit)
538 http cache @mapbox/mapbox-gl-supported@https://registry.npmjs.org/@mapbox/mapbox-gl-supported/-/mapbox-gl-supported-2.0.1.tgz 0ms (cache hit)
539 http cache @internationalized/date@https://registry.npmjs.org/@internationalized/date/-/date-3.10.0.tgz 0ms (cache hit)
540 http cache @mapbox/jsonlint-lines-primitives@https://registry.npmjs.org/@mapbox/jsonlint-lines-primitives/-/jsonlint-lines-primitives-2.0.2.tgz 0ms (cache hit)
541 http cache @juggle/resize-observer@https://registry.npmjs.org/@juggle/resize-observer/-/resize-observer-3.4.0.tgz 0ms (cache hit)
542 http cache @laravel/vite-plugin-wayfinder@https://registry.npmjs.org/@laravel/vite-plugin-wayfinder/-/vite-plugin-wayfinder-0.1.7.tgz 0ms (cache hit)
543 http cache @inertiajs/core@https://registry.npmjs.org/@inertiajs/core/-/core-2.2.19.tgz 0ms (cache hit)
544 http cache @floating-ui/vue@https://registry.npmjs.org/@floating-ui/vue/-/vue-1.1.9.tgz 0ms (cache hit)
545 http cache @floating-ui/dom@https://registry.npmjs.org/@floating-ui/dom/-/dom-1.7.4.tgz 0ms (cache hit)
546 http cache @inertiajs/vue3@https://registry.npmjs.org/@inertiajs/vue3/-/vue3-2.2.19.tgz 0ms (cache hit)
547 http cache @floating-ui/core@https://registry.npmjs.org/@floating-ui/core/-/core-1.7.3.tgz 0ms (cache hit)
548 http cache @floating-ui/utils@https://registry.npmjs.org/@floating-ui/utils/-/utils-0.2.10.tgz 0ms (cache hit)
549 http cache @emotion/unitless@https://registry.npmjs.org/@emotion/unitless/-/unitless-0.10.0.tgz 0ms (cache hit)
550 http cache @eslint/js@https://registry.npmjs.org/@eslint/js/-/js-9.39.1.tgz 0ms (cache hit)
551 http cache @emotion/sheet@https://registry.npmjs.org/@emotion/sheet/-/sheet-1.4.0.tgz 0ms (cache hit)
552 http cache @emotion/utils@https://registry.npmjs.org/@emotion/utils/-/utils-1.4.2.tgz 0ms (cache hit)
553 http cache @emotion/weak-memoize@https://registry.npmjs.org/@emotion/weak-memoize/-/weak-memoize-0.4.0.tgz 0ms (cache hit)
554 http cache @emotion/memoize@https://registry.npmjs.org/@emotion/memoize/-/memoize-0.9.0.tgz 0ms (cache hit)
555 http cache @internationalized/number@https://registry.npmjs.org/@internationalized/number/-/number-3.6.5.tgz 0ms (cache hit)
556 http cache @emotion/css@https://registry.npmjs.org/@emotion/css/-/css-11.13.5.tgz 0ms (cache hit)
557 http cache @emotion/hash@https://registry.npmjs.org/@emotion/hash/-/hash-0.9.2.tgz 0ms (cache hit)
558 http cache @emotion/cache@https://registry.npmjs.org/@emotion/cache/-/cache-11.14.0.tgz 0ms (cache hit)
559 http cache @emotion/serialize@https://registry.npmjs.org/@emotion/serialize/-/serialize-1.3.3.tgz 0ms (cache hit)
560 http cache @emotion/babel-plugin@https://registry.npmjs.org/@emotion/babel-plugin/-/babel-plugin-11.13.5.tgz 0ms (cache hit)
561 http cache @babel/runtime@https://registry.npmjs.org/@babel/runtime/-/runtime-7.28.4.tgz 0ms (cache hit)
562 http cache @babel/parser@https://registry.npmjs.org/@babel/parser/-/parser-7.28.5.tgz 0ms (cache hit)
563 http cache xmlhttprequest-ssl@https://registry.npmjs.org/xmlhttprequest-ssl/-/xmlhttprequest-ssl-2.1.2.tgz 0ms (cache hit)
564 http cache vue-eslint-parser@https://registry.npmjs.org/vue-eslint-parser/-/vue-eslint-parser-10.2.0.tgz 0ms (cache hit)
565 http cache vue-sonner@https://registry.npmjs.org/vue-sonner/-/vue-sonner-2.0.9.tgz 0ms (cache hit)
566 http cache which@https://registry.npmjs.org/which/-/which-2.0.2.tgz 0ms (cache hit)
567 http cache vue-input-otp@https://registry.npmjs.org/vue-input-otp/-/vue-input-otp-0.3.2.tgz 0ms (cache hit)
568 http cache vue@https://registry.npmjs.org/vue/-/vue-3.5.25.tgz 0ms (cache hit)
569 http cache vt-pbf@https://registry.npmjs.org/vt-pbf/-/vt-pbf-3.1.3.tgz 0ms (cache hit)
570 http cache vue-tsc@https://registry.npmjs.org/vue-tsc/-/vue-tsc-2.2.12.tgz 0ms (cache hit)
571 http cache vite@https://registry.npmjs.org/vite/-/vite-7.2.7.tgz 0ms (cache hit)
572 http cache typescript-eslint@https://registry.npmjs.org/typescript-eslint/-/typescript-eslint-8.48.1.tgz 0ms (cache hit)
573 http cache tweetnacl@https://registry.npmjs.org/tweetnacl/-/tweetnacl-1.0.3.tgz 0ms (cache hit)
574 http cache typescript@https://registry.npmjs.org/typescript/-/typescript-5.9.3.tgz 0ms (cache hit)
575 http cache tw-animate-css@https://registry.npmjs.org/tw-animate-css/-/tw-animate-css-1.4.0.tgz 0ms (cache hit)
576 http cache tree-kill@https://registry.npmjs.org/tree-kill/-/tree-kill-1.2.2.tgz 0ms (cache hit)
577 http cache ts-api-utils@https://registry.npmjs.org/ts-api-utils/-/ts-api-utils-2.1.0.tgz 0ms (cache hit)
578 http cache topojson-client@https://registry.npmjs.org/topojson-client/-/topojson-client-3.1.0.tgz 0ms (cache hit)
579 http cache to-px@https://registry.npmjs.org/to-px/-/to-px-1.1.0.tgz 0ms (cache hit)
580 http cache tinyqueue@https://registry.npmjs.org/tinyqueue/-/tinyqueue-2.0.3.tgz 0ms (cache hit)
581 http cache throttle-debounce@https://registry.npmjs.org/throttle-debounce/-/throttle-debounce-5.0.2.tgz 0ms (cache hit)
582 http cache tailwindcss@https://registry.npmjs.org/tailwindcss/-/tailwindcss-4.1.17.tgz 0ms (cache hit)
583 http cache three@https://registry.npmjs.org/three/-/three-0.135.0.tgz 0ms (cache hit)
584 http cache tailwind-merge@https://registry.npmjs.org/tailwind-merge/-/tailwind-merge-3.4.0.tgz 0ms (cache hit)
585 http cache supercluster@https://registry.npmjs.org/supercluster/-/supercluster-7.1.5.tgz 0ms (cache hit)
586 http cache stylis@https://registry.npmjs.org/stylis/-/stylis-4.2.0.tgz 0ms (cache hit)
587 http cache socket.io-client@https://registry.npmjs.org/socket.io-client/-/socket.io-client-4.8.3.tgz 0ms (cache hit)
588 http cache striptags@https://registry.npmjs.org/striptags/-/striptags-3.2.0.tgz 0ms (cache hit)
589 http cache rw@https://registry.npmjs.org/rw/-/rw-1.3.3.tgz 0ms (cache hit)
590 http cache robust-predicates@https://registry.npmjs.org/robust-predicates/-/robust-predicates-3.0.2.tgz 0ms (cache hit)
591 http cache semver@https://registry.npmjs.org/semver/-/semver-7.7.3.tgz 0ms (cache hit)
592 http cache reka-ui@https://registry.npmjs.org/reka-ui/-/reka-ui-2.7.0.tgz 0ms (cache hit)
593 http cache rollup@https://registry.npmjs.org/rollup/-/rollup-4.53.3.tgz 0ms (cache hit)
594 http cache resolve-protobuf-schema@https://registry.npmjs.org/resolve-protobuf-schema/-/resolve-protobuf-schema-2.1.0.tgz 0ms (cache hit)
595 http cache quickselect@https://registry.npmjs.org/quickselect/-/quickselect-2.0.0.tgz 0ms (cache hit)
596 http cache pusher-js@https://registry.npmjs.org/pusher-js/-/pusher-js-8.4.0.tgz 0ms (cache hit)
597 http cache radix-vue@https://registry.npmjs.org/radix-vue/-/radix-vue-1.9.17.tgz 0ms (cache hit)
598 http cache resolve@https://registry.npmjs.org/resolve/-/resolve-1.22.11.tgz 0ms (cache hit)
599 http cache potpack@https://registry.npmjs.org/potpack/-/potpack-1.0.2.tgz 0ms (cache hit)
600 http cache prettier@https://registry.npmjs.org/prettier/-/prettier-3.7.4.tgz 0ms (cache hit)
601 http cache prettier-plugin-organize-imports@https://registry.npmjs.org/prettier-plugin-organize-imports/-/prettier-plugin-organize-imports-4.3.0.tgz 0ms (cache hit)
602 http cache parse-unit@https://registry.npmjs.org/parse-unit/-/parse-unit-1.0.1.tgz 0ms (cache hit)
603 http cache protocol-buffers-schema@https://registry.npmjs.org/protocol-buffers-schema/-/protocol-buffers-schema-3.6.0.tgz 0ms (cache hit)
604 http cache pbf@https://registry.npmjs.org/pbf/-/pbf-3.3.0.tgz 0ms (cache hit)
605 http cache nanoid@https://registry.npmjs.org/nanoid/-/nanoid-3.3.11.tgz 0ms (cache hit)
606 http cache maplibre-gl@https://registry.npmjs.org/maplibre-gl/-/maplibre-gl-2.4.0.tgz 0ms (cache hit)
607 http cache murmurhash-js@https://registry.npmjs.org/murmurhash-js/-/murmurhash-js-1.0.0.tgz 0ms (cache hit)
608 http cache lodash-es@https://registry.npmjs.org/lodash-es/-/lodash-es-4.17.21.tgz 0ms (cache hit)
609 http cache lucide-vue-next@https://registry.npmjs.org/lucide-vue-next/-/lucide-vue-next-0.468.0.tgz 0ms (cache hit)
610 http cache lightningcss-win32-x64-msvc@https://registry.npmjs.org/lightningcss-win32-x64-msvc/-/lightningcss-win32-x64-msvc-1.30.2.tgz 0ms (cache hit)
611 http cache lightningcss@https://registry.npmjs.org/lightningcss/-/lightningcss-1.30.2.tgz 0ms (cache hit)
612 http cache leaflet@https://registry.npmjs.org/leaflet/-/leaflet-1.7.1.tgz 0ms (cache hit)
613 http cache laravel-vite-plugin@https://registry.npmjs.org/laravel-vite-plugin/-/laravel-vite-plugin-2.0.1.tgz 0ms (cache hit)
614 http cache laravel-echo@https://registry.npmjs.org/laravel-echo/-/laravel-echo-2.3.0.tgz 0ms (cache hit)
615 http cache kdbush@https://registry.npmjs.org/kdbush/-/kdbush-3.0.0.tgz 0ms (cache hit)
616 http cache jsesc@https://registry.npmjs.org/jsesc/-/jsesc-3.1.0.tgz 0ms (cache hit)
617 http cache jiti@https://registry.npmjs.org/jiti/-/jiti-2.6.1.tgz 0ms (cache hit)
618 http cache js-yaml@https://registry.npmjs.org/js-yaml/-/js-yaml-4.1.1.tgz 0ms (cache hit)
619 http cache he@https://registry.npmjs.org/he/-/he-1.2.0.tgz 0ms (cache hit)
620 http cache global-prefix@https://registry.npmjs.org/global-prefix/-/global-prefix-3.0.0.tgz 0ms (cache hit)
621 http cache geojson-vt@https://registry.npmjs.org/geojson-vt/-/geojson-vt-3.2.1.tgz 0ms (cache hit)
622 http cache gl-matrix@https://registry.npmjs.org/gl-matrix/-/gl-matrix-3.4.4.tgz 0ms (cache hit)
623 http cache geojson@https://registry.npmjs.org/geojson/-/geojson-0.5.0.tgz 0ms (cache hit)
624 http cache find-root@https://registry.npmjs.org/find-root/-/find-root-1.1.0.tgz 0ms (cache hit)
625 http cache eslint-plugin-vue@https://registry.npmjs.org/eslint-plugin-vue/-/eslint-plugin-vue-9.33.0.tgz 0ms (cache hit)
626 http cache esbuild@https://registry.npmjs.org/esbuild/-/esbuild-0.25.12.tgz 0ms (cache hit)
627 http cache eslint@https://registry.npmjs.org/eslint/-/eslint-9.39.1.tgz 0ms (cache hit)
628 http cache elkjs@https://registry.npmjs.org/elkjs/-/elkjs-0.10.2.tgz 0ms (cache hit)
629 http cache earcut@https://registry.npmjs.org/earcut/-/earcut-2.2.4.tgz 0ms (cache hit)
630 http cache delaunator@https://registry.npmjs.org/delaunator/-/delaunator-5.0.1.tgz 1ms (cache hit)
631 http cache de-indent@https://registry.npmjs.org/de-indent/-/de-indent-1.0.2.tgz 0ms (cache hit)
632 http cache date-fns@https://registry.npmjs.org/date-fns/-/date-fns-4.1.0.tgz 0ms (cache hit)
633 http cache d3-zoom@https://registry.npmjs.org/d3-zoom/-/d3-zoom-3.0.0.tgz 0ms (cache hit)
634 http cache engine.io-client@https://registry.npmjs.org/engine.io-client/-/engine.io-client-6.6.4.tgz 0ms (cache hit)
635 http cache eslint-config-prettier@https://registry.npmjs.org/eslint-config-prettier/-/eslint-config-prettier-10.1.8.tgz 0ms (cache hit)
636 http cache d3-transition@https://registry.npmjs.org/d3-transition/-/d3-transition-3.0.1.tgz 0ms (cache hit)
637 http cache d3-sankey@https://registry.npmjs.org/d3-sankey/-/d3-sankey-0.12.3.tgz 0ms (cache hit)
638 http cache d3-selection@https://registry.npmjs.org/d3-selection/-/d3-selection-3.0.0.tgz 0ms (cache hit)
639 http cache d3-scale-chromatic@https://registry.npmjs.org/d3-scale-chromatic/-/d3-scale-chromatic-3.1.0.tgz 0ms (cache hit)
640 http cache d3-random@https://registry.npmjs.org/d3-random/-/d3-random-3.0.1.tgz 0ms (cache hit)
641 http cache d3-quadtree@https://registry.npmjs.org/d3-quadtree/-/d3-quadtree-3.0.1.tgz 0ms (cache hit)
642 http cache d3-polygon@https://registry.npmjs.org/d3-polygon/-/d3-polygon-3.0.1.tgz 0ms (cache hit)
643 http cache d3-interpolate-path@https://registry.npmjs.org/d3-interpolate-path/-/d3-interpolate-path-2.3.0.tgz 0ms (cache hit)
644 http cache d3-hierarchy@https://registry.npmjs.org/d3-hierarchy/-/d3-hierarchy-3.1.2.tgz 0ms (cache hit)
645 http cache cosmiconfig@https://registry.npmjs.org/cosmiconfig/-/cosmiconfig-7.1.0.tgz 0ms (cache hit)
646 http cache d3-geo@https://registry.npmjs.org/d3-geo/-/d3-geo-3.1.1.tgz 0ms (cache hit)
647 http cache d3-force@https://registry.npmjs.org/d3-force/-/d3-force-3.0.0.tgz 0ms (cache hit)
648 http cache d3-geo-projection@https://registry.npmjs.org/d3-geo-projection/-/d3-geo-projection-4.0.0.tgz 0ms (cache hit)
649 http cache cssesc@https://registry.npmjs.org/cssesc/-/cssesc-3.0.0.tgz 0ms (cache hit)
650 http cache d3-fetch@https://registry.npmjs.org/d3-fetch/-/d3-fetch-3.0.1.tgz 0ms (cache hit)
651 http cache d3-dsv@https://registry.npmjs.org/d3-dsv/-/d3-dsv-3.0.1.tgz 0ms (cache hit)
652 http cache d3-drag@https://registry.npmjs.org/d3-drag/-/d3-drag-3.0.0.tgz 0ms (cache hit)
653 http cache d3-format@https://registry.npmjs.org/d3-format/-/d3-format-3.1.0.tgz 0ms (cache hit)
654 http cache d3-dispatch@https://registry.npmjs.org/d3-dispatch/-/d3-dispatch-3.0.1.tgz 0ms (cache hit)
655 http cache d3-contour@https://registry.npmjs.org/d3-contour/-/d3-contour-4.0.2.tgz 0ms (cache hit)
656 http cache d3-collection@https://registry.npmjs.org/d3-collection/-/d3-collection-1.0.7.tgz 0ms (cache hit)
657 http cache d3-chord@https://registry.npmjs.org/d3-chord/-/d3-chord-3.0.1.tgz 0ms (cache hit)
658 http cache d3-brush@https://registry.npmjs.org/d3-brush/-/d3-brush-3.0.0.tgz 0ms (cache hit)
659 http cache d3-axis@https://registry.npmjs.org/d3-axis/-/d3-axis-3.0.0.tgz 0ms (cache hit)
660 http cache d3@https://registry.npmjs.org/d3/-/d3-7.9.0.tgz 0ms (cache hit)
661 http cache csscolorparser@https://registry.npmjs.org/csscolorparser/-/csscolorparser-1.0.3.tgz 0ms (cache hit)
662 http cache d3-delaunay@https://registry.npmjs.org/d3-delaunay/-/d3-delaunay-6.0.4.tgz 0ms (cache hit)
663 http cache concurrently@https://registry.npmjs.org/concurrently/-/concurrently-9.2.1.tgz 0ms (cache hit)
664 http cache class-variance-authority@https://registry.npmjs.org/class-variance-authority/-/class-variance-authority-0.7.1.tgz 0ms (cache hit)
665 http cache babel-plugin-macros@https://registry.npmjs.org/babel-plugin-macros/-/babel-plugin-macros-3.1.0.tgz 0ms (cache hit)
666 http cache aria-hidden@https://registry.npmjs.org/aria-hidden/-/aria-hidden-1.2.6.tgz 0ms (cache hit)
667 http cache alien-signals@https://registry.npmjs.org/alien-signals/-/alien-signals-1.0.13.tgz 0ms (cache hit)
668 http cache acorn@https://registry.npmjs.org/acorn/-/acorn-8.15.0.tgz 0ms (cache hit)
669 http cache eslint-visitor-keys@https://registry.npmjs.org/eslint-visitor-keys/-/eslint-visitor-keys-4.2.1.tgz 0ms (cache hit)
670 http cache @types/d3-path@https://registry.npmjs.org/@types/d3-path/-/d3-path-1.0.11.tgz 0ms (cache hit)
671 http cache ignore@https://registry.npmjs.org/ignore/-/ignore-7.0.5.tgz 0ms (cache hit)
672 http cache @types/d3-shape@https://registry.npmjs.org/@types/d3-shape/-/d3-shape-1.3.12.tgz 0ms (cache hit)
673 http cache vue-demi@https://registry.npmjs.org/vue-demi/-/vue-demi-0.14.10.tgz 0ms (cache hit)
674 http cache eslint-visitor-keys@https://registry.npmjs.org/eslint-visitor-keys/-/eslint-visitor-keys-4.2.1.tgz 0ms (cache hit)
675 http cache fdir@https://registry.npmjs.org/fdir/-/fdir-6.5.0.tgz 0ms (cache hit)
676 http cache @vueuse/shared@https://registry.npmjs.org/@vueuse/shared/-/shared-10.11.1.tgz 0ms (cache hit)
677 http cache @vueuse/metadata@https://registry.npmjs.org/@vueuse/metadata/-/metadata-10.11.1.tgz 0ms (cache hit)
678 http cache picomatch@https://registry.npmjs.org/picomatch/-/picomatch-4.0.3.tgz 0ms (cache hit)
679 http cache @vueuse/core@https://registry.npmjs.org/@vueuse/core/-/core-10.11.1.tgz 0ms (cache hit)
680 http cache @rollup/rollup-win32-x64-msvc@https://registry.npmjs.org/@rollup/rollup-win32-x64-msvc/-/rollup-win32-x64-msvc-4.53.3.tgz 0ms (cache hit)
681 http cache vue-demi@https://registry.npmjs.org/vue-demi/-/vue-demi-0.14.10.tgz 0ms (cache hit)
682 http cache @types/web-bluetooth@https://registry.npmjs.org/@types/web-bluetooth/-/web-bluetooth-0.0.20.tgz 0ms (cache hit)
683 http cache nanoid@https://registry.npmjs.org/nanoid/-/nanoid-5.1.6.tgz 1ms (cache hit)
684 http cache vue-demi@https://registry.npmjs.org/vue-demi/-/vue-demi-0.14.10.tgz 0ms (cache hit)
685 http cache globals@https://registry.npmjs.org/globals/-/globals-13.24.0.tgz 0ms (cache hit)
686 http cache espree@https://registry.npmjs.org/espree/-/espree-9.6.1.tgz 0ms (cache hit)
687 http cache eslint-scope@https://registry.npmjs.org/eslint-scope/-/eslint-scope-7.2.2.tgz 0ms (cache hit)
688 http cache vue-eslint-parser@https://registry.npmjs.org/vue-eslint-parser/-/vue-eslint-parser-9.4.3.tgz 0ms (cache hit)
689 http cache which@https://registry.npmjs.org/which/-/which-1.3.1.tgz 0ms (cache hit)
690 http cache minimatch@https://registry.npmjs.org/minimatch/-/minimatch-3.1.2.tgz 1ms (cache hit)
691 http cache eslint-visitor-keys@https://registry.npmjs.org/eslint-visitor-keys/-/eslint-visitor-keys-4.2.1.tgz 0ms (cache hit)
692 http cache brace-expansion@https://registry.npmjs.org/brace-expansion/-/brace-expansion-1.1.12.tgz 0ms (cache hit)
693 http cache commander@https://registry.npmjs.org/commander/-/commander-2.20.3.tgz 0ms (cache hit)
694 http cache d3-shape@https://registry.npmjs.org/d3-shape/-/d3-shape-1.3.7.tgz 0ms (cache hit)
695 http cache d3-path@https://registry.npmjs.org/d3-path/-/d3-path-1.0.9.tgz 0ms (cache hit)
696 http cache internmap@https://registry.npmjs.org/internmap/-/internmap-1.0.1.tgz 0ms (cache hit)
697 silly tarball no local data for @vue/runtime-dom@https://registry.npmjs.org/@vue/runtime-dom/-/runtime-dom-3.5.25.tgz. Extracting by manifest.
698 silly tarball no local data for @vue/runtime-core@https://registry.npmjs.org/@vue/runtime-core/-/runtime-core-3.5.25.tgz. Extracting by manifest.
699 silly tarball no local data for @vueuse/metadata@https://registry.npmjs.org/@vueuse/metadata/-/metadata-12.8.2.tgz. Extracting by manifest.
700 silly tarball no local data for @vueuse/shared@https://registry.npmjs.org/@vueuse/shared/-/shared-12.8.2.tgz. Extracting by manifest.
701 silly tarball no local data for @vueuse/core@https://registry.npmjs.org/@vueuse/core/-/core-12.8.2.tgz. Extracting by manifest.
702 silly tarball no local data for @vue/server-renderer@https://registry.npmjs.org/@vue/server-renderer/-/server-renderer-3.5.25.tgz. Extracting by manifest.
703 silly tarball no local data for @vue/shared@https://registry.npmjs.org/@vue/shared/-/shared-3.5.25.tgz. Extracting by manifest.
704 silly tarball no local data for @vue/language-core@https://registry.npmjs.org/@vue/language-core/-/language-core-2.2.12.tgz. Extracting by manifest.
705 silly tarball no local data for @vue/reactivity@https://registry.npmjs.org/@vue/reactivity/-/reactivity-3.5.25.tgz. Extracting by manifest.
706 http cache yaml@https://registry.npmjs.org/yaml/-/yaml-1.10.2.tgz 0ms (cache hit)
707 silly tarball no local data for @vue/compiler-dom@https://registry.npmjs.org/@vue/compiler-dom/-/compiler-dom-3.5.25.tgz. Extracting by manifest.
708 silly tarball no local data for @vue/eslint-config-typescript@https://registry.npmjs.org/@vue/eslint-config-typescript/-/eslint-config-typescript-14.6.0.tgz. Extracting by manifest.
709 silly tarball no local data for @volar/typescript@https://registry.npmjs.org/@volar/typescript/-/typescript-2.4.15.tgz. Extracting by manifest.
710 silly tarball no local data for @unovis/vue@https://registry.npmjs.org/@unovis/vue/-/vue-1.6.2.tgz. Extracting by manifest.
711 silly tarball no local data for @vue/compiler-ssr@https://registry.npmjs.org/@vue/compiler-ssr/-/compiler-ssr-3.5.25.tgz. Extracting by manifest.
712 silly tarball no local data for @vue/compiler-sfc@https://registry.npmjs.org/@vue/compiler-sfc/-/compiler-sfc-3.5.25.tgz. Extracting by manifest.
713 silly tarball no local data for @vue/compiler-vue2@https://registry.npmjs.org/@vue/compiler-vue2/-/compiler-vue2-2.7.16.tgz. Extracting by manifest.
714 silly tarball no local data for @typescript-eslint/visitor-keys@https://registry.npmjs.org/@typescript-eslint/visitor-keys/-/visitor-keys-8.48.1.tgz. Extracting by manifest.
715 silly tarball no local data for @volar/source-map@https://registry.npmjs.org/@volar/source-map/-/source-map-2.4.15.tgz. Extracting by manifest.
716 silly tarball no local data for @vue/compiler-core@https://registry.npmjs.org/@vue/compiler-core/-/compiler-core-3.5.25.tgz. Extracting by manifest.
717 silly tarball no local data for @unovis/ts@https://registry.npmjs.org/@unovis/ts/-/ts-1.6.2.tgz. Extracting by manifest.
718 silly tarball no local data for @typescript-eslint/typescript-estree@https://registry.npmjs.org/@typescript-eslint/typescript-estree/-/typescript-estree-8.48.1.tgz. Extracting by manifest.
719 silly tarball no local data for @unovis/dagre-layout@https://registry.npmjs.org/@unovis/dagre-layout/-/dagre-layout-0.8.8-2.tgz. Extracting by manifest.
720 silly tarball no local data for @vitejs/plugin-vue@https://registry.npmjs.org/@vitejs/plugin-vue/-/plugin-vue-6.0.2.tgz. Extracting by manifest.
721 silly tarball no local data for @unovis/graphlibrary@https://registry.npmjs.org/@unovis/graphlibrary/-/graphlibrary-2.2.0-2.tgz. Extracting by manifest.
722 silly tarball no local data for @typescript-eslint/utils@https://registry.npmjs.org/@typescript-eslint/utils/-/utils-8.48.1.tgz. Extracting by manifest.
723 silly tarball no local data for @typescript-eslint/types@https://registry.npmjs.org/@typescript-eslint/types/-/types-8.48.1.tgz. Extracting by manifest.
724 silly tarball no local data for @typescript-eslint/tsconfig-utils@https://registry.npmjs.org/@typescript-eslint/tsconfig-utils/-/tsconfig-utils-8.48.1.tgz. Extracting by manifest.
725 silly tarball no local data for @typescript-eslint/type-utils@https://registry.npmjs.org/@typescript-eslint/type-utils/-/type-utils-8.48.1.tgz. Extracting by manifest.
726 silly tarball no local data for @typescript-eslint/scope-manager@https://registry.npmjs.org/@typescript-eslint/scope-manager/-/scope-manager-8.48.1.tgz. Extracting by manifest.
727 http cache d3-array@https://registry.npmjs.org/d3-array/-/d3-array-2.12.1.tgz 0ms (cache hit)
728 silly tarball no local data for @types/web-bluetooth@https://registry.npmjs.org/@types/web-bluetooth/-/web-bluetooth-0.0.21.tgz. Extracting by manifest.
729 silly tarball no local data for @typescript-eslint/project-service@https://registry.npmjs.org/@typescript-eslint/project-service/-/project-service-8.48.1.tgz. Extracting by manifest.
730 silly tarball no local data for @types/topojson-specification@https://registry.npmjs.org/@types/topojson-specification/-/topojson-specification-1.0.5.tgz. Extracting by manifest.
731 silly tarball no local data for @typescript-eslint/parser@https://registry.npmjs.org/@typescript-eslint/parser/-/parser-8.48.1.tgz. Extracting by manifest.
732 silly tarball no local data for @typescript-eslint/eslint-plugin@https://registry.npmjs.org/@typescript-eslint/eslint-plugin/-/eslint-plugin-8.48.1.tgz. Extracting by manifest.
733 silly tarball no local data for @types/supercluster@https://registry.npmjs.org/@types/supercluster/-/supercluster-5.0.3.tgz. Extracting by manifest.
734 silly tarball no local data for @types/topojson-server@https://registry.npmjs.org/@types/topojson-server/-/topojson-server-3.0.4.tgz. Extracting by manifest.
735 silly tarball no local data for @types/topojson@https://registry.npmjs.org/@types/topojson/-/topojson-3.2.6.tgz. Extracting by manifest.
736 silly tarball no local data for @types/topojson-simplify@https://registry.npmjs.org/@types/topojson-simplify/-/topojson-simplify-3.0.3.tgz. Extracting by manifest.
737 silly tarball no local data for @types/throttle-debounce@https://registry.npmjs.org/@types/throttle-debounce/-/throttle-debounce-5.0.2.tgz. Extracting by manifest.
738 silly tarball no local data for @volar/language-core@https://registry.npmjs.org/@volar/language-core/-/language-core-2.4.15.tgz. Extracting by manifest.
739 silly tarball no local data for @types/pbf@https://registry.npmjs.org/@types/pbf/-/pbf-3.0.5.tgz. Extracting by manifest.
740 silly tarball no local data for @types/parse-json@https://registry.npmjs.org/@types/parse-json/-/parse-json-4.0.2.tgz. Extracting by manifest.
741 silly tarball no local data for @types/three@https://registry.npmjs.org/@types/three/-/three-0.135.0.tgz. Extracting by manifest.
742 silly tarball no local data for @types/node@https://registry.npmjs.org/@types/node/-/node-22.19.1.tgz. Extracting by manifest.
743 silly tarball no local data for @types/mapbox__vector-tile@https://registry.npmjs.org/@types/mapbox__vector-tile/-/mapbox__vector-tile-1.3.4.tgz. Extracting by manifest.
744 silly tarball no local data for @types/mapbox__point-geometry@https://registry.npmjs.org/@types/mapbox__point-geometry/-/mapbox__point-geometry-0.1.4.tgz. Extracting by manifest.
745 silly tarball no local data for @types/lodash-es@https://registry.npmjs.org/@types/lodash-es/-/lodash-es-4.17.12.tgz. Extracting by manifest.
746 silly tarball no local data for @types/lodash@https://registry.npmjs.org/@types/lodash/-/lodash-4.17.21.tgz. Extracting by manifest.
747 silly tarball no local data for @types/leaflet@https://registry.npmjs.org/@types/leaflet/-/leaflet-1.7.6.tgz. Extracting by manifest.
748 silly tarball no local data for @types/geojson@https://registry.npmjs.org/@types/geojson/-/geojson-7946.0.16.tgz. Extracting by manifest.
749 silly tarball no local data for @types/dagre@https://registry.npmjs.org/@types/dagre/-/dagre-0.7.53.tgz. Extracting by manifest.
750 silly tarball no local data for @types/d3-time-format@https://registry.npmjs.org/@types/d3-time-format/-/d3-time-format-4.0.3.tgz. Extracting by manifest.
751 silly tarball no local data for @types/d3-transition@https://registry.npmjs.org/@types/d3-transition/-/d3-transition-3.0.9.tgz. Extracting by manifest.
752 silly tarball no local data for @types/d3-zoom@https://registry.npmjs.org/@types/d3-zoom/-/d3-zoom-3.0.8.tgz. Extracting by manifest.
753 silly tarball no local data for @types/d3-selection@https://registry.npmjs.org/@types/d3-selection/-/d3-selection-3.0.11.tgz. Extracting by manifest.
754 silly tarball no local data for @types/d3-scale-chromatic@https://registry.npmjs.org/@types/d3-scale-chromatic/-/d3-scale-chromatic-3.1.0.tgz. Extracting by manifest.
755 silly tarball no local data for @types/d3-shape@https://registry.npmjs.org/@types/d3-shape/-/d3-shape-3.1.7.tgz. Extracting by manifest.
756 silly tarball no local data for @types/d3-geo@https://registry.npmjs.org/@types/d3-geo/-/d3-geo-3.1.0.tgz. Extracting by manifest.
757 silly tarball no local data for @types/d3-random@https://registry.npmjs.org/@types/d3-random/-/d3-random-3.0.3.tgz. Extracting by manifest.
758 silly tarball no local data for @types/d3-quadtree@https://registry.npmjs.org/@types/d3-quadtree/-/d3-quadtree-3.0.6.tgz. Extracting by manifest.
759 silly tarball no local data for @types/d3-sankey@https://registry.npmjs.org/@types/d3-sankey/-/d3-sankey-0.11.2.tgz. Extracting by manifest.
760 silly tarball no local data for @types/d3-polygon@https://registry.npmjs.org/@types/d3-polygon/-/d3-polygon-3.0.2.tgz. Extracting by manifest.
761 silly tarball no local data for @types/d3-format@https://registry.npmjs.org/@types/d3-format/-/d3-format-3.0.4.tgz. Extracting by manifest.
762 silly tarball no local data for @types/d3-hierarchy@https://registry.npmjs.org/@types/d3-hierarchy/-/d3-hierarchy-3.1.7.tgz. Extracting by manifest.
763 silly tarball no local data for @types/d3-force@https://registry.npmjs.org/@types/d3-force/-/d3-force-3.0.10.tgz. Extracting by manifest.
764 silly tarball no local data for @types/d3-fetch@https://registry.npmjs.org/@types/d3-fetch/-/d3-fetch-3.0.7.tgz. Extracting by manifest.
765 silly tarball no local data for @types/d3-dsv@https://registry.npmjs.org/@types/d3-dsv/-/d3-dsv-3.0.7.tgz. Extracting by manifest.
766 silly tarball no local data for @types/d3-drag@https://registry.npmjs.org/@types/d3-drag/-/d3-drag-3.0.7.tgz. Extracting by manifest.
767 silly tarball no local data for @types/d3-collection@https://registry.npmjs.org/@types/d3-collection/-/d3-collection-1.0.13.tgz. Extracting by manifest.
768 silly tarball no local data for @types/d3-dispatch@https://registry.npmjs.org/@types/d3-dispatch/-/d3-dispatch-3.0.7.tgz. Extracting by manifest.
769 silly tarball no local data for @types/topojson-client@https://registry.npmjs.org/@types/topojson-client/-/topojson-client-3.1.5.tgz. Extracting by manifest.
770 silly tarball no local data for @types/d3-contour@https://registry.npmjs.org/@types/d3-contour/-/d3-contour-3.0.6.tgz. Extracting by manifest.
771 silly tarball no local data for @types/d3-delaunay@https://registry.npmjs.org/@types/d3-delaunay/-/d3-delaunay-6.0.4.tgz. Extracting by manifest.
772 silly tarball no local data for @types/d3-axis@https://registry.npmjs.org/@types/d3-axis/-/d3-axis-3.0.6.tgz. Extracting by manifest.
773 silly tarball no local data for @types/d3-chord@https://registry.npmjs.org/@types/d3-chord/-/d3-chord-3.0.6.tgz. Extracting by manifest.
774 silly tarball no local data for @types/d3@https://registry.npmjs.org/@types/d3/-/d3-7.4.3.tgz. Extracting by manifest.
775 silly tarball no local data for @tanstack/vue-virtual@https://registry.npmjs.org/@tanstack/vue-virtual/-/vue-virtual-3.13.13.tgz. Extracting by manifest.
776 silly tarball no local data for @tanstack/table-core@https://registry.npmjs.org/@tanstack/table-core/-/table-core-8.21.3.tgz. Extracting by manifest.
777 silly tarball no local data for @tanstack/virtual-core@https://registry.npmjs.org/@tanstack/virtual-core/-/virtual-core-3.13.13.tgz. Extracting by manifest.
778 silly tarball no local data for @tanstack/vue-table@https://registry.npmjs.org/@tanstack/vue-table/-/vue-table-8.21.3.tgz. Extracting by manifest.
779 silly tarball no local data for @types/d3-brush@https://registry.npmjs.org/@types/d3-brush/-/d3-brush-3.0.6.tgz. Extracting by manifest.
780 silly tarball no local data for @tailwindcss/vite@https://registry.npmjs.org/@tailwindcss/vite/-/vite-4.1.17.tgz. Extracting by manifest.
781 silly tarball no local data for @tailwindcss/node@https://registry.npmjs.org/@tailwindcss/node/-/node-4.1.17.tgz. Extracting by manifest.
782 silly tarball no local data for @rollup/rollup-win32-x64-msvc@https://registry.npmjs.org/@rollup/rollup-win32-x64-msvc/-/rollup-win32-x64-msvc-4.9.5.tgz. Extracting by manifest.
783 silly tarball no local data for @tailwindcss/oxide-win32-x64-msvc@https://registry.npmjs.org/@tailwindcss/oxide-win32-x64-msvc/-/oxide-win32-x64-msvc-4.1.17.tgz. Extracting by manifest.
784 silly tarball no local data for @mapbox/unitbezier@https://registry.npmjs.org/@mapbox/unitbezier/-/unitbezier-0.0.1.tgz. Extracting by manifest.
785 silly tarball no local data for @tailwindcss/oxide@https://registry.npmjs.org/@tailwindcss/oxide/-/oxide-4.1.17.tgz. Extracting by manifest.
786 silly tarball no local data for @mapbox/vector-tile@https://registry.npmjs.org/@mapbox/vector-tile/-/vector-tile-1.3.1.tgz. Extracting by manifest.
787 silly tarball no local data for @mapbox/whoots-js@https://registry.npmjs.org/@mapbox/whoots-js/-/whoots-js-3.1.0.tgz. Extracting by manifest.
788 silly tarball no local data for @mapbox/tiny-sdf@https://registry.npmjs.org/@mapbox/tiny-sdf/-/tiny-sdf-2.0.7.tgz. Extracting by manifest.
789 silly tarball no local data for @rolldown/pluginutils@https://registry.npmjs.org/@rolldown/pluginutils/-/pluginutils-1.0.0-beta.50.tgz. Extracting by manifest.
790 silly tarball no local data for @mapbox/point-geometry@https://registry.npmjs.org/@mapbox/point-geometry/-/point-geometry-0.1.0.tgz. Extracting by manifest.
791 silly tarball no local data for @mapbox/geojson-rewind@https://registry.npmjs.org/@mapbox/geojson-rewind/-/geojson-rewind-0.5.2.tgz. Extracting by manifest.
792 silly tarball no local data for @laravel/echo-vue@https://registry.npmjs.org/@laravel/echo-vue/-/echo-vue-2.3.0.tgz. Extracting by manifest.
793 silly tarball no local data for @mapbox/mapbox-gl-supported@https://registry.npmjs.org/@mapbox/mapbox-gl-supported/-/mapbox-gl-supported-2.0.1.tgz. Extracting by manifest.
794 silly tarball no local data for @internationalized/date@https://registry.npmjs.org/@internationalized/date/-/date-3.10.0.tgz. Extracting by manifest.
795 silly tarball no local data for @mapbox/jsonlint-lines-primitives@https://registry.npmjs.org/@mapbox/jsonlint-lines-primitives/-/jsonlint-lines-primitives-2.0.2.tgz. Extracting by manifest.
796 silly tarball no local data for @juggle/resize-observer@https://registry.npmjs.org/@juggle/resize-observer/-/resize-observer-3.4.0.tgz. Extracting by manifest.
797 silly tarball no local data for @laravel/vite-plugin-wayfinder@https://registry.npmjs.org/@laravel/vite-plugin-wayfinder/-/vite-plugin-wayfinder-0.1.7.tgz. Extracting by manifest.
798 silly tarball no local data for @inertiajs/core@https://registry.npmjs.org/@inertiajs/core/-/core-2.2.19.tgz. Extracting by manifest.
799 silly tarball no local data for @floating-ui/vue@https://registry.npmjs.org/@floating-ui/vue/-/vue-1.1.9.tgz. Extracting by manifest.
800 silly tarball no local data for @floating-ui/dom@https://registry.npmjs.org/@floating-ui/dom/-/dom-1.7.4.tgz. Extracting by manifest.
801 silly tarball no local data for @inertiajs/vue3@https://registry.npmjs.org/@inertiajs/vue3/-/vue3-2.2.19.tgz. Extracting by manifest.
802 silly tarball no local data for @floating-ui/core@https://registry.npmjs.org/@floating-ui/core/-/core-1.7.3.tgz. Extracting by manifest.
803 silly tarball no local data for @floating-ui/utils@https://registry.npmjs.org/@floating-ui/utils/-/utils-0.2.10.tgz. Extracting by manifest.
804 silly tarball no local data for @emotion/unitless@https://registry.npmjs.org/@emotion/unitless/-/unitless-0.10.0.tgz. Extracting by manifest.
805 silly tarball no local data for @eslint/js@https://registry.npmjs.org/@eslint/js/-/js-9.39.1.tgz. Extracting by manifest.
806 silly tarball no local data for @emotion/sheet@https://registry.npmjs.org/@emotion/sheet/-/sheet-1.4.0.tgz. Extracting by manifest.
807 silly tarball no local data for @emotion/utils@https://registry.npmjs.org/@emotion/utils/-/utils-1.4.2.tgz. Extracting by manifest.
808 silly tarball no local data for @emotion/weak-memoize@https://registry.npmjs.org/@emotion/weak-memoize/-/weak-memoize-0.4.0.tgz. Extracting by manifest.
809 silly tarball no local data for @emotion/memoize@https://registry.npmjs.org/@emotion/memoize/-/memoize-0.9.0.tgz. Extracting by manifest.
810 silly tarball no local data for @internationalized/number@https://registry.npmjs.org/@internationalized/number/-/number-3.6.5.tgz. Extracting by manifest.
811 silly tarball no local data for @emotion/css@https://registry.npmjs.org/@emotion/css/-/css-11.13.5.tgz. Extracting by manifest.
812 silly tarball no local data for @emotion/hash@https://registry.npmjs.org/@emotion/hash/-/hash-0.9.2.tgz. Extracting by manifest.
813 silly tarball no local data for @emotion/cache@https://registry.npmjs.org/@emotion/cache/-/cache-11.14.0.tgz. Extracting by manifest.
814 silly tarball no local data for @emotion/serialize@https://registry.npmjs.org/@emotion/serialize/-/serialize-1.3.3.tgz. Extracting by manifest.
815 silly tarball no local data for @emotion/babel-plugin@https://registry.npmjs.org/@emotion/babel-plugin/-/babel-plugin-11.13.5.tgz. Extracting by manifest.
816 silly tarball no local data for @babel/runtime@https://registry.npmjs.org/@babel/runtime/-/runtime-7.28.4.tgz. Extracting by manifest.
817 silly tarball no local data for @babel/parser@https://registry.npmjs.org/@babel/parser/-/parser-7.28.5.tgz. Extracting by manifest.
818 silly tarball no local data for xmlhttprequest-ssl@https://registry.npmjs.org/xmlhttprequest-ssl/-/xmlhttprequest-ssl-2.1.2.tgz. Extracting by manifest.
819 silly tarball no local data for vue-eslint-parser@https://registry.npmjs.org/vue-eslint-parser/-/vue-eslint-parser-10.2.0.tgz. Extracting by manifest.
820 silly tarball no local data for vue-sonner@https://registry.npmjs.org/vue-sonner/-/vue-sonner-2.0.9.tgz. Extracting by manifest.
821 silly tarball no local data for which@https://registry.npmjs.org/which/-/which-2.0.2.tgz. Extracting by manifest.
822 silly tarball no local data for vue-input-otp@https://registry.npmjs.org/vue-input-otp/-/vue-input-otp-0.3.2.tgz. Extracting by manifest.
823 silly tarball no local data for vue@https://registry.npmjs.org/vue/-/vue-3.5.25.tgz. Extracting by manifest.
824 silly tarball no local data for vt-pbf@https://registry.npmjs.org/vt-pbf/-/vt-pbf-3.1.3.tgz. Extracting by manifest.
825 silly tarball no local data for vue-tsc@https://registry.npmjs.org/vue-tsc/-/vue-tsc-2.2.12.tgz. Extracting by manifest.
826 silly tarball no local data for vite@https://registry.npmjs.org/vite/-/vite-7.2.7.tgz. Extracting by manifest.
827 silly tarball no local data for typescript-eslint@https://registry.npmjs.org/typescript-eslint/-/typescript-eslint-8.48.1.tgz. Extracting by manifest.
828 silly tarball no local data for tweetnacl@https://registry.npmjs.org/tweetnacl/-/tweetnacl-1.0.3.tgz. Extracting by manifest.
829 silly tarball no local data for typescript@https://registry.npmjs.org/typescript/-/typescript-5.9.3.tgz. Extracting by manifest.
830 silly tarball no local data for tw-animate-css@https://registry.npmjs.org/tw-animate-css/-/tw-animate-css-1.4.0.tgz. Extracting by manifest.
831 silly tarball no local data for tree-kill@https://registry.npmjs.org/tree-kill/-/tree-kill-1.2.2.tgz. Extracting by manifest.
832 silly tarball no local data for ts-api-utils@https://registry.npmjs.org/ts-api-utils/-/ts-api-utils-2.1.0.tgz. Extracting by manifest.
833 silly tarball no local data for topojson-client@https://registry.npmjs.org/topojson-client/-/topojson-client-3.1.0.tgz. Extracting by manifest.
834 silly tarball no local data for to-px@https://registry.npmjs.org/to-px/-/to-px-1.1.0.tgz. Extracting by manifest.
835 silly tarball no local data for tinyqueue@https://registry.npmjs.org/tinyqueue/-/tinyqueue-2.0.3.tgz. Extracting by manifest.
836 silly tarball no local data for throttle-debounce@https://registry.npmjs.org/throttle-debounce/-/throttle-debounce-5.0.2.tgz. Extracting by manifest.
837 silly tarball no local data for tailwindcss@https://registry.npmjs.org/tailwindcss/-/tailwindcss-4.1.17.tgz. Extracting by manifest.
838 silly tarball no local data for three@https://registry.npmjs.org/three/-/three-0.135.0.tgz. Extracting by manifest.
839 silly tarball no local data for tailwind-merge@https://registry.npmjs.org/tailwind-merge/-/tailwind-merge-3.4.0.tgz. Extracting by manifest.
840 silly tarball no local data for supercluster@https://registry.npmjs.org/supercluster/-/supercluster-7.1.5.tgz. Extracting by manifest.
841 silly tarball no local data for stylis@https://registry.npmjs.org/stylis/-/stylis-4.2.0.tgz. Extracting by manifest.
842 silly tarball no local data for socket.io-client@https://registry.npmjs.org/socket.io-client/-/socket.io-client-4.8.3.tgz. Extracting by manifest.
843 silly tarball no local data for striptags@https://registry.npmjs.org/striptags/-/striptags-3.2.0.tgz. Extracting by manifest.
844 silly tarball no local data for rw@https://registry.npmjs.org/rw/-/rw-1.3.3.tgz. Extracting by manifest.
845 silly tarball no local data for robust-predicates@https://registry.npmjs.org/robust-predicates/-/robust-predicates-3.0.2.tgz. Extracting by manifest.
846 silly tarball no local data for semver@https://registry.npmjs.org/semver/-/semver-7.7.3.tgz. Extracting by manifest.
847 silly tarball no local data for reka-ui@https://registry.npmjs.org/reka-ui/-/reka-ui-2.7.0.tgz. Extracting by manifest.
848 silly tarball no local data for rollup@https://registry.npmjs.org/rollup/-/rollup-4.53.3.tgz. Extracting by manifest.
849 silly tarball no local data for resolve-protobuf-schema@https://registry.npmjs.org/resolve-protobuf-schema/-/resolve-protobuf-schema-2.1.0.tgz. Extracting by manifest.
850 silly tarball no local data for quickselect@https://registry.npmjs.org/quickselect/-/quickselect-2.0.0.tgz. Extracting by manifest.
851 silly tarball no local data for pusher-js@https://registry.npmjs.org/pusher-js/-/pusher-js-8.4.0.tgz. Extracting by manifest.
852 silly tarball no local data for radix-vue@https://registry.npmjs.org/radix-vue/-/radix-vue-1.9.17.tgz. Extracting by manifest.
853 silly tarball no local data for resolve@https://registry.npmjs.org/resolve/-/resolve-1.22.11.tgz. Extracting by manifest.
854 silly tarball no local data for potpack@https://registry.npmjs.org/potpack/-/potpack-1.0.2.tgz. Extracting by manifest.
855 silly tarball no local data for prettier@https://registry.npmjs.org/prettier/-/prettier-3.7.4.tgz. Extracting by manifest.
856 silly tarball no local data for prettier-plugin-organize-imports@https://registry.npmjs.org/prettier-plugin-organize-imports/-/prettier-plugin-organize-imports-4.3.0.tgz. Extracting by manifest.
857 silly tarball no local data for parse-unit@https://registry.npmjs.org/parse-unit/-/parse-unit-1.0.1.tgz. Extracting by manifest.
858 silly tarball no local data for protocol-buffers-schema@https://registry.npmjs.org/protocol-buffers-schema/-/protocol-buffers-schema-3.6.0.tgz. Extracting by manifest.
859 silly tarball no local data for pbf@https://registry.npmjs.org/pbf/-/pbf-3.3.0.tgz. Extracting by manifest.
860 silly tarball no local data for nanoid@https://registry.npmjs.org/nanoid/-/nanoid-3.3.11.tgz. Extracting by manifest.
861 silly tarball no local data for maplibre-gl@https://registry.npmjs.org/maplibre-gl/-/maplibre-gl-2.4.0.tgz. Extracting by manifest.
862 silly tarball no local data for murmurhash-js@https://registry.npmjs.org/murmurhash-js/-/murmurhash-js-1.0.0.tgz. Extracting by manifest.
863 silly tarball no local data for lodash-es@https://registry.npmjs.org/lodash-es/-/lodash-es-4.17.21.tgz. Extracting by manifest.
864 silly tarball no local data for lucide-vue-next@https://registry.npmjs.org/lucide-vue-next/-/lucide-vue-next-0.468.0.tgz. Extracting by manifest.
865 silly tarball no local data for lightningcss-win32-x64-msvc@https://registry.npmjs.org/lightningcss-win32-x64-msvc/-/lightningcss-win32-x64-msvc-1.30.2.tgz. Extracting by manifest.
866 silly tarball no local data for lightningcss@https://registry.npmjs.org/lightningcss/-/lightningcss-1.30.2.tgz. Extracting by manifest.
867 silly tarball no local data for leaflet@https://registry.npmjs.org/leaflet/-/leaflet-1.7.1.tgz. Extracting by manifest.
868 silly tarball no local data for laravel-vite-plugin@https://registry.npmjs.org/laravel-vite-plugin/-/laravel-vite-plugin-2.0.1.tgz. Extracting by manifest.
869 silly tarball no local data for laravel-echo@https://registry.npmjs.org/laravel-echo/-/laravel-echo-2.3.0.tgz. Extracting by manifest.
870 silly tarball no local data for kdbush@https://registry.npmjs.org/kdbush/-/kdbush-3.0.0.tgz. Extracting by manifest.
871 silly tarball no local data for jsesc@https://registry.npmjs.org/jsesc/-/jsesc-3.1.0.tgz. Extracting by manifest.
872 silly tarball no local data for jiti@https://registry.npmjs.org/jiti/-/jiti-2.6.1.tgz. Extracting by manifest.
873 silly tarball no local data for js-yaml@https://registry.npmjs.org/js-yaml/-/js-yaml-4.1.1.tgz. Extracting by manifest.
874 silly tarball no local data for he@https://registry.npmjs.org/he/-/he-1.2.0.tgz. Extracting by manifest.
875 silly tarball no local data for global-prefix@https://registry.npmjs.org/global-prefix/-/global-prefix-3.0.0.tgz. Extracting by manifest.
876 silly tarball no local data for geojson-vt@https://registry.npmjs.org/geojson-vt/-/geojson-vt-3.2.1.tgz. Extracting by manifest.
877 silly tarball no local data for gl-matrix@https://registry.npmjs.org/gl-matrix/-/gl-matrix-3.4.4.tgz. Extracting by manifest.
878 silly tarball no local data for geojson@https://registry.npmjs.org/geojson/-/geojson-0.5.0.tgz. Extracting by manifest.
879 silly tarball no local data for find-root@https://registry.npmjs.org/find-root/-/find-root-1.1.0.tgz. Extracting by manifest.
880 silly tarball no local data for eslint-plugin-vue@https://registry.npmjs.org/eslint-plugin-vue/-/eslint-plugin-vue-9.33.0.tgz. Extracting by manifest.
881 silly tarball no local data for esbuild@https://registry.npmjs.org/esbuild/-/esbuild-0.25.12.tgz. Extracting by manifest.
882 silly tarball no local data for eslint@https://registry.npmjs.org/eslint/-/eslint-9.39.1.tgz. Extracting by manifest.
883 silly tarball no local data for elkjs@https://registry.npmjs.org/elkjs/-/elkjs-0.10.2.tgz. Extracting by manifest.
884 silly tarball no local data for earcut@https://registry.npmjs.org/earcut/-/earcut-2.2.4.tgz. Extracting by manifest.
885 silly tarball no local data for delaunator@https://registry.npmjs.org/delaunator/-/delaunator-5.0.1.tgz. Extracting by manifest.
886 silly tarball no local data for de-indent@https://registry.npmjs.org/de-indent/-/de-indent-1.0.2.tgz. Extracting by manifest.
887 silly tarball no local data for date-fns@https://registry.npmjs.org/date-fns/-/date-fns-4.1.0.tgz. Extracting by manifest.
888 silly tarball no local data for d3-zoom@https://registry.npmjs.org/d3-zoom/-/d3-zoom-3.0.0.tgz. Extracting by manifest.
889 silly tarball no local data for engine.io-client@https://registry.npmjs.org/engine.io-client/-/engine.io-client-6.6.4.tgz. Extracting by manifest.
890 silly tarball no local data for eslint-config-prettier@https://registry.npmjs.org/eslint-config-prettier/-/eslint-config-prettier-10.1.8.tgz. Extracting by manifest.
891 silly tarball no local data for d3-transition@https://registry.npmjs.org/d3-transition/-/d3-transition-3.0.1.tgz. Extracting by manifest.
892 silly tarball no local data for d3-sankey@https://registry.npmjs.org/d3-sankey/-/d3-sankey-0.12.3.tgz. Extracting by manifest.
893 silly tarball no local data for d3-selection@https://registry.npmjs.org/d3-selection/-/d3-selection-3.0.0.tgz. Extracting by manifest.
894 silly tarball no local data for d3-scale-chromatic@https://registry.npmjs.org/d3-scale-chromatic/-/d3-scale-chromatic-3.1.0.tgz. Extracting by manifest.
895 silly tarball no local data for d3-random@https://registry.npmjs.org/d3-random/-/d3-random-3.0.1.tgz. Extracting by manifest.
896 silly tarball no local data for d3-quadtree@https://registry.npmjs.org/d3-quadtree/-/d3-quadtree-3.0.1.tgz. Extracting by manifest.
897 silly tarball no local data for d3-polygon@https://registry.npmjs.org/d3-polygon/-/d3-polygon-3.0.1.tgz. Extracting by manifest.
898 silly tarball no local data for d3-interpolate-path@https://registry.npmjs.org/d3-interpolate-path/-/d3-interpolate-path-2.3.0.tgz. Extracting by manifest.
899 silly tarball no local data for d3-hierarchy@https://registry.npmjs.org/d3-hierarchy/-/d3-hierarchy-3.1.2.tgz. Extracting by manifest.
900 silly tarball no local data for cosmiconfig@https://registry.npmjs.org/cosmiconfig/-/cosmiconfig-7.1.0.tgz. Extracting by manifest.
901 silly tarball no local data for d3-geo@https://registry.npmjs.org/d3-geo/-/d3-geo-3.1.1.tgz. Extracting by manifest.
902 silly tarball no local data for d3-force@https://registry.npmjs.org/d3-force/-/d3-force-3.0.0.tgz. Extracting by manifest.
903 silly tarball no local data for d3-geo-projection@https://registry.npmjs.org/d3-geo-projection/-/d3-geo-projection-4.0.0.tgz. Extracting by manifest.
904 silly tarball no local data for cssesc@https://registry.npmjs.org/cssesc/-/cssesc-3.0.0.tgz. Extracting by manifest.
905 silly tarball no local data for d3-fetch@https://registry.npmjs.org/d3-fetch/-/d3-fetch-3.0.1.tgz. Extracting by manifest.
906 silly tarball no local data for d3-dsv@https://registry.npmjs.org/d3-dsv/-/d3-dsv-3.0.1.tgz. Extracting by manifest.
907 silly tarball no local data for d3-drag@https://registry.npmjs.org/d3-drag/-/d3-drag-3.0.0.tgz. Extracting by manifest.
908 silly tarball no local data for d3-format@https://registry.npmjs.org/d3-format/-/d3-format-3.1.0.tgz. Extracting by manifest.
909 silly tarball no local data for d3-dispatch@https://registry.npmjs.org/d3-dispatch/-/d3-dispatch-3.0.1.tgz. Extracting by manifest.
910 silly tarball no local data for d3-contour@https://registry.npmjs.org/d3-contour/-/d3-contour-4.0.2.tgz. Extracting by manifest.
911 silly tarball no local data for d3-collection@https://registry.npmjs.org/d3-collection/-/d3-collection-1.0.7.tgz. Extracting by manifest.
912 silly tarball no local data for d3-chord@https://registry.npmjs.org/d3-chord/-/d3-chord-3.0.1.tgz. Extracting by manifest.
913 silly tarball no local data for d3-brush@https://registry.npmjs.org/d3-brush/-/d3-brush-3.0.0.tgz. Extracting by manifest.
914 silly tarball no local data for d3-axis@https://registry.npmjs.org/d3-axis/-/d3-axis-3.0.0.tgz. Extracting by manifest.
915 silly tarball no local data for d3@https://registry.npmjs.org/d3/-/d3-7.9.0.tgz. Extracting by manifest.
916 silly tarball no local data for csscolorparser@https://registry.npmjs.org/csscolorparser/-/csscolorparser-1.0.3.tgz. Extracting by manifest.
917 silly tarball no local data for d3-delaunay@https://registry.npmjs.org/d3-delaunay/-/d3-delaunay-6.0.4.tgz. Extracting by manifest.
918 silly tarball no local data for concurrently@https://registry.npmjs.org/concurrently/-/concurrently-9.2.1.tgz. Extracting by manifest.
919 silly tarball no local data for class-variance-authority@https://registry.npmjs.org/class-variance-authority/-/class-variance-authority-0.7.1.tgz. Extracting by manifest.
920 silly tarball no local data for babel-plugin-macros@https://registry.npmjs.org/babel-plugin-macros/-/babel-plugin-macros-3.1.0.tgz. Extracting by manifest.
921 silly tarball no local data for aria-hidden@https://registry.npmjs.org/aria-hidden/-/aria-hidden-1.2.6.tgz. Extracting by manifest.
922 silly tarball no local data for alien-signals@https://registry.npmjs.org/alien-signals/-/alien-signals-1.0.13.tgz. Extracting by manifest.
923 silly tarball no local data for acorn@https://registry.npmjs.org/acorn/-/acorn-8.15.0.tgz. Extracting by manifest.
924 silly tarball no local data for eslint-visitor-keys@https://registry.npmjs.org/eslint-visitor-keys/-/eslint-visitor-keys-4.2.1.tgz. Extracting by manifest.
925 silly tarball no local data for @types/d3-path@https://registry.npmjs.org/@types/d3-path/-/d3-path-1.0.11.tgz. Extracting by manifest.
926 silly tarball no local data for ignore@https://registry.npmjs.org/ignore/-/ignore-7.0.5.tgz. Extracting by manifest.
927 silly tarball no local data for @types/d3-shape@https://registry.npmjs.org/@types/d3-shape/-/d3-shape-1.3.12.tgz. Extracting by manifest.
928 silly tarball no local data for vue-demi@https://registry.npmjs.org/vue-demi/-/vue-demi-0.14.10.tgz. Extracting by manifest.
929 silly tarball no local data for eslint-visitor-keys@https://registry.npmjs.org/eslint-visitor-keys/-/eslint-visitor-keys-4.2.1.tgz. Extracting by manifest.
930 silly tarball no local data for fdir@https://registry.npmjs.org/fdir/-/fdir-6.5.0.tgz. Extracting by manifest.
931 silly tarball no local data for @vueuse/shared@https://registry.npmjs.org/@vueuse/shared/-/shared-10.11.1.tgz. Extracting by manifest.
932 silly tarball no local data for @vueuse/metadata@https://registry.npmjs.org/@vueuse/metadata/-/metadata-10.11.1.tgz. Extracting by manifest.
933 silly tarball no local data for picomatch@https://registry.npmjs.org/picomatch/-/picomatch-4.0.3.tgz. Extracting by manifest.
934 silly tarball no local data for @vueuse/core@https://registry.npmjs.org/@vueuse/core/-/core-10.11.1.tgz. Extracting by manifest.
935 silly tarball no local data for @rollup/rollup-win32-x64-msvc@https://registry.npmjs.org/@rollup/rollup-win32-x64-msvc/-/rollup-win32-x64-msvc-4.53.3.tgz. Extracting by manifest.
936 silly tarball no local data for vue-demi@https://registry.npmjs.org/vue-demi/-/vue-demi-0.14.10.tgz. Extracting by manifest.
937 silly tarball no local data for @types/web-bluetooth@https://registry.npmjs.org/@types/web-bluetooth/-/web-bluetooth-0.0.20.tgz. Extracting by manifest.
938 silly tarball no local data for nanoid@https://registry.npmjs.org/nanoid/-/nanoid-5.1.6.tgz. Extracting by manifest.
939 silly tarball no local data for vue-demi@https://registry.npmjs.org/vue-demi/-/vue-demi-0.14.10.tgz. Extracting by manifest.
940 silly tarball no local data for globals@https://registry.npmjs.org/globals/-/globals-13.24.0.tgz. Extracting by manifest.
941 silly tarball no local data for espree@https://registry.npmjs.org/espree/-/espree-9.6.1.tgz. Extracting by manifest.
942 silly tarball no local data for eslint-scope@https://registry.npmjs.org/eslint-scope/-/eslint-scope-7.2.2.tgz. Extracting by manifest.
943 silly tarball no local data for vue-eslint-parser@https://registry.npmjs.org/vue-eslint-parser/-/vue-eslint-parser-9.4.3.tgz. Extracting by manifest.
944 silly tarball no local data for which@https://registry.npmjs.org/which/-/which-1.3.1.tgz. Extracting by manifest.
945 silly tarball no local data for minimatch@https://registry.npmjs.org/minimatch/-/minimatch-3.1.2.tgz. Extracting by manifest.
946 silly tarball no local data for eslint-visitor-keys@https://registry.npmjs.org/eslint-visitor-keys/-/eslint-visitor-keys-4.2.1.tgz. Extracting by manifest.
947 silly tarball no local data for brace-expansion@https://registry.npmjs.org/brace-expansion/-/brace-expansion-1.1.12.tgz. Extracting by manifest.
948 silly tarball no local data for commander@https://registry.npmjs.org/commander/-/commander-2.20.3.tgz. Extracting by manifest.
949 silly tarball no local data for d3-shape@https://registry.npmjs.org/d3-shape/-/d3-shape-1.3.7.tgz. Extracting by manifest.
950 silly tarball no local data for d3-path@https://registry.npmjs.org/d3-path/-/d3-path-1.0.9.tgz. Extracting by manifest.
951 silly tarball no local data for internmap@https://registry.npmjs.org/internmap/-/internmap-1.0.1.tgz. Extracting by manifest.
952 silly tarball no local data for yaml@https://registry.npmjs.org/yaml/-/yaml-1.10.2.tgz. Extracting by manifest.
953 silly tarball no local data for d3-array@https://registry.npmjs.org/d3-array/-/d3-array-2.12.1.tgz. Extracting by manifest.
954 http fetch POST 200 https://registry.npmjs.org/-/npm/v1/security/advisories/bulk 1613ms
955 silly audit report {
955 silly audit report   'brace-expansion': [
955 silly audit report     {
955 silly audit report       id: 1115540,
955 silly audit report       url: 'https://github.com/advisories/GHSA-f886-m6hf-6m8v',
955 silly audit report       title: 'brace-expansion: Zero-step sequence causes process hang and memory exhaustion',
955 silly audit report       severity: 'moderate',
955 silly audit report       vulnerable_versions: '<1.1.13',
955 silly audit report       cwe: [Array],
955 silly audit report       cvss: [Object]
955 silly audit report     },
955 silly audit report     {
955 silly audit report       id: 1115541,
955 silly audit report       url: 'https://github.com/advisories/GHSA-f886-m6hf-6m8v',
955 silly audit report       title: 'brace-expansion: Zero-step sequence causes process hang and memory exhaustion',
955 silly audit report       severity: 'moderate',
955 silly audit report       vulnerable_versions: '>=2.0.0 <2.0.3',
955 silly audit report       cwe: [Array],
955 silly audit report       cvss: [Object]
955 silly audit report     }
955 silly audit report   ],
955 silly audit report   minimatch: [
955 silly audit report     {
955 silly audit report       id: 1113459,
955 silly audit report       url: 'https://github.com/advisories/GHSA-3ppc-4f35-3m26',
955 silly audit report       title: 'minimatch has a ReDoS via repeated wildcards with non-matching literal in pattern',
955 silly audit report       severity: 'high',
955 silly audit report       vulnerable_versions: '<3.1.3',
955 silly audit report       cwe: [Array],
955 silly audit report       cvss: [Object]
955 silly audit report     },
955 silly audit report     {
955 silly audit report       id: 1113465,
955 silly audit report       url: 'https://github.com/advisories/GHSA-3ppc-4f35-3m26',
955 silly audit report       title: 'minimatch has a ReDoS via repeated wildcards with non-matching literal in pattern',
955 silly audit report       severity: 'high',
955 silly audit report       vulnerable_versions: '>=9.0.0 <9.0.6',
955 silly audit report       cwe: [Array],
955 silly audit report       cvss: [Object]
955 silly audit report     },
955 silly audit report     {
955 silly audit report       id: 1113538,
955 silly audit report       url: 'https://github.com/advisories/GHSA-7r86-cg39-jmmj',
955 silly audit report       title: 'minimatch has ReDoS: matchOne() combinatorial backtracking via multiple non-adjacent GLOBSTAR segments',
955 silly audit report       severity: 'high',
955 silly audit report       vulnerable_versions: '<3.1.3',
955 silly audit report       cwe: [Array],
955 silly audit report       cvss: [Object]
955 silly audit report     },
955 silly audit report     {
955 silly audit report       id: 1113544,
955 silly audit report       url: 'https://github.com/advisories/GHSA-7r86-cg39-jmmj',
955 silly audit report       title: 'minimatch has ReDoS: matchOne() combinatorial backtracking via multiple non-adjacent GLOBSTAR segments',
955 silly audit report       severity: 'high',
955 silly audit report       vulnerable_versions: '>=9.0.0 <9.0.7',
955 silly audit report       cwe: [Array],
955 silly audit report       cvss: [Object]
955 silly audit report     },
955 silly audit report     {
955 silly audit report       id: 1113546,
955 silly audit report       url: 'https://github.com/advisories/GHSA-23c5-xmqv-rm74',
955 silly audit report       title: 'minimatch ReDoS: nested *() extglobs generate catastrophically backtracking regular expressions',
955 silly audit report       severity: 'high',
955 silly audit report       vulnerable_versions: '<3.1.4',
955 silly audit report       cwe: [Array],
955 silly audit report       cvss: [Object]
955 silly audit report     },
955 silly audit report     {
955 silly audit report       id: 1113552,
955 silly audit report       url: 'https://github.com/advisories/GHSA-23c5-xmqv-rm74',
955 silly audit report       title: 'minimatch ReDoS: nested *() extglobs generate catastrophically backtracking regular expressions',
955 silly audit report       severity: 'high',
955 silly audit report       vulnerable_versions: '>=9.0.0 <9.0.7',
955 silly audit report       cwe: [Array],
955 silly audit report       cvss: [Object]
955 silly audit report     }
955 silly audit report   ],
955 silly audit report   ajv: [
955 silly audit report     {
955 silly audit report       id: 1113714,
955 silly audit report       url: 'https://github.com/advisories/GHSA-2g4f-4pwh-qvx6',
955 silly audit report       title: 'ajv has ReDoS when using `$data` option',
955 silly audit report       severity: 'moderate',
955 silly audit report       vulnerable_versions: '<6.14.0',
955 silly audit report       cwe: [Array],
955 silly audit report       cvss: [Object]
955 silly audit report     }
955 silly audit report   ],
955 silly audit report   axios: [
955 silly audit report     {
955 silly audit report       id: 1113275,
955 silly audit report       url: 'https://github.com/advisories/GHSA-43fc-jf86-j433',
955 silly audit report       title: 'Axios is Vulnerable to Denial of Service via __proto__ Key in mergeConfig',
955 silly audit report       severity: 'high',
955 silly audit report       vulnerable_versions: '>=1.0.0 <=1.13.4',
955 silly audit report       cwe: [Array],
955 silly audit report       cvss: [Object]
955 silly audit report     }
955 silly audit report   ],
955 silly audit report   yaml: [
955 silly audit report     {
955 silly audit report       id: 1115555,
955 silly audit report       url: 'https://github.com/advisories/GHSA-48c2-rrv3-qjmp',
955 silly audit report       title: 'yaml is vulnerable to Stack Overflow via deeply nested YAML collections',
955 silly audit report       severity: 'moderate',
955 silly audit report       vulnerable_versions: '>=1.0.0 <1.10.3',
955 silly audit report       cwe: [Array],
955 silly audit report       cvss: [Object]
955 silly audit report     }
955 silly audit report   ],
955 silly audit report   flatted: [
955 silly audit report     {
955 silly audit report       id: 1114526,
955 silly audit report       url: 'https://github.com/advisories/GHSA-25h7-pfq9-p65f',
955 silly audit report       title: 'flatted vulnerable to unbounded recursion DoS in parse() revive phase',
955 silly audit report       severity: 'high',
955 silly audit report       vulnerable_versions: '<3.4.0',
955 silly audit report       cwe: [Array],
955 silly audit report       cvss: [Object]
955 silly audit report     },
955 silly audit report     {
955 silly audit report       id: 1115357,
955 silly audit report       url: 'https://github.com/advisories/GHSA-rf6f-7fwh-wjgh',
955 silly audit report       title: 'Prototype Pollution via parse() in NodeJS flatted',
955 silly audit report       severity: 'high',
955 silly audit report       vulnerable_versions: '<=3.4.1',
955 silly audit report       cwe: [Array],
955 silly audit report       cvss: [Object]
955 silly audit report     }
955 silly audit report   ],
955 silly audit report   lodash: [
955 silly audit report     {
955 silly audit report       id: 1112455,
955 silly audit report       url: 'https://github.com/advisories/GHSA-xxjr-mmjv-4gpg',
955 silly audit report       title: 'Lodash has Prototype Pollution Vulnerability in `_.unset` and `_.omit` functions',
955 silly audit report       severity: 'moderate',
955 silly audit report       vulnerable_versions: '>=4.0.0 <=4.17.22',
955 silly audit report       cwe: [Array],
955 silly audit report       cvss: [Object]
955 silly audit report     }
955 silly audit report   ],
955 silly audit report   'lodash-es': [
955 silly audit report     {
955 silly audit report       id: 1112453,
955 silly audit report       url: 'https://github.com/advisories/GHSA-xxjr-mmjv-4gpg',
955 silly audit report       title: 'Lodash has Prototype Pollution Vulnerability in `_.unset` and `_.omit` functions',
955 silly audit report       severity: 'moderate',
955 silly audit report       vulnerable_versions: '>=4.0.0 <=4.17.22',
955 silly audit report       cwe: [Array],
955 silly audit report       cvss: [Object]
955 silly audit report     }
955 silly audit report   ],
955 silly audit report   picomatch: [
955 silly audit report     {
955 silly audit report       id: 1115549,
955 silly audit report       url: 'https://github.com/advisories/GHSA-3v7f-55p6-f55p',
955 silly audit report       title: 'Picomatch: Method Injection in POSIX Character Classes causes incorrect Glob Matching',
955 silly audit report       severity: 'moderate',
955 silly audit report       vulnerable_versions: '<2.3.2',
955 silly audit report       cwe: [Array],
955 silly audit report       cvss: [Object]
955 silly audit report     },
955 silly audit report     {
955 silly audit report       id: 1115551,
955 silly audit report       url: 'https://github.com/advisories/GHSA-3v7f-55p6-f55p',
955 silly audit report       title: 'Picomatch: Method Injection in POSIX Character Classes causes incorrect Glob Matching',
955 silly audit report       severity: 'moderate',
955 silly audit report       vulnerable_versions: '>=4.0.0 <4.0.4',
955 silly audit report       cwe: [Array],
955 silly audit report       cvss: [Object]
955 silly audit report     },
955 silly audit report     {
955 silly audit report       id: 1115552,
955 silly audit report       url: 'https://github.com/advisories/GHSA-c2c7-rcm5-vvqj',
955 silly audit report       title: 'Picomatch has a ReDoS vulnerability via extglob quantifiers',
955 silly audit report       severity: 'high',
955 silly audit report       vulnerable_versions: '<2.3.2',
955 silly audit report       cwe: [Array],
955 silly audit report       cvss: [Object]
955 silly audit report     },
955 silly audit report     {
955 silly audit report       id: 1115554,
955 silly audit report       url: 'https://github.com/advisories/GHSA-c2c7-rcm5-vvqj',
955 silly audit report       title: 'Picomatch has a ReDoS vulnerability via extglob quantifiers',
955 silly audit report       severity: 'high',
955 silly audit report       vulnerable_versions: '>=4.0.0 <4.0.4',
955 silly audit report       cwe: [Array],
955 silly audit report       cvss: [Object]
955 silly audit report     }
955 silly audit report   ],
955 silly audit report   qs: [
955 silly audit report     {
955 silly audit report       id: 1113161,
955 silly audit report       url: 'https://github.com/advisories/GHSA-w7fw-mjwx-w883',
955 silly audit report       title: "qs's arrayLimit bypass in comma parsing allows denial of service",
955 silly audit report       severity: 'low',
955 silly audit report       vulnerable_versions: '>=6.7.0 <=6.14.1',
955 silly audit report       cwe: [Array],
955 silly audit report       cvss: [Object]
955 silly audit report     }
955 silly audit report   ],
955 silly audit report   rollup: [
955 silly audit report     {
955 silly audit report       id: 1113515,
955 silly audit report       url: 'https://github.com/advisories/GHSA-mw96-cpmx-2vgc',
955 silly audit report       title: 'Rollup 4 has Arbitrary File Write via Path Traversal',
955 silly audit report       severity: 'high',
955 silly audit report       vulnerable_versions: '>=4.0.0 <4.59.0',
955 silly audit report       cwe: [Array],
955 silly audit report       cvss: [Object]
955 silly audit report     }
955 silly audit report   ],
955 silly audit report   'socket.io-parser': [
955 silly audit report     {
955 silly audit report       id: 1115154,
955 silly audit report       url: 'https://github.com/advisories/GHSA-677m-j7p3-52f9',
955 silly audit report       title: 'socket.io allows an unbounded number of binary attachments',
955 silly audit report       severity: 'high',
955 silly audit report       vulnerable_versions: '>=4.0.0 <4.2.6',
955 silly audit report       cwe: [Array],
955 silly audit report       cvss: [Object]
955 silly audit report     }
955 silly audit report   ]
955 silly audit report }
956 silly packumentCache corgi:https://registry.npmjs.org/brace-expansion cache-miss
957 silly packumentCache corgi:https://registry.npmjs.org/minimatch cache-miss
958 silly packumentCache corgi:https://registry.npmjs.org/ajv cache-miss
959 silly packumentCache corgi:https://registry.npmjs.org/axios cache-miss
960 silly packumentCache corgi:https://registry.npmjs.org/yaml cache-miss
961 silly packumentCache corgi:https://registry.npmjs.org/flatted cache-miss
962 silly packumentCache corgi:https://registry.npmjs.org/lodash cache-miss
963 silly packumentCache corgi:https://registry.npmjs.org/lodash-es cache-miss
964 silly packumentCache corgi:https://registry.npmjs.org/picomatch cache-miss
965 silly packumentCache corgi:https://registry.npmjs.org/qs cache-miss
966 silly packumentCache corgi:https://registry.npmjs.org/rollup cache-miss
967 silly packumentCache corgi:https://registry.npmjs.org/socket.io-parser cache-miss
968 http fetch GET 200 https://registry.npmjs.org/@vue/shared/-/shared-3.5.25.tgz 1518ms (cache miss)
969 http fetch GET 200 https://registry.npmjs.org/@vue/server-renderer/-/server-renderer-3.5.25.tgz 1737ms (cache miss)
970 http fetch GET 200 https://registry.npmjs.org/@vue/eslint-config-typescript/-/eslint-config-typescript-14.6.0.tgz 1869ms (cache miss)
971 http fetch GET 200 https://registry.npmjs.org/@vue/compiler-ssr/-/compiler-ssr-3.5.25.tgz 1883ms (cache miss)
972 http fetch GET 200 https://registry.npmjs.org/@vueuse/metadata/-/metadata-12.8.2.tgz 1917ms (cache miss)
973 http fetch GET 200 https://registry.npmjs.org/@vue/language-core/-/language-core-2.2.12.tgz 1990ms (cache miss)
974 http fetch GET 200 https://registry.npmjs.org/@typescript-eslint/visitor-keys/-/visitor-keys-8.48.1.tgz 2119ms (cache miss)
975 http fetch GET 200 https://registry.npmjs.org/@vue/reactivity/-/reactivity-3.5.25.tgz 2145ms (cache miss)
976 http fetch GET 200 https://registry.npmjs.org/@vue/runtime-dom/-/runtime-dom-3.5.25.tgz 2170ms (cache miss)
977 http fetch GET 200 https://registry.npmjs.org/@vueuse/shared/-/shared-12.8.2.tgz 2309ms (cache miss)
978 http fetch GET 200 https://registry.npmjs.org/@volar/typescript/-/typescript-2.4.15.tgz 2324ms (cache miss)
979 http fetch GET 200 https://registry.npmjs.org/@volar/source-map/-/source-map-2.4.15.tgz 2421ms (cache miss)
980 http fetch GET 200 https://registry.npmjs.org/@vue/runtime-core/-/runtime-core-3.5.25.tgz 2548ms (cache miss)
981 http fetch GET 200 https://registry.npmjs.org/@vue/compiler-dom/-/compiler-dom-3.5.25.tgz 2574ms (cache miss)
982 http fetch GET 200 https://registry.npmjs.org/@vue/compiler-vue2/-/compiler-vue2-2.7.16.tgz 2670ms (cache miss)
983 http fetch GET 200 https://registry.npmjs.org/@typescript-eslint/types/-/types-8.48.1.tgz 2916ms (cache miss)
984 http fetch GET 200 https://registry.npmjs.org/@typescript-eslint/tsconfig-utils/-/tsconfig-utils-8.48.1.tgz 2959ms (cache miss)
985 http fetch GET 200 https://registry.npmjs.org/@types/web-bluetooth/-/web-bluetooth-0.0.21.tgz 2957ms (cache miss)
986 http fetch GET 200 https://registry.npmjs.org/@vitejs/plugin-vue/-/plugin-vue-6.0.2.tgz 2975ms (cache miss)
987 http fetch GET 200 https://registry.npmjs.org/@unovis/vue/-/vue-1.6.2.tgz 2982ms (cache miss)
988 http fetch GET 200 https://registry.npmjs.org/@typescript-eslint/utils/-/utils-8.48.1.tgz 3040ms (cache miss)
989 http fetch GET 200 https://registry.npmjs.org/@typescript-eslint/type-utils/-/type-utils-8.48.1.tgz 3140ms (cache miss)
990 http fetch GET 200 https://registry.npmjs.org/@unovis/graphlibrary/-/graphlibrary-2.2.0-2.tgz 3159ms (cache miss)
991 http fetch GET 200 https://registry.npmjs.org/@typescript-eslint/typescript-estree/-/typescript-estree-8.48.1.tgz 3258ms (cache miss)
992 http fetch GET 200 https://registry.npmjs.org/@vueuse/core/-/core-12.8.2.tgz 3332ms (cache miss)
993 http fetch GET 200 https://registry.npmjs.org/@typescript-eslint/parser/-/parser-8.48.1.tgz 3432ms (cache miss)
994 http fetch GET 200 https://registry.npmjs.org/@typescript-eslint/project-service/-/project-service-8.48.1.tgz 3437ms (cache miss)
995 http fetch GET 200 https://registry.npmjs.org/@vue/compiler-core/-/compiler-core-3.5.25.tgz 3519ms (cache miss)
996 http fetch GET 200 https://registry.npmjs.org/@types/topojson-specification/-/topojson-specification-1.0.5.tgz 3768ms (cache miss)
997 http fetch GET 200 https://registry.npmjs.org/@types/throttle-debounce/-/throttle-debounce-5.0.2.tgz 3782ms (cache miss)
998 http fetch GET 200 https://registry.npmjs.org/@types/pbf/-/pbf-3.0.5.tgz 3782ms (cache miss)
999 http fetch GET 200 https://registry.npmjs.org/@types/topojson-server/-/topojson-server-3.0.4.tgz 3814ms (cache miss)
1000 http fetch GET 200 https://registry.npmjs.org/@types/supercluster/-/supercluster-5.0.3.tgz 3818ms (cache miss)
1001 http fetch GET 200 https://registry.npmjs.org/@types/topojson/-/topojson-3.2.6.tgz 3850ms (cache miss)
1002 http fetch GET 200 https://registry.npmjs.org/@types/parse-json/-/parse-json-4.0.2.tgz 3916ms (cache miss)
1003 http fetch GET 200 https://registry.npmjs.org/@types/mapbox__vector-tile/-/mapbox__vector-tile-1.3.4.tgz 3938ms (cache miss)
1004 http fetch GET 200 https://registry.npmjs.org/@types/topojson-simplify/-/topojson-simplify-3.0.3.tgz 3944ms (cache miss)
1005 http fetch GET 200 https://registry.npmjs.org/@types/mapbox__point-geometry/-/mapbox__point-geometry-0.1.4.tgz 4104ms (cache miss)
1006 http fetch GET 200 https://registry.npmjs.org/@types/geojson/-/geojson-7946.0.16.tgz 4254ms (cache miss)
1007 http fetch GET 200 https://registry.npmjs.org/@volar/language-core/-/language-core-2.4.15.tgz 4285ms (cache miss)
1008 http fetch GET 200 https://registry.npmjs.org/@unovis/dagre-layout/-/dagre-layout-0.8.8-2.tgz 4311ms (cache miss)
1009 http fetch GET 200 https://registry.npmjs.org/@types/d3-time-format/-/d3-time-format-4.0.3.tgz 4521ms (cache miss)
1010 http fetch GET 200 https://registry.npmjs.org/@vue/compiler-sfc/-/compiler-sfc-3.5.25.tgz 4553ms (cache miss)
1011 http fetch GET 200 https://registry.npmjs.org/@types/leaflet/-/leaflet-1.7.6.tgz 4560ms (cache miss)
1012 http fetch GET 200 https://registry.npmjs.org/@types/d3-zoom/-/d3-zoom-3.0.8.tgz 4595ms (cache miss)
1013 http fetch GET 200 https://registry.npmjs.org/@types/d3-scale-chromatic/-/d3-scale-chromatic-3.1.0.tgz 4753ms (cache miss)
1014 http fetch GET 200 https://registry.npmjs.org/@types/dagre/-/dagre-0.7.53.tgz 4761ms (cache miss)
1015 http fetch GET 200 https://registry.npmjs.org/@types/d3-geo/-/d3-geo-3.1.0.tgz 4763ms (cache miss)
1016 http fetch GET 200 https://registry.npmjs.org/@types/d3-random/-/d3-random-3.0.3.tgz 4765ms (cache miss)
1017 http fetch GET 200 https://registry.npmjs.org/@types/d3-shape/-/d3-shape-3.1.7.tgz 4804ms (cache miss)
1018 http fetch GET 200 https://registry.npmjs.org/@types/d3-transition/-/d3-transition-3.0.9.tgz 4810ms (cache miss)
1019 http fetch GET 200 https://registry.npmjs.org/@types/d3-quadtree/-/d3-quadtree-3.0.6.tgz 4833ms (cache miss)
1020 http fetch GET 200 https://registry.npmjs.org/@types/d3-polygon/-/d3-polygon-3.0.2.tgz 4841ms (cache miss)
1021 http fetch GET 200 https://registry.npmjs.org/@types/d3-format/-/d3-format-3.0.4.tgz 4852ms (cache miss)
1022 http fetch GET 200 https://registry.npmjs.org/@types/d3-force/-/d3-force-3.0.10.tgz 4898ms (cache miss)
1023 http fetch GET 200 https://registry.npmjs.org/@types/d3-selection/-/d3-selection-3.0.11.tgz 4952ms (cache miss)
1024 http fetch GET 200 https://registry.npmjs.org/@types/d3-dispatch/-/d3-dispatch-3.0.7.tgz 5182ms (cache miss)
1025 http fetch GET 200 https://registry.npmjs.org/@types/d3-collection/-/d3-collection-1.0.13.tgz 5192ms (cache miss)
1026 http fetch GET 200 https://registry.npmjs.org/@types/topojson-client/-/topojson-client-3.1.5.tgz 5246ms (cache miss)
1027 http fetch GET 200 https://registry.npmjs.org/@types/d3-contour/-/d3-contour-3.0.6.tgz 5253ms (cache miss)
1028 http fetch GET 200 https://registry.npmjs.org/@types/d3-dsv/-/d3-dsv-3.0.7.tgz 5298ms (cache miss)
1029 http fetch GET 200 https://registry.npmjs.org/@types/d3-delaunay/-/d3-delaunay-6.0.4.tgz 5308ms (cache miss)
1030 http fetch GET 200 https://registry.npmjs.org/@types/d3-sankey/-/d3-sankey-0.11.2.tgz 5338ms (cache miss)
1031 http fetch GET 200 https://registry.npmjs.org/@types/d3/-/d3-7.4.3.tgz 5355ms (cache miss)
1032 http fetch GET 200 https://registry.npmjs.org/@types/d3-chord/-/d3-chord-3.0.6.tgz 5358ms (cache miss)
1033 http fetch GET 200 https://registry.npmjs.org/@types/d3-hierarchy/-/d3-hierarchy-3.1.7.tgz 5369ms (cache miss)
1034 http fetch GET 200 https://registry.npmjs.org/@types/d3-fetch/-/d3-fetch-3.0.7.tgz 5416ms (cache miss)
1035 http fetch GET 200 https://registry.npmjs.org/@types/d3-drag/-/d3-drag-3.0.7.tgz 5428ms (cache miss)
1036 http fetch GET 200 https://registry.npmjs.org/@tanstack/vue-virtual/-/vue-virtual-3.13.13.tgz 5443ms (cache miss)
1037 http fetch GET 200 https://registry.npmjs.org/@types/d3-axis/-/d3-axis-3.0.6.tgz 5580ms (cache miss)
1038 http fetch GET 200 https://registry.npmjs.org/@mapbox/tiny-sdf/-/tiny-sdf-2.0.7.tgz 5835ms (cache miss)
1039 http fetch GET 200 https://registry.npmjs.org/@mapbox/unitbezier/-/unitbezier-0.0.1.tgz 5851ms (cache miss)
1040 http fetch GET 200 https://registry.npmjs.org/@tailwindcss/oxide/-/oxide-4.1.17.tgz 5946ms (cache miss)
1041 http fetch GET 200 https://registry.npmjs.org/@mapbox/whoots-js/-/whoots-js-3.1.0.tgz 5965ms (cache miss)
1042 http fetch GET 200 https://registry.npmjs.org/@types/d3-brush/-/d3-brush-3.0.6.tgz 5971ms (cache miss)
1043 http fetch GET 200 https://registry.npmjs.org/@mapbox/geojson-rewind/-/geojson-rewind-0.5.2.tgz 5969ms (cache miss)
1044 http fetch GET 200 https://registry.npmjs.org/@rolldown/pluginutils/-/pluginutils-1.0.0-beta.50.tgz 6032ms (cache miss)
1045 http fetch GET 200 https://registry.npmjs.org/@tanstack/virtual-core/-/virtual-core-3.13.13.tgz 6135ms (cache miss)
1046 http fetch GET 200 https://registry.npmjs.org/@tailwindcss/vite/-/vite-4.1.17.tgz 6487ms (cache miss)
1047 http fetch GET 200 https://registry.npmjs.org/@mapbox/point-geometry/-/point-geometry-0.1.0.tgz 6497ms (cache miss)
1048 http fetch GET 200 https://registry.npmjs.org/@tailwindcss/node/-/node-4.1.17.tgz 6567ms (cache miss)
1049 http fetch GET 200 https://registry.npmjs.org/@mapbox/mapbox-gl-supported/-/mapbox-gl-supported-2.0.1.tgz 6580ms (cache miss)
1050 http fetch GET 200 https://registry.npmjs.org/@types/node/-/node-22.19.1.tgz 6749ms (cache miss)
1051 http fetch GET 200 https://registry.npmjs.org/@mapbox/vector-tile/-/vector-tile-1.3.1.tgz 6876ms (cache miss)
1052 http fetch GET 200 https://registry.npmjs.org/@tanstack/vue-table/-/vue-table-8.21.3.tgz 7029ms (cache miss)
1053 http fetch GET 200 https://registry.npmjs.org/@floating-ui/dom/-/dom-1.7.4.tgz 7321ms (cache miss)
1054 http fetch GET 200 https://registry.npmjs.org/@mapbox/jsonlint-lines-primitives/-/jsonlint-lines-primitives-2.0.2.tgz 7444ms (cache miss)
1055 http fetch GET 200 https://registry.npmjs.org/@laravel/echo-vue/-/echo-vue-2.3.0.tgz 7468ms (cache miss)
1056 http fetch GET 200 https://registry.npmjs.org/@floating-ui/vue/-/vue-1.1.9.tgz 7482ms (cache miss)
1057 http fetch GET 200 https://registry.npmjs.org/@juggle/resize-observer/-/resize-observer-3.4.0.tgz 7501ms (cache miss)
1058 http fetch GET 200 https://registry.npmjs.org/@floating-ui/utils/-/utils-0.2.10.tgz 7573ms (cache miss)
1059 http fetch GET 200 https://registry.npmjs.org/@laravel/vite-plugin-wayfinder/-/vite-plugin-wayfinder-0.1.7.tgz 7592ms (cache miss)
1060 http fetch GET 200 https://registry.npmjs.org/@eslint/js/-/js-9.39.1.tgz 7636ms (cache miss)
1061 http fetch GET 200 https://registry.npmjs.org/@emotion/unitless/-/unitless-0.10.0.tgz 7795ms (cache miss)
1062 http fetch GET 200 https://registry.npmjs.org/@emotion/utils/-/utils-1.4.2.tgz 7877ms (cache miss)
1063 http fetch GET 200 https://registry.npmjs.org/@emotion/sheet/-/sheet-1.4.0.tgz 7943ms (cache miss)
1064 http fetch GET 200 https://registry.npmjs.org/@emotion/weak-memoize/-/weak-memoize-0.4.0.tgz 7965ms (cache miss)
1065 http fetch GET 200 https://registry.npmjs.org/@floating-ui/core/-/core-1.7.3.tgz 8072ms (cache miss)
1066 http fetch GET 200 https://registry.npmjs.org/@emotion/memoize/-/memoize-0.9.0.tgz 8072ms (cache miss)
1067 http fetch GET 200 https://registry.npmjs.org/@emotion/hash/-/hash-0.9.2.tgz 8223ms (cache miss)
1068 http fetch GET 200 https://registry.npmjs.org/xmlhttprequest-ssl/-/xmlhttprequest-ssl-2.1.2.tgz 8306ms (cache miss)
1069 http fetch GET 200 https://registry.npmjs.org/which/-/which-2.0.2.tgz 8427ms (cache miss)
1070 http fetch GET 200 https://registry.npmjs.org/@internationalized/number/-/number-3.6.5.tgz 8492ms (cache miss)
1071 http fetch GET 200 https://registry.npmjs.org/@inertiajs/vue3/-/vue3-2.2.19.tgz 8552ms (cache miss)
1072 http fetch GET 200 https://registry.npmjs.org/vt-pbf/-/vt-pbf-3.1.3.tgz 8623ms (cache miss)
1073 http fetch GET 200 https://registry.npmjs.org/@inertiajs/core/-/core-2.2.19.tgz 8768ms (cache miss)
1074 http fetch GET 200 https://registry.npmjs.org/vue-input-otp/-/vue-input-otp-0.3.2.tgz 8940ms (cache miss)
1075 http fetch GET 200 https://registry.npmjs.org/vue-tsc/-/vue-tsc-2.2.12.tgz 8952ms (cache miss)
1076 http fetch GET 200 https://registry.npmjs.org/@emotion/serialize/-/serialize-1.3.3.tgz 8991ms (cache miss)
1077 http fetch GET 200 https://registry.npmjs.org/@typescript-eslint/scope-manager/-/scope-manager-8.48.1.tgz 9049ms (cache miss)
1078 http fetch GET 200 https://registry.npmjs.org/@emotion/babel-plugin/-/babel-plugin-11.13.5.tgz 9046ms (cache miss)
1079 http fetch GET 200 https://registry.npmjs.org/typescript-eslint/-/typescript-eslint-8.48.1.tgz 9079ms (cache miss)
1080 http fetch GET 200 https://registry.npmjs.org/vue-sonner/-/vue-sonner-2.0.9.tgz 9289ms (cache miss)
1081 http fetch GET 200 https://registry.npmjs.org/@emotion/cache/-/cache-11.14.0.tgz 9300ms (cache miss)
1082 http fetch GET 200 https://registry.npmjs.org/tree-kill/-/tree-kill-1.2.2.tgz 9520ms (cache miss)
1083 http fetch GET 200 https://registry.npmjs.org/tweetnacl/-/tweetnacl-1.0.3.tgz 9525ms (cache miss)
1084 http fetch GET 200 https://registry.npmjs.org/tw-animate-css/-/tw-animate-css-1.4.0.tgz 9532ms (cache miss)
1085 http fetch GET 200 https://registry.npmjs.org/to-px/-/to-px-1.1.0.tgz 9562ms (cache miss)
1086 http fetch GET 200 https://registry.npmjs.org/ts-api-utils/-/ts-api-utils-2.1.0.tgz 9731ms (cache miss)
1087 http fetch GET 200 https://registry.npmjs.org/@emotion/css/-/css-11.13.5.tgz 9880ms (cache miss)
1088 http fetch GET 200 https://registry.npmjs.org/topojson-client/-/topojson-client-3.1.0.tgz 9880ms (cache miss)
1089 http fetch GET 200 https://registry.npmjs.org/@internationalized/date/-/date-3.10.0.tgz 9924ms (cache miss)
1090 http fetch GET 200 https://registry.npmjs.org/@types/lodash-es/-/lodash-es-4.17.12.tgz 10059ms (cache miss)
1091 http fetch GET 200 https://registry.npmjs.org/@typescript-eslint/eslint-plugin/-/eslint-plugin-8.48.1.tgz 10506ms (cache miss)
1092 http fetch GET 200 https://registry.npmjs.org/@babel/runtime/-/runtime-7.28.4.tgz 10912ms (cache miss)
1093 http fetch GET 200 https://registry.npmjs.org/@tanstack/table-core/-/table-core-8.21.3.tgz 11154ms (cache miss)
1094 http fetch GET 200 https://registry.npmjs.org/@types/three/-/three-0.135.0.tgz 11292ms (cache miss)
1095 http fetch GET 200 https://registry.npmjs.org/@types/lodash/-/lodash-4.17.21.tgz 11519ms (cache miss)
1096 http fetch GET 200 https://registry.npmjs.org/@unovis/ts/-/ts-1.6.2.tgz 11644ms (cache miss)
1097 http fetch GET 200 https://registry.npmjs.org/vue/-/vue-3.5.25.tgz 12812ms (cache miss)
1098 http fetch GET 200 https://registry.npmjs.org/tailwindcss/-/tailwindcss-4.1.17.tgz 13345ms (cache miss)
1099 http fetch GET 200 https://registry.npmjs.org/@babel/parser/-/parser-7.28.5.tgz 14919ms (cache miss)
1100 http fetch GET 200 https://registry.npmjs.org/@tailwindcss/oxide-win32-x64-msvc/-/oxide-win32-x64-msvc-4.1.17.tgz 15165ms (cache miss)
1101 http fetch GET 200 https://registry.npmjs.org/vue-eslint-parser/-/vue-eslint-parser-10.2.0.tgz 15541ms (cache miss)
1102 http fetch GET 200 https://registry.npmjs.org/rw/-/rw-1.3.3.tgz 16101ms (cache miss)
1103 http fetch GET 200 https://registry.npmjs.org/robust-predicates/-/robust-predicates-3.0.2.tgz 16612ms (cache miss)
1104 http fetch GET 200 https://registry.npmjs.org/supercluster/-/supercluster-7.1.5.tgz 18370ms (cache miss)
1105 http fetch GET 200 https://registry.npmjs.org/semver/-/semver-7.7.3.tgz 18453ms (cache miss)
1106 http fetch GET 200 https://registry.npmjs.org/resolve-protobuf-schema/-/resolve-protobuf-schema-2.1.0.tgz 18794ms (cache miss)
1107 http fetch GET 200 https://registry.npmjs.org/tinyqueue/-/tinyqueue-2.0.3.tgz 19686ms (cache miss)
1108 http fetch GET 200 https://registry.npmjs.org/quickselect/-/quickselect-2.0.0.tgz 20498ms (cache miss)
1109 http fetch GET 200 https://registry.npmjs.org/vite/-/vite-7.2.7.tgz 21454ms (cache miss)
1110 http fetch GET 200 https://registry.npmjs.org/tailwind-merge/-/tailwind-merge-3.4.0.tgz 21505ms (cache miss)
1111 http fetch GET 200 https://registry.npmjs.org/socket.io-client/-/socket.io-client-4.8.3.tgz 22507ms (cache miss)
1112 http fetch GET 200 https://registry.npmjs.org/resolve/-/resolve-1.22.11.tgz 22832ms (cache miss)
1113 http fetch GET 200 https://registry.npmjs.org/@rollup/rollup-win32-x64-msvc/-/rollup-win32-x64-msvc-4.9.5.tgz 23042ms (cache miss)
1114 http fetch GET 200 https://registry.npmjs.org/potpack/-/potpack-1.0.2.tgz 23099ms (cache miss)
1115 http fetch GET 200 https://registry.npmjs.org/parse-unit/-/parse-unit-1.0.1.tgz 25008ms (cache miss)
1116 http fetch GET 200 https://registry.npmjs.org/prettier-plugin-organize-imports/-/prettier-plugin-organize-imports-4.3.0.tgz 25013ms (cache miss)
1117 http fetch GET 200 https://registry.npmjs.org/nanoid/-/nanoid-3.3.11.tgz 25086ms (cache miss)
1118 http fetch GET 200 https://registry.npmjs.org/throttle-debounce/-/throttle-debounce-5.0.2.tgz 25112ms (cache miss)
1119 http fetch GET 200 https://registry.npmjs.org/pbf/-/pbf-3.3.0.tgz 25117ms (cache miss)
1120 http fetch GET 200 https://registry.npmjs.org/protocol-buffers-schema/-/protocol-buffers-schema-3.6.0.tgz 25122ms (cache miss)
1121 http fetch GET 200 https://registry.npmjs.org/rollup/-/rollup-4.53.3.tgz 25820ms (cache miss)
1122 http fetch GET 200 https://registry.npmjs.org/radix-vue/-/radix-vue-1.9.17.tgz 27545ms (cache miss)
1123 http fetch GET 200 https://registry.npmjs.org/reka-ui/-/reka-ui-2.7.0.tgz 29147ms (cache miss)
1124 http fetch GET 200 https://registry.npmjs.org/lightningcss/-/lightningcss-1.30.2.tgz 29474ms (cache miss)
1125 http fetch GET 200 https://registry.npmjs.org/pusher-js/-/pusher-js-8.4.0.tgz 30069ms (cache miss)
1126 http fetch GET 200 https://registry.npmjs.org/kdbush/-/kdbush-3.0.0.tgz 30975ms (cache miss)
1127 http fetch GET 200 https://registry.npmjs.org/laravel-vite-plugin/-/laravel-vite-plugin-2.0.1.tgz 31008ms (cache miss)
1128 http fetch GET 200 https://registry.npmjs.org/lodash-es/-/lodash-es-4.17.21.tgz 31858ms (cache miss)
1129 http fetch GET 200 https://registry.npmjs.org/jsesc/-/jsesc-3.1.0.tgz 31936ms (cache miss)
1130 http fetch GET 200 https://registry.npmjs.org/global-prefix/-/global-prefix-3.0.0.tgz 33992ms (cache miss)
1131 http fetch GET 200 https://registry.npmjs.org/js-yaml/-/js-yaml-4.1.1.tgz 34412ms (cache miss)
1132 http fetch GET https://registry.npmjs.org/stylis/-/stylis-4.2.0.tgz attempt 1 failed with ECONNRESET
1133 http fetch GET 200 https://registry.npmjs.org/laravel-echo/-/laravel-echo-2.3.0.tgz 35556ms (cache miss)
1134 http fetch GET 200 https://registry.npmjs.org/jiti/-/jiti-2.6.1.tgz 35812ms (cache miss)
1135 http fetch GET https://registry.npmjs.org/striptags/-/striptags-3.2.0.tgz attempt 1 failed with ECONNRESET
1136 http fetch GET 200 https://registry.npmjs.org/leaflet/-/leaflet-1.7.1.tgz 41721ms (cache miss)
1137 http fetch GET https://registry.npmjs.org/murmurhash-js/-/murmurhash-js-1.0.0.tgz attempt 1 failed with ECONNRESET
1138 http fetch GET https://registry.npmjs.org/geojson-vt/-/geojson-vt-3.2.1.tgz attempt 1 failed with ECONNRESET
1139 http fetch GET https://registry.npmjs.org/geojson/-/geojson-0.5.0.tgz attempt 1 failed with ECONNRESET
1140 http fetch GET 200 https://registry.npmjs.org/gl-matrix/-/gl-matrix-3.4.4.tgz 46607ms (cache miss)
1141 http fetch GET https://registry.npmjs.org/find-root/-/find-root-1.1.0.tgz attempt 1 failed with ECONNRESET
1142 http fetch GET 200 https://registry.npmjs.org/lucide-vue-next/-/lucide-vue-next-0.468.0.tgz 47938ms (cache miss)
1143 http fetch GET 200 https://registry.npmjs.org/typescript/-/typescript-5.9.3.tgz 48685ms (cache miss)
1144 http fetch GET 200 https://registry.npmjs.org/maplibre-gl/-/maplibre-gl-2.4.0.tgz 54056ms (cache miss)
1145 http fetch GET 200 https://registry.npmjs.org/prettier/-/prettier-3.7.4.tgz 56804ms (cache miss)
1146 http fetch GET 200 https://registry.npmjs.org/earcut/-/earcut-2.2.4.tgz 57103ms (cache miss)
1147 http fetch GET 200 https://registry.npmjs.org/esbuild/-/esbuild-0.25.12.tgz 57743ms (cache miss)
1148 http fetch GET 200 https://registry.npmjs.org/lightningcss-win32-x64-msvc/-/lightningcss-win32-x64-msvc-1.30.2.tgz 57830ms (cache miss)
1149 http fetch GET 200 https://registry.npmjs.org/eslint-plugin-vue/-/eslint-plugin-vue-9.33.0.tgz 57959ms (cache miss)
1150 http fetch GET 200 https://registry.npmjs.org/delaunator/-/delaunator-5.0.1.tgz 58123ms (cache miss)
1151 http fetch GET 200 https://registry.npmjs.org/de-indent/-/de-indent-1.0.2.tgz 58151ms (cache miss)
1152 http fetch GET 200 https://registry.npmjs.org/elkjs/-/elkjs-0.10.2.tgz 58717ms (cache miss)
1153 http fetch GET 200 https://registry.npmjs.org/d3-zoom/-/d3-zoom-3.0.0.tgz 59443ms (cache miss)
1154 http fetch GET https://registry.npmjs.org/he/-/he-1.2.0.tgz attempt 1 failed with ECONNRESET
1155 http fetch GET 200 https://registry.npmjs.org/d3-transition/-/d3-transition-3.0.1.tgz 59614ms (cache miss)
1156 http fetch GET 200 https://registry.npmjs.org/eslint-config-prettier/-/eslint-config-prettier-10.1.8.tgz 59940ms (cache miss)
1157 http fetch GET 200 https://registry.npmjs.org/d3-selection/-/d3-selection-3.0.0.tgz 60200ms (cache miss)
1158 http fetch GET 200 https://registry.npmjs.org/engine.io-client/-/engine.io-client-6.6.4.tgz 60674ms (cache miss)
1159 http fetch GET 200 https://registry.npmjs.org/d3-scale-chromatic/-/d3-scale-chromatic-3.1.0.tgz 60864ms (cache miss)
1160 http fetch GET 200 https://registry.npmjs.org/d3-random/-/d3-random-3.0.1.tgz 61043ms (cache miss)
1161 http fetch GET 200 https://registry.npmjs.org/d3-quadtree/-/d3-quadtree-3.0.1.tgz 61093ms (cache miss)
1162 http fetch GET 200 https://registry.npmjs.org/d3-polygon/-/d3-polygon-3.0.1.tgz 61388ms (cache miss)
1163 http fetch GET 200 https://registry.npmjs.org/d3-interpolate-path/-/d3-interpolate-path-2.3.0.tgz 61945ms (cache miss)
1164 http fetch GET 200 https://registry.npmjs.org/d3-hierarchy/-/d3-hierarchy-3.1.2.tgz 62232ms (cache miss)
1165 http fetch GET 200 https://registry.npmjs.org/cosmiconfig/-/cosmiconfig-7.1.0.tgz 62411ms (cache miss)
1166 http fetch GET 200 https://registry.npmjs.org/d3-geo-projection/-/d3-geo-projection-4.0.0.tgz 63380ms (cache miss)
1167 http fetch GET 200 https://registry.npmjs.org/cssesc/-/cssesc-3.0.0.tgz 63572ms (cache miss)
1168 http fetch GET 200 https://registry.npmjs.org/d3-geo/-/d3-geo-3.1.1.tgz 64467ms (cache miss)
1169 http fetch GET 200 https://registry.npmjs.org/d3-drag/-/d3-drag-3.0.0.tgz 64519ms (cache miss)
1170 http fetch GET 200 https://registry.npmjs.org/d3-format/-/d3-format-3.1.0.tgz 65017ms (cache miss)
1171 http fetch GET 200 https://registry.npmjs.org/three/-/three-0.135.0.tgz 66317ms (cache miss)
1172 http fetch GET 200 https://registry.npmjs.org/d3-chord/-/d3-chord-3.0.1.tgz 66561ms (cache miss)
1173 http fetch GET 200 https://registry.npmjs.org/d3-contour/-/d3-contour-4.0.2.tgz 66701ms (cache miss)
1174 http fetch GET 200 https://registry.npmjs.org/d3-dispatch/-/d3-dispatch-3.0.1.tgz 66728ms (cache miss)
1175 http fetch GET 200 https://registry.npmjs.org/d3-fetch/-/d3-fetch-3.0.1.tgz 66941ms (cache miss)
1176 http fetch GET 200 https://registry.npmjs.org/d3-brush/-/d3-brush-3.0.0.tgz 67282ms (cache miss)
1177 http fetch GET 200 https://registry.npmjs.org/d3-axis/-/d3-axis-3.0.0.tgz 67311ms (cache miss)
1178 http fetch GET 200 https://registry.npmjs.org/d3-dsv/-/d3-dsv-3.0.1.tgz 67501ms (cache miss)
1179 http fetch GET 200 https://registry.npmjs.org/csscolorparser/-/csscolorparser-1.0.3.tgz 67521ms (cache miss)
1180 http fetch GET 200 https://registry.npmjs.org/d3-force/-/d3-force-3.0.0.tgz 67847ms (cache miss)
1181 http fetch GET 200 https://registry.npmjs.org/d3-collection/-/d3-collection-1.0.7.tgz 68045ms (cache miss)
1182 http fetch GET 200 https://registry.npmjs.org/d3-delaunay/-/d3-delaunay-6.0.4.tgz 68074ms (cache miss)
1183 http fetch GET 200 https://registry.npmjs.org/class-variance-authority/-/class-variance-authority-0.7.1.tgz 68605ms (cache miss)
1184 http fetch GET 200 https://registry.npmjs.org/babel-plugin-macros/-/babel-plugin-macros-3.1.0.tgz 68650ms (cache miss)
1185 http fetch GET 200 https://registry.npmjs.org/concurrently/-/concurrently-9.2.1.tgz 68665ms (cache miss)
1186 http fetch GET 200 https://registry.npmjs.org/aria-hidden/-/aria-hidden-1.2.6.tgz 68689ms (cache miss)
1187 http fetch GET 200 https://registry.npmjs.org/alien-signals/-/alien-signals-1.0.13.tgz 68757ms (cache miss)
1188 http fetch GET 200 https://registry.npmjs.org/acorn/-/acorn-8.15.0.tgz 69138ms (cache miss)
1189 http fetch GET 200 https://registry.npmjs.org/eslint-visitor-keys/-/eslint-visitor-keys-4.2.1.tgz 69315ms (cache miss)
1190 http fetch GET 200 https://registry.npmjs.org/date-fns/-/date-fns-4.1.0.tgz 69381ms (cache miss)
1191 http fetch GET 200 https://registry.npmjs.org/@types/d3-path/-/d3-path-1.0.11.tgz 69564ms (cache miss)
1192 http fetch GET 200 https://registry.npmjs.org/d3/-/d3-7.9.0.tgz 69585ms (cache miss)
1193 http fetch GET 200 https://registry.npmjs.org/ignore/-/ignore-7.0.5.tgz 69680ms (cache miss)
1194 http fetch GET 200 https://registry.npmjs.org/vue-demi/-/vue-demi-0.14.10.tgz 69737ms (cache miss)
1195 http fetch GET 200 https://registry.npmjs.org/@types/d3-shape/-/d3-shape-1.3.12.tgz 69764ms (cache miss)
1196 http fetch GET 200 https://registry.npmjs.org/eslint-visitor-keys/-/eslint-visitor-keys-4.2.1.tgz 69828ms (cache miss)
1197 http fetch GET 200 https://registry.npmjs.org/fdir/-/fdir-6.5.0.tgz 70073ms (cache miss)
1198 http fetch GET 200 https://registry.npmjs.org/picomatch/-/picomatch-4.0.3.tgz 70667ms (cache miss)
1199 http fetch GET 200 https://registry.npmjs.org/@vueuse/metadata/-/metadata-10.11.1.tgz 70987ms (cache miss)
1200 http fetch GET 200 https://registry.npmjs.org/vue-demi/-/vue-demi-0.14.10.tgz 71129ms (cache miss)
1201 http fetch GET 200 https://registry.npmjs.org/@vueuse/shared/-/shared-10.11.1.tgz 71149ms (cache miss)
1202 http fetch GET 200 https://registry.npmjs.org/nanoid/-/nanoid-5.1.6.tgz 71179ms (cache miss)
1203 http fetch GET 200 https://registry.npmjs.org/vue-demi/-/vue-demi-0.14.10.tgz 71196ms (cache miss)
1204 http fetch GET 200 https://registry.npmjs.org/@types/web-bluetooth/-/web-bluetooth-0.0.20.tgz 71309ms (cache miss)
1205 http fetch GET 200 https://registry.npmjs.org/globals/-/globals-13.24.0.tgz 71340ms (cache miss)
1206 http fetch GET 200 https://registry.npmjs.org/espree/-/espree-9.6.1.tgz 71587ms (cache miss)
1207 http fetch GET 200 https://registry.npmjs.org/@vueuse/core/-/core-10.11.1.tgz 72141ms (cache miss)
1208 http fetch GET 200 https://registry.npmjs.org/eslint-scope/-/eslint-scope-7.2.2.tgz 72185ms (cache miss)
1209 http fetch GET 200 https://registry.npmjs.org/which/-/which-1.3.1.tgz 72522ms (cache miss)
1210 http fetch GET 200 https://registry.npmjs.org/minimatch/-/minimatch-3.1.2.tgz 72583ms (cache miss)
1211 http fetch GET 200 https://registry.npmjs.org/vue-eslint-parser/-/vue-eslint-parser-9.4.3.tgz 72608ms (cache miss)
1212 http fetch GET 200 https://registry.npmjs.org/eslint-visitor-keys/-/eslint-visitor-keys-4.2.1.tgz 72606ms (cache miss)
1213 http fetch GET 200 https://registry.npmjs.org/brace-expansion/-/brace-expansion-1.1.12.tgz 72619ms (cache miss)
1214 http fetch GET 200 https://registry.npmjs.org/d3-sankey/-/d3-sankey-0.12.3.tgz 72799ms (cache miss)
1215 http fetch GET 200 https://registry.npmjs.org/commander/-/commander-2.20.3.tgz 72849ms (cache miss)
1216 http fetch GET 200 https://registry.npmjs.org/d3-shape/-/d3-shape-1.3.7.tgz 72963ms (cache miss)
1217 http fetch GET 200 https://registry.npmjs.org/internmap/-/internmap-1.0.1.tgz 73185ms (cache miss)
1218 http fetch GET 200 https://registry.npmjs.org/yaml/-/yaml-1.10.2.tgz 73391ms (cache miss)
1219 http fetch GET 200 https://registry.npmjs.org/brace-expansion 72360ms (cache miss)
1220 silly packumentCache corgi:https://registry.npmjs.org/brace-expansion set size:undefined disposed:false
1221 http fetch GET 200 https://registry.npmjs.org/minimatch 72414ms (cache miss)
1222 silly packumentCache corgi:https://registry.npmjs.org/minimatch set size:undefined disposed:false
1223 http fetch GET 200 https://registry.npmjs.org/ajv 72452ms (cache miss)
1224 silly packumentCache corgi:https://registry.npmjs.org/ajv set size:undefined disposed:false
1225 http fetch GET 200 https://registry.npmjs.org/d3-path/-/d3-path-1.0.9.tgz 73729ms (cache miss)
1226 http fetch GET 200 https://registry.npmjs.org/d3-array/-/d3-array-2.12.1.tgz 73689ms (cache miss)
1227 http fetch GET 200 https://registry.npmjs.org/yaml 72800ms (cache miss)
1228 silly packumentCache corgi:https://registry.npmjs.org/yaml set size:undefined disposed:false
1229 http fetch GET 200 https://registry.npmjs.org/flatted 72880ms (cache miss)
1230 silly packumentCache corgi:https://registry.npmjs.org/flatted set size:undefined disposed:false
1231 http fetch GET 200 https://registry.npmjs.org/lodash 72886ms (cache miss)
1232 silly packumentCache corgi:https://registry.npmjs.org/lodash set size:undefined disposed:false
1233 http fetch GET 200 https://registry.npmjs.org/picomatch 73376ms (cache miss)
1234 silly packumentCache corgi:https://registry.npmjs.org/picomatch set size:undefined disposed:false
1235 http fetch GET 200 https://registry.npmjs.org/lodash-es 73534ms (cache miss)
1236 silly packumentCache corgi:https://registry.npmjs.org/lodash-es set size:undefined disposed:false
1237 http fetch GET 200 https://registry.npmjs.org/qs 73637ms (cache miss)
1238 silly packumentCache corgi:https://registry.npmjs.org/qs set size:undefined disposed:false
1239 http fetch GET 200 https://registry.npmjs.org/socket.io-parser 73720ms (cache miss)
1240 silly packumentCache corgi:https://registry.npmjs.org/socket.io-parser set size:undefined disposed:false
1241 http fetch GET 200 https://registry.npmjs.org/rollup 74035ms (cache miss)
1242 silly packumentCache corgi:https://registry.npmjs.org/rollup set size:undefined disposed:false
1243 http fetch GET https://registry.npmjs.org/eslint/-/eslint-9.39.1.tgz attempt 1 failed with ECONNRESET
1244 http fetch GET 200 https://registry.npmjs.org/murmurhash-js/-/murmurhash-js-1.0.0.tgz 75481ms attempt #2 (cache miss)
1245 http fetch GET 200 https://registry.npmjs.org/geojson/-/geojson-0.5.0.tgz 75611ms attempt #2 (cache miss)
1246 http fetch GET 200 https://registry.npmjs.org/geojson-vt/-/geojson-vt-3.2.1.tgz 75618ms attempt #2 (cache miss)
1247 http fetch GET 200 https://registry.npmjs.org/find-root/-/find-root-1.1.0.tgz 75850ms attempt #2 (cache miss)
1248 http fetch GET 200 https://registry.npmjs.org/striptags/-/striptags-3.2.0.tgz 76113ms attempt #2 (cache miss)
1249 http fetch GET 200 https://registry.npmjs.org/@rollup/rollup-win32-x64-msvc/-/rollup-win32-x64-msvc-4.53.3.tgz 76142ms (cache miss)
1250 http fetch GET 200 https://registry.npmjs.org/he/-/he-1.2.0.tgz 76225ms attempt #2 (cache miss)
1251 http fetch GET 200 https://registry.npmjs.org/stylis/-/stylis-4.2.0.tgz 76370ms attempt #2 (cache miss)
1252 http fetch GET 200 https://registry.npmjs.org/axios 75998ms (cache miss)
1253 silly packumentCache corgi:https://registry.npmjs.org/axios set size:undefined disposed:false
1254 silly packumentCache corgi:https://registry.npmjs.org/@eslint%2fconfig-array cache-miss
1255 silly packumentCache corgi:https://registry.npmjs.org/@eslint%2feslintrc cache-miss
1256 silly packumentCache corgi:https://registry.npmjs.org/eslint cache-miss
1257 http fetch GET 200 https://registry.npmjs.org/@eslint%2fconfig-array 157ms (cache miss)
1258 silly packumentCache corgi:https://registry.npmjs.org/@eslint%2fconfig-array set size:undefined disposed:false
1259 http fetch GET 200 https://registry.npmjs.org/eslint 344ms (cache miss)
1260 silly packumentCache corgi:https://registry.npmjs.org/eslint set size:undefined disposed:false
1261 http fetch GET 200 https://registry.npmjs.org/@eslint%2feslintrc 689ms (cache miss)
1262 silly packumentCache corgi:https://registry.npmjs.org/@eslint%2feslintrc set size:undefined disposed:false
1263 silly packumentCache corgi:https://registry.npmjs.org/@typescript-eslint%2ftypescript-estree cache-miss
1264 silly packumentCache corgi:https://registry.npmjs.org/@vue%2flanguage-core cache-miss
1265 http fetch GET 200 https://registry.npmjs.org/@vue%2flanguage-core 291ms (cache miss)
1266 silly packumentCache corgi:https://registry.npmjs.org/@vue%2flanguage-core set size:undefined disposed:false
1267 http fetch GET 200 https://registry.npmjs.org/@typescript-eslint%2ftypescript-estree 1767ms (cache miss)
1268 silly packumentCache corgi:https://registry.npmjs.org/@typescript-eslint%2ftypescript-estree set size:undefined disposed:false
1269 silly packumentCache corgi:https://registry.npmjs.org/@inertiajs%2fcore cache-miss
1270 http fetch GET 200 https://registry.npmjs.org/@inertiajs%2fcore 1025ms (cache miss)
1271 silly packumentCache corgi:https://registry.npmjs.org/@inertiajs%2fcore set size:undefined disposed:false
1272 silly packumentCache corgi:https://registry.npmjs.org/cosmiconfig cache-miss
1273 http fetch GET 200 https://registry.npmjs.org/cosmiconfig 890ms (cache miss)
1274 silly packumentCache corgi:https://registry.npmjs.org/cosmiconfig set size:undefined disposed:false
1275 silly packumentCache corgi:https://registry.npmjs.org/flat-cache cache-miss
1276 http fetch GET 200 https://registry.npmjs.org/flat-cache 2848ms (cache miss)
1277 silly packumentCache corgi:https://registry.npmjs.org/flat-cache set size:undefined disposed:false
1278 silly packumentCache corgi:https://registry.npmjs.org/vue-eslint-parser cache-miss
1279 http fetch GET 200 https://registry.npmjs.org/eslint/-/eslint-9.39.1.tgz 87509ms attempt #2 (cache miss)
1280 info run esbuild@0.25.12 postinstall node_modules/esbuild node install.js
1281 info run maplibre-gl@2.4.0 postinstall node_modules/maplibre-gl node ./postinstall.js
1282 info run vue-demi@0.14.10 postinstall node_modules/@floating-ui/vue/node_modules/vue-demi node -e "try{require('./scripts/postinstall.js')}catch(e){}"
1283 info run maplibre-gl@2.4.0 postinstall { code: 0, signal: null }
1284 info run vue-demi@0.14.10 postinstall node_modules/radix-vue/node_modules/@vueuse/core/node_modules/vue-demi node -e "try{require('./scripts/postinstall.js')}catch(e){}"
1285 info run vue-demi@0.14.10 postinstall { code: 0, signal: null }
1286 info run vue-demi@0.14.10 postinstall node_modules/radix-vue/node_modules/@vueuse/shared/node_modules/vue-demi node -e "try{require('./scripts/postinstall.js')}catch(e){}"
1287 info run vue-demi@0.14.10 postinstall { code: 0, signal: null }
1288 info run esbuild@0.25.12 postinstall { code: 0, signal: null }
1289 http fetch GET 200 https://registry.npmjs.org/vue-eslint-parser 3313ms (cache miss)
1290 silly packumentCache corgi:https://registry.npmjs.org/vue-eslint-parser set size:undefined disposed:false
1291 silly packumentCache corgi:https://registry.npmjs.org/@inertiajs%2fvue3 cache-miss
1292 silly packumentCache corgi:https://registry.npmjs.org/@unovis%2fdagre-layout cache-miss
1293 silly packumentCache corgi:https://registry.npmjs.org/@unovis%2fgraphlibrary cache-miss
1294 info run vue-demi@0.14.10 postinstall { code: 0, signal: null }
1295 http fetch GET 200 https://registry.npmjs.org/@inertiajs%2fvue3 634ms (cache miss)
1296 silly packumentCache corgi:https://registry.npmjs.org/@inertiajs%2fvue3 set size:undefined disposed:false
1297 http fetch GET 200 https://registry.npmjs.org/@unovis%2fdagre-layout 704ms (cache miss)
1298 silly packumentCache corgi:https://registry.npmjs.org/@unovis%2fdagre-layout set size:undefined disposed:false
1299 http fetch GET 200 https://registry.npmjs.org/@unovis%2fgraphlibrary 1554ms (cache miss)
1300 silly packumentCache corgi:https://registry.npmjs.org/@unovis%2fgraphlibrary set size:undefined disposed:false
1301 silly packumentCache corgi:https://registry.npmjs.org/micromatch cache-miss
1302 silly packumentCache corgi:https://registry.npmjs.org/vite-plugin-full-reload cache-miss
1303 http fetch GET 200 https://registry.npmjs.org/vite-plugin-full-reload 143ms (cache miss)
1304 silly packumentCache corgi:https://registry.npmjs.org/vite-plugin-full-reload set size:undefined disposed:false
1305 http fetch GET 200 https://registry.npmjs.org/micromatch 198ms (cache miss)
1306 silly packumentCache corgi:https://registry.npmjs.org/micromatch set size:undefined disposed:false
1307 silly packumentCache corgi:https://registry.npmjs.org/tinyglobby cache-miss
1308 silly packumentCache corgi:https://registry.npmjs.org/fdir cache-miss
1309 silly packumentCache corgi:https://registry.npmjs.org/vite cache-miss
1310 http fetch GET 200 https://registry.npmjs.org/tinyglobby 110ms (cache miss)
1311 silly packumentCache corgi:https://registry.npmjs.org/tinyglobby set size:undefined disposed:false
1312 http fetch GET 200 https://registry.npmjs.org/fdir 156ms (cache miss)
1313 silly packumentCache corgi:https://registry.npmjs.org/fdir set size:undefined disposed:false
1314 http fetch GET 200 https://registry.npmjs.org/vite 348ms (cache miss)
1315 silly packumentCache corgi:https://registry.npmjs.org/vite set size:undefined disposed:false
1316 silly packumentCache corgi:https://registry.npmjs.org/socket.io-client cache-miss
1317 http fetch GET 200 https://registry.npmjs.org/socket.io-client 236ms (cache miss)
1318 silly packumentCache corgi:https://registry.npmjs.org/socket.io-client set size:undefined disposed:false
1319 silly CHANGE node_modules/@vue/runtime-dom
1320 silly CHANGE node_modules/@vueuse/metadata
1321 silly CHANGE node_modules/@vue/runtime-core
1322 silly CHANGE node_modules/@vueuse/shared
1323 silly CHANGE node_modules/@vue/server-renderer
1324 silly CHANGE node_modules/@vueuse/core
1325 silly CHANGE node_modules/@vue/shared
1326 silly CHANGE node_modules/@vue/language-core
1327 silly CHANGE node_modules/@vue/reactivity
1328 silly CHANGE node_modules/@vue/eslint-config-typescript
1329 silly CHANGE node_modules/@vue/compiler-vue2
1330 silly CHANGE node_modules/@vue/compiler-dom
1331 silly CHANGE node_modules/@vue/compiler-sfc
1332 silly CHANGE node_modules/@volar/typescript
1333 silly CHANGE node_modules/@vue/compiler-ssr
1334 silly CHANGE node_modules/@typescript-eslint/visitor-keys
1335 silly ADD node_modules/@typescript-eslint/visitor-keys/node_modules/eslint-visitor-keys
1336 silly CHANGE node_modules/@unovis/vue
1337 silly CHANGE node_modules/@vue/compiler-core
1338 silly CHANGE node_modules/@volar/source-map
1339 silly CHANGE node_modules/@volar/language-core
1340 silly CHANGE node_modules/@unovis/ts
1341 silly CHANGE node_modules/@vitejs/plugin-vue
1342 silly CHANGE node_modules/@unovis/dagre-layout
1343 silly CHANGE node_modules/@typescript-eslint/typescript-estree
1344 silly CHANGE node_modules/@unovis/graphlibrary
1345 silly CHANGE node_modules/@typescript-eslint/utils
1346 silly CHANGE node_modules/@typescript-eslint/types
1347 silly CHANGE node_modules/@typescript-eslint/scope-manager
1348 silly CHANGE node_modules/@typescript-eslint/tsconfig-utils
1349 silly CHANGE node_modules/@typescript-eslint/type-utils
1350 silly CHANGE node_modules/@types/web-bluetooth
1351 silly CHANGE node_modules/@typescript-eslint/project-service
1352 silly CHANGE node_modules/@typescript-eslint/parser
1353 silly CHANGE node_modules/@types/topojson-specification
1354 silly CHANGE node_modules/@typescript-eslint/eslint-plugin
1355 silly ADD node_modules/@typescript-eslint/eslint-plugin/node_modules/ignore
1356 silly CHANGE node_modules/@types/supercluster
1357 silly CHANGE node_modules/@types/topojson-server
1358 silly CHANGE node_modules/@types/topojson
1359 silly CHANGE node_modules/@types/topojson-simplify
1360 silly CHANGE node_modules/@types/throttle-debounce
1361 silly CHANGE node_modules/@types/topojson-client
1362 silly CHANGE node_modules/@types/pbf
1363 silly CHANGE node_modules/@types/three
1364 silly CHANGE node_modules/@types/parse-json
1365 silly CHANGE node_modules/@types/node
1366 silly CHANGE node_modules/@types/mapbox__vector-tile
1367 silly CHANGE node_modules/@types/mapbox__point-geometry
1368 silly CHANGE node_modules/@types/lodash-es
1369 silly CHANGE node_modules/@types/lodash
1370 silly CHANGE node_modules/@types/leaflet
1371 silly CHANGE node_modules/@types/geojson
1372 silly CHANGE node_modules/@types/dagre
1373 silly CHANGE node_modules/@types/d3-time-format
1374 silly CHANGE node_modules/@types/d3-transition
1375 silly CHANGE node_modules/@types/d3-zoom
1376 silly CHANGE node_modules/@types/d3-selection
1377 silly CHANGE node_modules/@types/d3-shape
1378 silly CHANGE node_modules/@types/d3-scale-chromatic
1379 silly CHANGE node_modules/@types/d3-geo
1380 silly CHANGE node_modules/@types/d3-quadtree
1381 silly CHANGE node_modules/@types/d3-random
1382 silly CHANGE node_modules/@types/d3-sankey
1383 silly CHANGE node_modules/@types/d3-sankey/node_modules/@types/d3-shape
1384 silly CHANGE node_modules/@types/d3-sankey/node_modules/@types/d3-path
1385 silly CHANGE node_modules/@types/d3-polygon
1386 silly CHANGE node_modules/@types/d3-format
1387 silly CHANGE node_modules/@types/d3-hierarchy
1388 silly CHANGE node_modules/@types/d3-force
1389 silly CHANGE node_modules/@types/d3-dsv
1390 silly CHANGE node_modules/@types/d3-fetch
1391 silly CHANGE node_modules/@types/d3-drag
1392 silly CHANGE node_modules/@types/d3-collection
1393 silly CHANGE node_modules/@types/d3-dispatch
1394 silly CHANGE node_modules/@types/d3-contour
1395 silly CHANGE node_modules/@types/d3-delaunay
1396 silly CHANGE node_modules/@types/d3-chord
1397 silly CHANGE node_modules/@types/d3-axis
1398 silly CHANGE node_modules/@types/d3-brush
1399 silly CHANGE node_modules/@tanstack/vue-virtual
1400 silly CHANGE node_modules/@types/d3
1401 silly CHANGE node_modules/@tanstack/table-core
1402 silly CHANGE node_modules/@tanstack/virtual-core
1403 silly CHANGE node_modules/@tanstack/vue-table
1404 silly CHANGE node_modules/@tailwindcss/vite
1405 silly CHANGE node_modules/@tailwindcss/oxide-win32-x64-msvc
1406 silly CHANGE node_modules/@tailwindcss/oxide-win32-arm64-msvc
1407 silly CHANGE node_modules/@tailwindcss/oxide-linux-arm64-musl
1408 silly CHANGE node_modules/@tailwindcss/oxide-wasm32-wasi
1409 silly CHANGE node_modules/@tailwindcss/oxide-linux-x64-musl
1410 silly CHANGE node_modules/@tailwindcss/oxide-linux-x64-gnu
1411 silly CHANGE node_modules/@tailwindcss/oxide-linux-arm64-gnu
1412 silly CHANGE node_modules/@tailwindcss/oxide-linux-arm-gnueabihf
1413 silly CHANGE node_modules/@tailwindcss/oxide-freebsd-x64
1414 silly CHANGE node_modules/@tailwindcss/oxide-darwin-x64
1415 silly CHANGE node_modules/@tailwindcss/oxide-darwin-arm64
1416 silly CHANGE node_modules/@tailwindcss/oxide-android-arm64
1417 silly CHANGE node_modules/@tailwindcss/node
1418 silly CHANGE node_modules/@rollup/rollup-win32-x64-msvc
1419 silly CHANGE node_modules/@tailwindcss/oxide
1420 silly CHANGE node_modules/@rollup/rollup-win32-arm64-msvc
1421 silly CHANGE node_modules/@rollup/rollup-win32-ia32-msvc
1422 silly CHANGE node_modules/@rollup/rollup-openharmony-arm64
1423 silly CHANGE node_modules/@rollup/rollup-linux-x64-musl
1424 silly CHANGE node_modules/@rollup/rollup-linux-x64-gnu
1425 silly CHANGE node_modules/@rollup/rollup-linux-riscv64-musl
1426 silly CHANGE node_modules/@rollup/rollup-linux-s390x-gnu
1427 silly CHANGE node_modules/@rollup/rollup-linux-riscv64-gnu
1428 silly CHANGE node_modules/@rollup/rollup-linux-ppc64-gnu
1429 silly CHANGE node_modules/@rollup/rollup-linux-loong64-gnu
1430 silly CHANGE node_modules/@rollup/rollup-linux-arm64-musl
1431 silly CHANGE node_modules/@rollup/rollup-linux-arm-musleabihf
1432 silly CHANGE node_modules/@rollup/rollup-linux-arm64-gnu
1433 silly CHANGE node_modules/@rolldown/pluginutils
1434 silly CHANGE node_modules/@rollup/rollup-linux-arm-gnueabihf
1435 silly CHANGE node_modules/@rollup/rollup-freebsd-arm64
1436 silly CHANGE node_modules/@rollup/rollup-android-arm-eabi
1437 silly CHANGE node_modules/@rollup/rollup-freebsd-x64
1438 silly CHANGE node_modules/@rollup/rollup-darwin-x64
1439 silly CHANGE node_modules/@rollup/rollup-darwin-arm64
1440 silly CHANGE node_modules/@rollup/rollup-android-arm64
1441 silly CHANGE node_modules/@mapbox/unitbezier
1442 silly CHANGE node_modules/@mapbox/whoots-js
1443 silly CHANGE node_modules/@juggle/resize-observer
1444 silly CHANGE node_modules/@mapbox/vector-tile
1445 silly CHANGE node_modules/@mapbox/tiny-sdf
1446 silly CHANGE node_modules/@mapbox/point-geometry
1447 silly CHANGE node_modules/@mapbox/mapbox-gl-supported
1448 silly CHANGE node_modules/@mapbox/geojson-rewind
1449 silly CHANGE node_modules/@laravel/echo-vue
1450 silly CHANGE node_modules/@internationalized/date
1451 silly CHANGE node_modules/@mapbox/jsonlint-lines-primitives
1452 silly CHANGE node_modules/@laravel/vite-plugin-wayfinder
1453 silly CHANGE node_modules/@internationalized/number
1454 silly CHANGE node_modules/@inertiajs/core
1455 silly CHANGE node_modules/@floating-ui/dom
1456 silly CHANGE node_modules/@inertiajs/vue3
1457 silly CHANGE node_modules/@floating-ui/vue
1458 silly CHANGE node_modules/@floating-ui/vue/node_modules/vue-demi
1459 silly CHANGE node_modules/@eslint/js
1460 silly CHANGE node_modules/@floating-ui/utils
1461 silly CHANGE node_modules/@esbuild/win32-ia32
1462 silly CHANGE node_modules/@floating-ui/core
1463 silly CHANGE node_modules/@esbuild/win32-arm64
1464 silly CHANGE node_modules/@esbuild/sunos-x64
1465 silly CHANGE node_modules/@esbuild/openharmony-arm64
1466 silly CHANGE node_modules/@esbuild/openbsd-x64
1467 silly CHANGE node_modules/@esbuild/openbsd-arm64
1468 silly CHANGE node_modules/@esbuild/netbsd-x64
1469 silly CHANGE node_modules/@esbuild/netbsd-arm64
1470 silly CHANGE node_modules/@esbuild/linux-s390x
1471 silly CHANGE node_modules/@esbuild/linux-x64
1472 silly CHANGE node_modules/@esbuild/linux-ppc64
1473 silly CHANGE node_modules/@esbuild/linux-mips64el
1474 silly CHANGE node_modules/@esbuild/linux-riscv64
1475 silly CHANGE node_modules/@esbuild/linux-loong64
1476 silly CHANGE node_modules/@esbuild/linux-ia32
1477 silly CHANGE node_modules/@esbuild/linux-arm64
1478 silly CHANGE node_modules/@esbuild/linux-arm
1479 silly CHANGE node_modules/@esbuild/freebsd-arm64
1480 silly CHANGE node_modules/@esbuild/darwin-x64
1481 silly CHANGE node_modules/@esbuild/freebsd-x64
1482 silly CHANGE node_modules/@esbuild/darwin-arm64
1483 silly CHANGE node_modules/@emotion/unitless
1484 silly CHANGE node_modules/@esbuild/android-arm
1485 silly CHANGE node_modules/@esbuild/android-x64
1486 silly CHANGE node_modules/@emotion/utils
1487 silly CHANGE node_modules/@esbuild/android-arm64
1488 silly CHANGE node_modules/@emotion/sheet
1489 silly CHANGE node_modules/@emotion/weak-memoize
1490 silly CHANGE node_modules/@esbuild/aix-ppc64
1491 silly CHANGE node_modules/@emotion/memoize
1492 silly CHANGE node_modules/@emotion/hash
1493 silly CHANGE node_modules/@emotion/css
1494 silly CHANGE node_modules/@emotion/serialize
1495 silly CHANGE node_modules/@emotion/cache
1496 silly CHANGE node_modules/@emotion/babel-plugin
1497 silly CHANGE node_modules/@babel/runtime
1498 silly CHANGE node_modules/@babel/parser
1499 silly CHANGE node_modules/vue-sonner
1500 silly CHANGE node_modules/vue-eslint-parser
1501 silly ADD node_modules/vue-eslint-parser/node_modules/eslint-visitor-keys
1502 silly CHANGE node_modules/xmlhttprequest-ssl
1503 silly CHANGE node_modules/which
1504 silly CHANGE node_modules/vue-tsc
1505 silly CHANGE node_modules/vue-input-otp
1506 silly CHANGE node_modules/vue
1507 silly CHANGE node_modules/vt-pbf
1508 silly CHANGE node_modules/vite
1509 silly ADD node_modules/vite/node_modules/picomatch
1510 silly ADD node_modules/vite/node_modules/fdir
1511 silly CHANGE node_modules/typescript-eslint
1512 silly CHANGE node_modules/tweetnacl
1513 silly CHANGE node_modules/tw-animate-css
1514 silly CHANGE node_modules/ts-api-utils
1515 silly CHANGE node_modules/typescript
1516 silly CHANGE node_modules/topojson-client
1517 silly ADD node_modules/topojson-client/node_modules/commander
1518 silly CHANGE node_modules/tree-kill
1519 silly CHANGE node_modules/to-px
1520 silly CHANGE node_modules/tinyqueue
1521 silly CHANGE node_modules/throttle-debounce
1522 silly CHANGE node_modules/three
1523 silly CHANGE node_modules/tailwindcss
1524 silly CHANGE node_modules/tailwind-merge
1525 silly CHANGE node_modules/supercluster
1526 silly CHANGE node_modules/stylis
1527 silly CHANGE node_modules/socket.io-client
1528 silly CHANGE node_modules/striptags
1529 silly CHANGE node_modules/rw
1530 silly CHANGE node_modules/robust-predicates
1531 silly CHANGE node_modules/semver
1532 silly CHANGE node_modules/resolve-protobuf-schema
1533 silly CHANGE node_modules/rollup
1534 silly ADD node_modules/rollup/node_modules/@rollup/rollup-win32-x64-msvc
1535 silly CHANGE node_modules/rollup/node_modules/@rollup/rollup-linux-x64-gnu
1536 silly CHANGE node_modules/reka-ui
1537 silly CHANGE node_modules/quickselect
1538 silly CHANGE node_modules/pusher-js
1539 silly CHANGE node_modules/resolve
1540 silly CHANGE node_modules/protocol-buffers-schema
1541 silly CHANGE node_modules/radix-vue
1542 silly CHANGE node_modules/radix-vue/node_modules/@vueuse/metadata
1543 silly CHANGE node_modules/radix-vue/node_modules/@vueuse/shared
1544 silly CHANGE node_modules/radix-vue/node_modules/@vueuse/shared/node_modules/vue-demi
1545 silly CHANGE node_modules/radix-vue/node_modules/@vueuse/core
1546 silly CHANGE node_modules/radix-vue/node_modules/@vueuse/core/node_modules/vue-demi
1547 silly CHANGE node_modules/radix-vue/node_modules/@types/web-bluetooth
1548 silly CHANGE node_modules/radix-vue/node_modules/nanoid
1549 silly CHANGE node_modules/prettier-plugin-organize-imports
1550 silly CHANGE node_modules/potpack
1551 silly CHANGE node_modules/prettier
1552 silly CHANGE node_modules/pbf
1553 silly CHANGE node_modules/parse-unit
1554 silly CHANGE node_modules/nanoid
1555 silly CHANGE node_modules/murmurhash-js
1556 silly CHANGE node_modules/maplibre-gl
1557 silly CHANGE node_modules/lucide-vue-next
1558 silly CHANGE node_modules/lodash-es
1559 silly CHANGE node_modules/lightningcss-win32-x64-msvc
1560 silly CHANGE node_modules/lightningcss-win32-arm64-msvc
1561 silly CHANGE node_modules/lightningcss-linux-x64-musl
1562 silly CHANGE node_modules/lightningcss-linux-x64-gnu
1563 silly CHANGE node_modules/lightningcss-linux-arm64-musl
1564 silly CHANGE node_modules/lightningcss-linux-arm-gnueabihf
1565 silly CHANGE node_modules/lightningcss-darwin-x64
1566 silly CHANGE node_modules/lightningcss-linux-arm64-gnu
1567 silly CHANGE node_modules/lightningcss-freebsd-x64
1568 silly CHANGE node_modules/lightningcss-darwin-arm64
1569 silly CHANGE node_modules/lightningcss-android-arm64
1570 silly CHANGE node_modules/leaflet
1571 silly CHANGE node_modules/lightningcss
1572 silly CHANGE node_modules/laravel-vite-plugin
1573 silly CHANGE node_modules/laravel-echo
1574 silly CHANGE node_modules/kdbush
1575 silly CHANGE node_modules/jsesc
1576 silly CHANGE node_modules/js-yaml
1577 silly CHANGE node_modules/jiti
1578 silly CHANGE node_modules/he
1579 silly CHANGE node_modules/global-prefix
1580 silly CHANGE node_modules/global-prefix/node_modules/which
1581 silly CHANGE node_modules/gl-matrix
1582 silly CHANGE node_modules/geojson-vt
1583 silly CHANGE node_modules/geojson
1584 silly CHANGE node_modules/fsevents
1585 silly CHANGE node_modules/find-root
1586 silly CHANGE node_modules/esbuild
1587 silly CHANGE node_modules/eslint-plugin-vue
1588 silly ADD node_modules/eslint-plugin-vue/node_modules/globals
1589 silly ADD node_modules/eslint-plugin-vue/node_modules/espree
1590 silly ADD node_modules/eslint-plugin-vue/node_modules/eslint-scope
1591 silly CHANGE node_modules/eslint-plugin-vue/node_modules/vue-eslint-parser
1592 silly CHANGE node_modules/eslint-config-prettier
1593 silly CHANGE node_modules/eslint
1594 silly ADD node_modules/eslint/node_modules/minimatch
1595 silly ADD node_modules/eslint/node_modules/eslint-visitor-keys
1596 silly ADD node_modules/eslint/node_modules/brace-expansion
1597 silly CHANGE node_modules/engine.io-client
1598 silly CHANGE node_modules/earcut
1599 silly CHANGE node_modules/elkjs
1600 silly CHANGE node_modules/delaunator
1601 silly CHANGE node_modules/de-indent
1602 silly CHANGE node_modules/date-fns
1603 silly CHANGE node_modules/d3-zoom
1604 silly CHANGE node_modules/d3-transition
1605 silly CHANGE node_modules/d3-sankey
1606 silly CHANGE node_modules/d3-sankey/node_modules/d3-path
1607 silly CHANGE node_modules/d3-sankey/node_modules/d3-shape
1608 silly CHANGE node_modules/d3-sankey/node_modules/internmap
1609 silly CHANGE node_modules/d3-sankey/node_modules/d3-array
1610 silly CHANGE node_modules/d3-selection
1611 silly CHANGE node_modules/d3-scale-chromatic
1612 silly CHANGE node_modules/d3-random
1613 silly CHANGE node_modules/d3-quadtree
1614 silly CHANGE node_modules/d3-polygon
1615 silly CHANGE node_modules/d3-interpolate-path
1616 silly CHANGE node_modules/d3-geo-projection
1617 silly CHANGE node_modules/d3-hierarchy
1618 silly CHANGE node_modules/cssesc
1619 silly CHANGE node_modules/cosmiconfig
1620 silly CHANGE node_modules/cosmiconfig/node_modules/yaml
1621 silly CHANGE node_modules/d3-geo
1622 silly CHANGE node_modules/d3-format
1623 silly CHANGE node_modules/d3-force
1624 silly CHANGE node_modules/d3-fetch
1625 silly CHANGE node_modules/d3-dsv
1626 silly CHANGE node_modules/d3-drag
1627 silly CHANGE node_modules/d3-dispatch
1628 silly CHANGE node_modules/d3-delaunay
1629 silly CHANGE node_modules/d3-contour
1630 silly CHANGE node_modules/d3-collection
1631 silly CHANGE node_modules/d3-chord
1632 silly CHANGE node_modules/d3-brush
1633 silly CHANGE node_modules/d3-axis
1634 silly CHANGE node_modules/d3
1635 silly CHANGE node_modules/csscolorparser
1636 silly CHANGE node_modules/concurrently
1637 silly CHANGE node_modules/class-variance-authority
1638 silly CHANGE node_modules/babel-plugin-macros
1639 silly CHANGE node_modules/aria-hidden
1640 silly CHANGE node_modules/alien-signals
1641 silly CHANGE node_modules/acorn
1642 verbose cwd C:\Users\jose\Downloads\sistema-colas-master\sistema-colas-master
1643 verbose os Windows_NT 10.0.26200
1644 verbose node v22.18.0
1645 verbose npm  v10.9.3
1646 verbose exit 0
1647 info ok
