0 verbose cli C:\Program Files\nodejs\node.exe C:\Program Files\nodejs\node_modules\npm\bin\npm-cli.js
1 info using npm@10.9.3
2 info using node@v22.18.0
3 silly config load:file:C:\Program Files\nodejs\node_modules\npm\npmrc
4 silly config load:file:C:\Users\jose\Downloads\sistema-colas-master\sistema-colas-master\.npmrc
5 silly config load:file:C:\Users\jose\.npmrc
6 silly config load:file:C:\Users\jose\AppData\Roaming\npm\etc\npmrc
7 verbose title npm install
8 verbose argv "install" "--cache" ".npm-cache"
9 verbose logfile logs-max:10 dir:C:\Users\jose\Downloads\sistema-colas-master\sistema-colas-master\.npm-cache\_logs\2026-03-28T22_20_28_894Z-
10 verbose logfile C:\Users\jose\Downloads\sistema-colas-master\sistema-colas-master\.npm-cache\_logs\2026-03-28T22_20_28_894Z-debug-0.log
11 silly logfile done cleaning log files
12 silly packumentCache heap:2197815296 maxSize:549453824 maxEntrySize:274726912
13 silly idealTree buildDeps
14 http fetch GET https://registry.npmjs.org/npm attempt 1 failed with EACCES
15 silly reify mark retired [
15 silly reify   'C:\\Users\\jose\\Downloads\\sistema-colas-master\\sistema-colas-master\\node_modules\\alien-signals'
15 silly reify ]
16 silly reify mark retired [
16 silly reify   'C:\\Users\\jose\\Downloads\\sistema-colas-master\\sistema-colas-master\\node_modules\\aria-hidden'
16 silly reify ]
17 silly reify mark retired [
17 silly reify   'C:\\Users\\jose\\Downloads\\sistema-colas-master\\sistema-colas-master\\node_modules\\babel-plugin-macros'
17 silly reify ]
18 silly reify mark retired [
18 silly reify   'C:\\Users\\jose\\Downloads\\sistema-colas-master\\sistema-colas-master\\node_modules\\class-variance-authority'
18 silly reify ]
19 silly reify mark retired [
19 silly reify   'C:\\Users\\jose\\Downloads\\sistema-colas-master\\sistema-colas-master\\node_modules\\concurrently'
19 silly reify ]
20 silly reify mark retired [
20 silly reify   'C:\\Users\\jose\\Downloads\\sistema-colas-master\\sistema-colas-master\\node_modules\\cosmiconfig'
20 silly reify ]
21 silly reify mark retired [
21 silly reify   'C:\\Users\\jose\\Downloads\\sistema-colas-master\\sistema-colas-master\\node_modules\\csscolorparser'
21 silly reify ]
22 silly reify mark retired [
22 silly reify   'C:\\Users\\jose\\Downloads\\sistema-colas-master\\sistema-colas-master\\node_modules\\d3'
22 silly reify ]
23 silly reify mark retired [
23 silly reify   'C:\\Users\\jose\\Downloads\\sistema-colas-master\\sistema-colas-master\\node_modules\\d3-brush'
23 silly reify ]
24 silly reify mark retired [
24 silly reify   'C:\\Users\\jose\\Downloads\\sistema-colas-master\\sistema-colas-master\\node_modules\\d3-chord'
24 silly reify ]
25 silly reify mark retired [
25 silly reify   'C:\\Users\\jose\\Downloads\\sistema-colas-master\\sistema-colas-master\\node_modules\\d3-collection'
25 silly reify ]
26 silly reify mark retired [
26 silly reify   'C:\\Users\\jose\\Downloads\\sistema-colas-master\\sistema-colas-master\\node_modules\\d3-axis'
26 silly reify ]
27 silly reify mark retired [
27 silly reify   'C:\\Users\\jose\\Downloads\\sistema-colas-master\\sistema-colas-master\\node_modules\\d3-contour'
27 silly reify ]
28 silly reify mark retired [
28 silly reify   'C:\\Users\\jose\\Downloads\\sistema-colas-master\\sistema-colas-master\\node_modules\\d3-delaunay'
28 silly reify ]
29 silly reify mark retired [
29 silly reify   'C:\\Users\\jose\\Downloads\\sistema-colas-master\\sistema-colas-master\\node_modules\\d3-dispatch'
29 silly reify ]
30 silly reify mark retired [
30 silly reify   'C:\\Users\\jose\\Downloads\\sistema-colas-master\\sistema-colas-master\\node_modules\\d3-drag'
30 silly reify ]
31 silly reify mark retired [
31 silly reify   'C:\\Users\\jose\\Downloads\\sistema-colas-master\\sistema-colas-master\\node_modules\\d3-dsv'
31 silly reify ]
32 silly reify mark retired [
32 silly reify   'C:\\Users\\jose\\Downloads\\sistema-colas-master\\sistema-colas-master\\node_modules\\d3-fetch'
32 silly reify ]
33 silly reify mark retired [
33 silly reify   'C:\\Users\\jose\\Downloads\\sistema-colas-master\\sistema-colas-master\\node_modules\\d3-force'
33 silly reify ]
34 silly reify mark retired [
34 silly reify   'C:\\Users\\jose\\Downloads\\sistema-colas-master\\sistema-colas-master\\node_modules\\d3-format'
34 silly reify ]
35 silly reify mark retired [
35 silly reify   'C:\\Users\\jose\\Downloads\\sistema-colas-master\\sistema-colas-master\\node_modules\\d3-geo'
35 silly reify ]
36 silly reify mark retired [
36 silly reify   'C:\\Users\\jose\\Downloads\\sistema-colas-master\\sistema-colas-master\\node_modules\\d3-geo-projection'
36 silly reify ]
37 silly reify mark retired [
37 silly reify   'C:\\Users\\jose\\Downloads\\sistema-colas-master\\sistema-colas-master\\node_modules\\d3-hierarchy'
37 silly reify ]
38 silly reify mark retired [
38 silly reify   'C:\\Users\\jose\\Downloads\\sistema-colas-master\\sistema-colas-master\\node_modules\\d3-interpolate-path'
38 silly reify ]
39 silly reify mark retired [
39 silly reify   'C:\\Users\\jose\\Downloads\\sistema-colas-master\\sistema-colas-master\\node_modules\\d3-polygon'
39 silly reify ]
40 silly reify mark retired [
40 silly reify   'C:\\Users\\jose\\Downloads\\sistema-colas-master\\sistema-colas-master\\node_modules\\d3-quadtree'
40 silly reify ]
41 silly reify mark retired [
41 silly reify   'C:\\Users\\jose\\Downloads\\sistema-colas-master\\sistema-colas-master\\node_modules\\d3-random'
41 silly reify ]
42 silly reify mark retired [
42 silly reify   'C:\\Users\\jose\\Downloads\\sistema-colas-master\\sistema-colas-master\\node_modules\\d3-sankey'
42 silly reify ]
43 silly reify mark retired [
43 silly reify   'C:\\Users\\jose\\Downloads\\sistema-colas-master\\sistema-colas-master\\node_modules\\d3-selection'
43 silly reify ]
44 silly reify mark retired [
44 silly reify   'C:\\Users\\jose\\Downloads\\sistema-colas-master\\sistema-colas-master\\node_modules\\d3-scale-chromatic'
44 silly reify ]
45 silly reify mark retired [
45 silly reify   'C:\\Users\\jose\\Downloads\\sistema-colas-master\\sistema-colas-master\\node_modules\\d3-transition'
45 silly reify ]
46 silly reify mark retired [
46 silly reify   'C:\\Users\\jose\\Downloads\\sistema-colas-master\\sistema-colas-master\\node_modules\\d3-zoom'
46 silly reify ]
47 silly reify mark retired [
47 silly reify   'C:\\Users\\jose\\Downloads\\sistema-colas-master\\sistema-colas-master\\node_modules\\date-fns'
47 silly reify ]
48 silly reify mark retired [
48 silly reify   'C:\\Users\\jose\\Downloads\\sistema-colas-master\\sistema-colas-master\\node_modules\\de-indent'
48 silly reify ]
49 silly reify mark retired [
49 silly reify   'C:\\Users\\jose\\Downloads\\sistema-colas-master\\sistema-colas-master\\node_modules\\delaunator'
49 silly reify ]
50 silly reify mark retired [
50 silly reify   'C:\\Users\\jose\\Downloads\\sistema-colas-master\\sistema-colas-master\\node_modules\\earcut'
50 silly reify ]
51 silly reify mark retired [
51 silly reify   'C:\\Users\\jose\\Downloads\\sistema-colas-master\\sistema-colas-master\\node_modules\\elkjs'
51 silly reify ]
52 silly reify mark retired [
52 silly reify   'C:\\Users\\jose\\Downloads\\sistema-colas-master\\sistema-colas-master\\node_modules\\engine.io-client'
52 silly reify ]
53 silly reify mark retired [
53 silly reify   'C:\\Users\\jose\\Downloads\\sistema-colas-master\\sistema-colas-master\\node_modules\\eslint'
53 silly reify ]
54 silly reify mark retired [
54 silly reify   'C:\\Users\\jose\\Downloads\\sistema-colas-master\\sistema-colas-master\\node_modules\\eslint-plugin-vue'
54 silly reify ]
55 silly reify mark retired [
55 silly reify   'C:\\Users\\jose\\Downloads\\sistema-colas-master\\sistema-colas-master\\node_modules\\eslint-config-prettier'
55 silly reify ]
56 silly reify mark retired [
56 silly reify   'C:\\Users\\jose\\Downloads\\sistema-colas-master\\sistema-colas-master\\node_modules\\find-root'
56 silly reify ]
57 silly reify mark retired [
57 silly reify   'C:\\Users\\jose\\Downloads\\sistema-colas-master\\sistema-colas-master\\node_modules\\fsevents'
57 silly reify ]
58 silly reify mark retired [
58 silly reify   'C:\\Users\\jose\\Downloads\\sistema-colas-master\\sistema-colas-master\\node_modules\\geojson'
58 silly reify ]
59 silly reify mark retired [
59 silly reify   'C:\\Users\\jose\\Downloads\\sistema-colas-master\\sistema-colas-master\\node_modules\\geojson-vt'
59 silly reify ]
60 silly reify mark retired [
60 silly reify   'C:\\Users\\jose\\Downloads\\sistema-colas-master\\sistema-colas-master\\node_modules\\gl-matrix'
60 silly reify ]
61 silly reify mark retired [
61 silly reify   'C:\\Users\\jose\\Downloads\\sistema-colas-master\\sistema-colas-master\\node_modules\\global-prefix'
61 silly reify ]
62 silly reify mark retired [
62 silly reify   'C:\\Users\\jose\\Downloads\\sistema-colas-master\\sistema-colas-master\\node_modules\\he'
62 silly reify ]
63 silly reify mark retired [
63 silly reify   'C:\\Users\\jose\\Downloads\\sistema-colas-master\\sistema-colas-master\\node_modules\\jiti'
63 silly reify ]
64 silly reify mark retired [
64 silly reify   'C:\\Users\\jose\\Downloads\\sistema-colas-master\\sistema-colas-master\\node_modules\\kdbush'
64 silly reify ]
65 silly reify mark retired [
65 silly reify   'C:\\Users\\jose\\Downloads\\sistema-colas-master\\sistema-colas-master\\node_modules\\laravel-echo'
65 silly reify ]
66 silly reify mark retired [
66 silly reify   'C:\\Users\\jose\\Downloads\\sistema-colas-master\\sistema-colas-master\\node_modules\\laravel-vite-plugin'
66 silly reify ]
67 silly reify mark retired [
67 silly reify   'C:\\Users\\jose\\Downloads\\sistema-colas-master\\sistema-colas-master\\node_modules\\leaflet'
67 silly reify ]
68 silly reify mark retired [
68 silly reify   'C:\\Users\\jose\\Downloads\\sistema-colas-master\\sistema-colas-master\\node_modules\\lightningcss'
68 silly reify ]
69 silly reify mark retired [
69 silly reify   'C:\\Users\\jose\\Downloads\\sistema-colas-master\\sistema-colas-master\\node_modules\\lightningcss-android-arm64'
69 silly reify ]
70 silly reify mark retired [
70 silly reify   'C:\\Users\\jose\\Downloads\\sistema-colas-master\\sistema-colas-master\\node_modules\\lightningcss-darwin-arm64'
70 silly reify ]
71 silly reify mark retired [
71 silly reify   'C:\\Users\\jose\\Downloads\\sistema-colas-master\\sistema-colas-master\\node_modules\\lightningcss-darwin-x64'
71 silly reify ]
72 silly reify mark retired [
72 silly reify   'C:\\Users\\jose\\Downloads\\sistema-colas-master\\sistema-colas-master\\node_modules\\lightningcss-freebsd-x64'
72 silly reify ]
73 silly reify mark retired [
73 silly reify   'C:\\Users\\jose\\Downloads\\sistema-colas-master\\sistema-colas-master\\node_modules\\lightningcss-linux-arm-gnueabihf'
73 silly reify ]
74 silly reify mark retired [
74 silly reify   'C:\\Users\\jose\\Downloads\\sistema-colas-master\\sistema-colas-master\\node_modules\\lightningcss-linux-arm64-gnu'
74 silly reify ]
75 silly reify mark retired [
75 silly reify   'C:\\Users\\jose\\Downloads\\sistema-colas-master\\sistema-colas-master\\node_modules\\lightningcss-linux-arm64-musl'
75 silly reify ]
76 silly reify mark retired [
76 silly reify   'C:\\Users\\jose\\Downloads\\sistema-colas-master\\sistema-colas-master\\node_modules\\lightningcss-linux-x64-gnu'
76 silly reify ]
77 silly reify mark retired [
77 silly reify   'C:\\Users\\jose\\Downloads\\sistema-colas-master\\sistema-colas-master\\node_modules\\lightningcss-linux-x64-musl'
77 silly reify ]
78 silly reify mark retired [
78 silly reify   'C:\\Users\\jose\\Downloads\\sistema-colas-master\\sistema-colas-master\\node_modules\\lightningcss-win32-arm64-msvc'
78 silly reify ]
79 silly reify mark retired [
79 silly reify   'C:\\Users\\jose\\Downloads\\sistema-colas-master\\sistema-colas-master\\node_modules\\lightningcss-win32-x64-msvc'
79 silly reify ]
80 silly reify mark retired [
80 silly reify   'C:\\Users\\jose\\Downloads\\sistema-colas-master\\sistema-colas-master\\node_modules\\lodash-es'
80 silly reify ]
81 silly reify mark retired [
81 silly reify   'C:\\Users\\jose\\Downloads\\sistema-colas-master\\sistema-colas-master\\node_modules\\lucide-vue-next'
81 silly reify ]
82 silly reify mark retired [
82 silly reify   'C:\\Users\\jose\\Downloads\\sistema-colas-master\\sistema-colas-master\\node_modules\\maplibre-gl'
82 silly reify ]
83 silly reify mark retired [
83 silly reify   'C:\\Users\\jose\\Downloads\\sistema-colas-master\\sistema-colas-master\\node_modules\\murmurhash-js'
83 silly reify ]
84 silly reify mark retired [
84 silly reify   'C:\\Users\\jose\\Downloads\\sistema-colas-master\\sistema-colas-master\\node_modules\\parse-unit'
84 silly reify ]
85 silly reify mark retired [
85 silly reify   'C:\\Users\\jose\\Downloads\\sistema-colas-master\\sistema-colas-master\\node_modules\\pbf'
85 silly reify ]
86 silly reify mark retired [
86 silly reify   'C:\\Users\\jose\\Downloads\\sistema-colas-master\\sistema-colas-master\\node_modules\\potpack'
86 silly reify ]
87 silly reify mark retired [
87 silly reify   'C:\\Users\\jose\\Downloads\\sistema-colas-master\\sistema-colas-master\\node_modules\\prettier-plugin-organize-imports'
87 silly reify ]
88 silly reify mark retired [
88 silly reify   'C:\\Users\\jose\\Downloads\\sistema-colas-master\\sistema-colas-master\\node_modules\\protocol-buffers-schema'
88 silly reify ]
89 silly reify mark retired [
89 silly reify   'C:\\Users\\jose\\Downloads\\sistema-colas-master\\sistema-colas-master\\node_modules\\pusher-js'
89 silly reify ]
90 silly reify mark retired [
90 silly reify   'C:\\Users\\jose\\Downloads\\sistema-colas-master\\sistema-colas-master\\node_modules\\quickselect'
90 silly reify ]
91 silly reify mark retired [
91 silly reify   'C:\\Users\\jose\\Downloads\\sistema-colas-master\\sistema-colas-master\\node_modules\\radix-vue'
91 silly reify ]
92 silly reify mark retired [
92 silly reify   'C:\\Users\\jose\\Downloads\\sistema-colas-master\\sistema-colas-master\\node_modules\\reka-ui'
92 silly reify ]
93 silly reify mark retired [
93 silly reify   'C:\\Users\\jose\\Downloads\\sistema-colas-master\\sistema-colas-master\\node_modules\\resolve-protobuf-schema'
93 silly reify ]
94 silly reify mark retired [
94 silly reify   'C:\\Users\\jose\\Downloads\\sistema-colas-master\\sistema-colas-master\\node_modules\\robust-predicates'
94 silly reify ]
95 silly reify mark retired [
95 silly reify   'C:\\Users\\jose\\Downloads\\sistema-colas-master\\sistema-colas-master\\node_modules\\rw'
95 silly reify ]
96 silly reify mark retired [
96 silly reify   'C:\\Users\\jose\\Downloads\\sistema-colas-master\\sistema-colas-master\\node_modules\\socket.io-client'
96 silly reify ]
97 silly reify mark retired [
97 silly reify   'C:\\Users\\jose\\Downloads\\sistema-colas-master\\sistema-colas-master\\node_modules\\striptags'
97 silly reify ]
98 silly reify mark retired [
98 silly reify   'C:\\Users\\jose\\Downloads\\sistema-colas-master\\sistema-colas-master\\node_modules\\stylis'
98 silly reify ]
99 silly reify mark retired [
99 silly reify   'C:\\Users\\jose\\Downloads\\sistema-colas-master\\sistema-colas-master\\node_modules\\supercluster'
99 silly reify ]
100 silly reify mark retired [
100 silly reify   'C:\\Users\\jose\\Downloads\\sistema-colas-master\\sistema-colas-master\\node_modules\\tailwind-merge'
100 silly reify ]
101 silly reify mark retired [
101 silly reify   'C:\\Users\\jose\\Downloads\\sistema-colas-master\\sistema-colas-master\\node_modules\\tailwindcss'
101 silly reify ]
102 silly reify mark retired [
102 silly reify   'C:\\Users\\jose\\Downloads\\sistema-colas-master\\sistema-colas-master\\node_modules\\three'
102 silly reify ]
103 silly reify mark retired [
103 silly reify   'C:\\Users\\jose\\Downloads\\sistema-colas-master\\sistema-colas-master\\node_modules\\throttle-debounce'
103 silly reify ]
104 silly reify mark retired [
104 silly reify   'C:\\Users\\jose\\Downloads\\sistema-colas-master\\sistema-colas-master\\node_modules\\tinyqueue'
104 silly reify ]
105 silly reify mark retired [
105 silly reify   'C:\\Users\\jose\\Downloads\\sistema-colas-master\\sistema-colas-master\\node_modules\\to-px'
105 silly reify ]
106 silly reify mark retired [
106 silly reify   'C:\\Users\\jose\\Downloads\\sistema-colas-master\\sistema-colas-master\\node_modules\\topojson-client'
106 silly reify ]
107 silly reify mark retired [
107 silly reify   'C:\\Users\\jose\\Downloads\\sistema-colas-master\\sistema-colas-master\\node_modules\\ts-api-utils'
107 silly reify ]
108 silly reify mark retired [
108 silly reify   'C:\\Users\\jose\\Downloads\\sistema-colas-master\\sistema-colas-master\\node_modules\\tw-animate-css'
108 silly reify ]
109 silly reify mark retired [
109 silly reify   'C:\\Users\\jose\\Downloads\\sistema-colas-master\\sistema-colas-master\\node_modules\\tweetnacl'
109 silly reify ]
110 silly reify mark retired [
110 silly reify   'C:\\Users\\jose\\Downloads\\sistema-colas-master\\sistema-colas-master\\node_modules\\typescript-eslint'
110 silly reify ]
111 silly reify mark retired [
111 silly reify   'C:\\Users\\jose\\Downloads\\sistema-colas-master\\sistema-colas-master\\node_modules\\vite'
111 silly reify ]
112 silly reify mark retired [
112 silly reify   'C:\\Users\\jose\\Downloads\\sistema-colas-master\\sistema-colas-master\\node_modules\\vt-pbf'
112 silly reify ]
113 silly reify mark retired [
113 silly reify   'C:\\Users\\jose\\Downloads\\sistema-colas-master\\sistema-colas-master\\node_modules\\vue-eslint-parser'
113 silly reify ]
114 silly reify mark retired [
114 silly reify   'C:\\Users\\jose\\Downloads\\sistema-colas-master\\sistema-colas-master\\node_modules\\vue'
114 silly reify ]
115 silly reify mark retired [
115 silly reify   'C:\\Users\\jose\\Downloads\\sistema-colas-master\\sistema-colas-master\\node_modules\\vue-input-otp'
115 silly reify ]
116 silly reify mark retired [
116 silly reify   'C:\\Users\\jose\\Downloads\\sistema-colas-master\\sistema-colas-master\\node_modules\\vue-sonner'
116 silly reify ]
117 silly reify mark retired [
117 silly reify   'C:\\Users\\jose\\Downloads\\sistema-colas-master\\sistema-colas-master\\node_modules\\vue-tsc'
117 silly reify ]
118 silly reify mark retired [
118 silly reify   'C:\\Users\\jose\\Downloads\\sistema-colas-master\\sistema-colas-master\\node_modules\\xmlhttprequest-ssl'
118 silly reify ]
119 silly reify mark retired [
119 silly reify   'C:\\Users\\jose\\Downloads\\sistema-colas-master\\sistema-colas-master\\node_modules\\@babel\\runtime'
119 silly reify ]
120 silly reify mark retired [
120 silly reify   'C:\\Users\\jose\\Downloads\\sistema-colas-master\\sistema-colas-master\\node_modules\\@emotion\\babel-plugin'
120 silly reify ]
121 silly reify mark retired [
121 silly reify   'C:\\Users\\jose\\Downloads\\sistema-colas-master\\sistema-colas-master\\node_modules\\@emotion\\cache'
121 silly reify ]
122 silly reify mark retired [
122 silly reify   'C:\\Users\\jose\\Downloads\\sistema-colas-master\\sistema-colas-master\\node_modules\\@emotion\\hash'
122 silly reify ]
123 silly reify mark retired [
123 silly reify   'C:\\Users\\jose\\Downloads\\sistema-colas-master\\sistema-colas-master\\node_modules\\@emotion\\css'
123 silly reify ]
124 silly reify mark retired [
124 silly reify   'C:\\Users\\jose\\Downloads\\sistema-colas-master\\sistema-colas-master\\node_modules\\@emotion\\memoize'
124 silly reify ]
125 silly reify mark retired [
125 silly reify   'C:\\Users\\jose\\Downloads\\sistema-colas-master\\sistema-colas-master\\node_modules\\@emotion\\serialize'
125 silly reify ]
126 silly reify mark retired [
126 silly reify   'C:\\Users\\jose\\Downloads\\sistema-colas-master\\sistema-colas-master\\node_modules\\@emotion\\sheet'
126 silly reify ]
127 silly reify mark retired [
127 silly reify   'C:\\Users\\jose\\Downloads\\sistema-colas-master\\sistema-colas-master\\node_modules\\@emotion\\unitless'
127 silly reify ]
128 silly reify mark retired [
128 silly reify   'C:\\Users\\jose\\Downloads\\sistema-colas-master\\sistema-colas-master\\node_modules\\@emotion\\utils'
128 silly reify ]
129 silly reify mark retired [
129 silly reify   'C:\\Users\\jose\\Downloads\\sistema-colas-master\\sistema-colas-master\\node_modules\\@emotion\\weak-memoize'
129 silly reify ]
130 silly reify mark retired [
130 silly reify   'C:\\Users\\jose\\Downloads\\sistema-colas-master\\sistema-colas-master\\node_modules\\@esbuild\\aix-ppc64'
130 silly reify ]
131 silly reify mark retired [
131 silly reify   'C:\\Users\\jose\\Downloads\\sistema-colas-master\\sistema-colas-master\\node_modules\\@esbuild\\android-arm'
131 silly reify ]
132 silly reify mark retired [
132 silly reify   'C:\\Users\\jose\\Downloads\\sistema-colas-master\\sistema-colas-master\\node_modules\\@esbuild\\android-arm64'
132 silly reify ]
133 silly reify mark retired [
133 silly reify   'C:\\Users\\jose\\Downloads\\sistema-colas-master\\sistema-colas-master\\node_modules\\@esbuild\\android-x64'
133 silly reify ]
134 silly reify mark retired [
134 silly reify   'C:\\Users\\jose\\Downloads\\sistema-colas-master\\sistema-colas-master\\node_modules\\@esbuild\\darwin-arm64'
134 silly reify ]
135 silly reify mark retired [
135 silly reify   'C:\\Users\\jose\\Downloads\\sistema-colas-master\\sistema-colas-master\\node_modules\\@esbuild\\darwin-x64'
135 silly reify ]
136 silly reify mark retired [
136 silly reify   'C:\\Users\\jose\\Downloads\\sistema-colas-master\\sistema-colas-master\\node_modules\\@esbuild\\freebsd-arm64'
136 silly reify ]
137 silly reify mark retired [
137 silly reify   'C:\\Users\\jose\\Downloads\\sistema-colas-master\\sistema-colas-master\\node_modules\\@esbuild\\freebsd-x64'
137 silly reify ]
138 silly reify mark retired [
138 silly reify   'C:\\Users\\jose\\Downloads\\sistema-colas-master\\sistema-colas-master\\node_modules\\@esbuild\\linux-arm'
138 silly reify ]
139 silly reify mark retired [
139 silly reify   'C:\\Users\\jose\\Downloads\\sistema-colas-master\\sistema-colas-master\\node_modules\\@esbuild\\linux-arm64'
139 silly reify ]
140 silly reify mark retired [
140 silly reify   'C:\\Users\\jose\\Downloads\\sistema-colas-master\\sistema-colas-master\\node_modules\\@esbuild\\linux-ia32'
140 silly reify ]
141 silly reify mark retired [
141 silly reify   'C:\\Users\\jose\\Downloads\\sistema-colas-master\\sistema-colas-master\\node_modules\\@esbuild\\linux-loong64'
141 silly reify ]
142 silly reify mark retired [
142 silly reify   'C:\\Users\\jose\\Downloads\\sistema-colas-master\\sistema-colas-master\\node_modules\\@esbuild\\linux-mips64el'
142 silly reify ]
143 silly reify mark retired [
143 silly reify   'C:\\Users\\jose\\Downloads\\sistema-colas-master\\sistema-colas-master\\node_modules\\@esbuild\\linux-ppc64'
143 silly reify ]
144 silly reify mark retired [
144 silly reify   'C:\\Users\\jose\\Downloads\\sistema-colas-master\\sistema-colas-master\\node_modules\\@esbuild\\linux-riscv64'
144 silly reify ]
145 silly reify mark retired [
145 silly reify   'C:\\Users\\jose\\Downloads\\sistema-colas-master\\sistema-colas-master\\node_modules\\@esbuild\\linux-s390x'
145 silly reify ]
146 silly reify mark retired [
146 silly reify   'C:\\Users\\jose\\Downloads\\sistema-colas-master\\sistema-colas-master\\node_modules\\@esbuild\\linux-x64'
146 silly reify ]
147 silly reify mark retired [
147 silly reify   'C:\\Users\\jose\\Downloads\\sistema-colas-master\\sistema-colas-master\\node_modules\\@esbuild\\netbsd-arm64'
147 silly reify ]
148 silly reify mark retired [
148 silly reify   'C:\\Users\\jose\\Downloads\\sistema-colas-master\\sistema-colas-master\\node_modules\\@esbuild\\netbsd-x64'
148 silly reify ]
149 silly reify mark retired [
149 silly reify   'C:\\Users\\jose\\Downloads\\sistema-colas-master\\sistema-colas-master\\node_modules\\@esbuild\\openbsd-arm64'
149 silly reify ]
150 silly reify mark retired [
150 silly reify   'C:\\Users\\jose\\Downloads\\sistema-colas-master\\sistema-colas-master\\node_modules\\@esbuild\\openbsd-x64'
150 silly reify ]
151 silly reify mark retired [
151 silly reify   'C:\\Users\\jose\\Downloads\\sistema-colas-master\\sistema-colas-master\\node_modules\\@esbuild\\openharmony-arm64'
151 silly reify ]
152 silly reify mark retired [
152 silly reify   'C:\\Users\\jose\\Downloads\\sistema-colas-master\\sistema-colas-master\\node_modules\\@esbuild\\sunos-x64'
152 silly reify ]
153 silly reify mark retired [
153 silly reify   'C:\\Users\\jose\\Downloads\\sistema-colas-master\\sistema-colas-master\\node_modules\\@esbuild\\win32-arm64'
153 silly reify ]
154 silly reify mark retired [
154 silly reify   'C:\\Users\\jose\\Downloads\\sistema-colas-master\\sistema-colas-master\\node_modules\\@esbuild\\win32-ia32'
154 silly reify ]
155 silly reify mark retired [
155 silly reify   'C:\\Users\\jose\\Downloads\\sistema-colas-master\\sistema-colas-master\\node_modules\\@eslint\\js'
155 silly reify ]
156 silly reify mark retired [
156 silly reify   'C:\\Users\\jose\\Downloads\\sistema-colas-master\\sistema-colas-master\\node_modules\\@floating-ui\\dom'
156 silly reify ]
157 silly reify mark retired [
157 silly reify   'C:\\Users\\jose\\Downloads\\sistema-colas-master\\sistema-colas-master\\node_modules\\@floating-ui\\vue'
157 silly reify ]
158 silly reify mark retired [
158 silly reify   'C:\\Users\\jose\\Downloads\\sistema-colas-master\\sistema-colas-master\\node_modules\\@floating-ui\\utils'
158 silly reify ]
159 silly reify mark retired [
159 silly reify   'C:\\Users\\jose\\Downloads\\sistema-colas-master\\sistema-colas-master\\node_modules\\@floating-ui\\core'
159 silly reify ]
160 silly reify mark retired [
160 silly reify   'C:\\Users\\jose\\Downloads\\sistema-colas-master\\sistema-colas-master\\node_modules\\@inertiajs\\vue3'
160 silly reify ]
161 silly reify mark retired [
161 silly reify   'C:\\Users\\jose\\Downloads\\sistema-colas-master\\sistema-colas-master\\node_modules\\@internationalized\\date'
161 silly reify ]
162 silly reify mark retired [
162 silly reify   'C:\\Users\\jose\\Downloads\\sistema-colas-master\\sistema-colas-master\\node_modules\\@inertiajs\\core'
162 silly reify ]
163 silly reify mark retired [
163 silly reify   'C:\\Users\\jose\\Downloads\\sistema-colas-master\\sistema-colas-master\\node_modules\\@internationalized\\number'
163 silly reify ]
164 silly reify mark retired [
164 silly reify   'C:\\Users\\jose\\Downloads\\sistema-colas-master\\sistema-colas-master\\node_modules\\@juggle\\resize-observer'
164 silly reify ]
165 silly reify mark retired [
165 silly reify   'C:\\Users\\jose\\Downloads\\sistema-colas-master\\sistema-colas-master\\node_modules\\@laravel\\echo-vue'
165 silly reify ]
166 silly reify mark retired [
166 silly reify   'C:\\Users\\jose\\Downloads\\sistema-colas-master\\sistema-colas-master\\node_modules\\@laravel\\vite-plugin-wayfinder'
166 silly reify ]
167 silly reify mark retired [
167 silly reify   'C:\\Users\\jose\\Downloads\\sistema-colas-master\\sistema-colas-master\\node_modules\\@mapbox\\geojson-rewind'
167 silly reify ]
168 silly reify mark retired [
168 silly reify   'C:\\Users\\jose\\Downloads\\sistema-colas-master\\sistema-colas-master\\node_modules\\@mapbox\\jsonlint-lines-primitives'
168 silly reify ]
169 silly reify mark retired [
169 silly reify   'C:\\Users\\jose\\Downloads\\sistema-colas-master\\sistema-colas-master\\node_modules\\@mapbox\\mapbox-gl-supported'
169 silly reify ]
170 silly reify mark retired [
170 silly reify   'C:\\Users\\jose\\Downloads\\sistema-colas-master\\sistema-colas-master\\node_modules\\@mapbox\\point-geometry'
170 silly reify ]
171 silly reify mark retired [
171 silly reify   'C:\\Users\\jose\\Downloads\\sistema-colas-master\\sistema-colas-master\\node_modules\\@mapbox\\tiny-sdf'
171 silly reify ]
172 silly reify mark retired [
172 silly reify   'C:\\Users\\jose\\Downloads\\sistema-colas-master\\sistema-colas-master\\node_modules\\@mapbox\\unitbezier'
172 silly reify ]
173 silly reify mark retired [
173 silly reify   'C:\\Users\\jose\\Downloads\\sistema-colas-master\\sistema-colas-master\\node_modules\\@mapbox\\vector-tile'
173 silly reify ]
174 silly reify mark retired [
174 silly reify   'C:\\Users\\jose\\Downloads\\sistema-colas-master\\sistema-colas-master\\node_modules\\@mapbox\\whoots-js'
174 silly reify ]
175 silly reify mark retired [
175 silly reify   'C:\\Users\\jose\\Downloads\\sistema-colas-master\\sistema-colas-master\\node_modules\\@rolldown\\pluginutils'
175 silly reify ]
176 silly reify mark retired [
176 silly reify   'C:\\Users\\jose\\Downloads\\sistema-colas-master\\sistema-colas-master\\node_modules\\@rollup\\rollup-android-arm-eabi'
176 silly reify ]
177 silly reify mark retired [
177 silly reify   'C:\\Users\\jose\\Downloads\\sistema-colas-master\\sistema-colas-master\\node_modules\\@rollup\\rollup-android-arm64'
177 silly reify ]
178 silly reify mark retired [
178 silly reify   'C:\\Users\\jose\\Downloads\\sistema-colas-master\\sistema-colas-master\\node_modules\\@rollup\\rollup-darwin-arm64'
178 silly reify ]
179 silly reify mark retired [
179 silly reify   'C:\\Users\\jose\\Downloads\\sistema-colas-master\\sistema-colas-master\\node_modules\\@rollup\\rollup-darwin-x64'
179 silly reify ]
180 silly reify mark retired [
180 silly reify   'C:\\Users\\jose\\Downloads\\sistema-colas-master\\sistema-colas-master\\node_modules\\@rollup\\rollup-freebsd-arm64'
180 silly reify ]
181 silly reify mark retired [
181 silly reify   'C:\\Users\\jose\\Downloads\\sistema-colas-master\\sistema-colas-master\\node_modules\\@rollup\\rollup-freebsd-x64'
181 silly reify ]
182 silly reify mark retired [
182 silly reify   'C:\\Users\\jose\\Downloads\\sistema-colas-master\\sistema-colas-master\\node_modules\\@rollup\\rollup-linux-arm-gnueabihf'
182 silly reify ]
183 silly reify mark retired [
183 silly reify   'C:\\Users\\jose\\Downloads\\sistema-colas-master\\sistema-colas-master\\node_modules\\@rollup\\rollup-linux-arm-musleabihf'
183 silly reify ]
184 silly reify mark retired [
184 silly reify   'C:\\Users\\jose\\Downloads\\sistema-colas-master\\sistema-colas-master\\node_modules\\@rollup\\rollup-linux-arm64-gnu'
184 silly reify ]
185 silly reify mark retired [
185 silly reify   'C:\\Users\\jose\\Downloads\\sistema-colas-master\\sistema-colas-master\\node_modules\\@rollup\\rollup-linux-arm64-musl'
185 silly reify ]
186 silly reify mark retired [
186 silly reify   'C:\\Users\\jose\\Downloads\\sistema-colas-master\\sistema-colas-master\\node_modules\\@rollup\\rollup-linux-loong64-gnu'
186 silly reify ]
187 silly reify mark retired [
187 silly reify   'C:\\Users\\jose\\Downloads\\sistema-colas-master\\sistema-colas-master\\node_modules\\@rollup\\rollup-linux-ppc64-gnu'
187 silly reify ]
188 silly reify mark retired [
188 silly reify   'C:\\Users\\jose\\Downloads\\sistema-colas-master\\sistema-colas-master\\node_modules\\@rollup\\rollup-linux-riscv64-gnu'
188 silly reify ]
189 silly reify mark retired [
189 silly reify   'C:\\Users\\jose\\Downloads\\sistema-colas-master\\sistema-colas-master\\node_modules\\@rollup\\rollup-linux-riscv64-musl'
189 silly reify ]
190 silly reify mark retired [
190 silly reify   'C:\\Users\\jose\\Downloads\\sistema-colas-master\\sistema-colas-master\\node_modules\\@rollup\\rollup-linux-s390x-gnu'
190 silly reify ]
191 silly reify mark retired [
191 silly reify   'C:\\Users\\jose\\Downloads\\sistema-colas-master\\sistema-colas-master\\node_modules\\@rollup\\rollup-linux-x64-gnu'
191 silly reify ]
192 silly reify mark retired [
192 silly reify   'C:\\Users\\jose\\Downloads\\sistema-colas-master\\sistema-colas-master\\node_modules\\@rollup\\rollup-linux-x64-musl'
192 silly reify ]
193 silly reify mark retired [
193 silly reify   'C:\\Users\\jose\\Downloads\\sistema-colas-master\\sistema-colas-master\\node_modules\\@rollup\\rollup-openharmony-arm64'
193 silly reify ]
194 silly reify mark retired [
194 silly reify   'C:\\Users\\jose\\Downloads\\sistema-colas-master\\sistema-colas-master\\node_modules\\@rollup\\rollup-win32-arm64-msvc'
194 silly reify ]
195 silly reify mark retired [
195 silly reify   'C:\\Users\\jose\\Downloads\\sistema-colas-master\\sistema-colas-master\\node_modules\\@rollup\\rollup-win32-ia32-msvc'
195 silly reify ]
196 silly reify mark retired [
196 silly reify   'C:\\Users\\jose\\Downloads\\sistema-colas-master\\sistema-colas-master\\node_modules\\@rollup\\rollup-win32-x64-msvc'
196 silly reify ]
197 silly reify mark retired [
197 silly reify   'C:\\Users\\jose\\Downloads\\sistema-colas-master\\sistema-colas-master\\node_modules\\@tailwindcss\\oxide'
197 silly reify ]
198 silly reify mark retired [
198 silly reify   'C:\\Users\\jose\\Downloads\\sistema-colas-master\\sistema-colas-master\\node_modules\\@tailwindcss\\node'
198 silly reify ]
199 silly reify mark retired [
199 silly reify   'C:\\Users\\jose\\Downloads\\sistema-colas-master\\sistema-colas-master\\node_modules\\@tailwindcss\\oxide-android-arm64'
199 silly reify ]
200 silly reify mark retired [
200 silly reify   'C:\\Users\\jose\\Downloads\\sistema-colas-master\\sistema-colas-master\\node_modules\\@tailwindcss\\oxide-darwin-arm64'
200 silly reify ]
201 silly reify mark retired [
201 silly reify   'C:\\Users\\jose\\Downloads\\sistema-colas-master\\sistema-colas-master\\node_modules\\@tailwindcss\\oxide-darwin-x64'
201 silly reify ]
202 silly reify mark retired [
202 silly reify   'C:\\Users\\jose\\Downloads\\sistema-colas-master\\sistema-colas-master\\node_modules\\@tailwindcss\\oxide-freebsd-x64'
202 silly reify ]
203 silly reify mark retired [
203 silly reify   'C:\\Users\\jose\\Downloads\\sistema-colas-master\\sistema-colas-master\\node_modules\\@tailwindcss\\oxide-linux-arm-gnueabihf'
203 silly reify ]
204 silly reify mark retired [
204 silly reify   'C:\\Users\\jose\\Downloads\\sistema-colas-master\\sistema-colas-master\\node_modules\\@tailwindcss\\oxide-linux-arm64-gnu'
204 silly reify ]
205 silly reify mark retired [
205 silly reify   'C:\\Users\\jose\\Downloads\\sistema-colas-master\\sistema-colas-master\\node_modules\\@tailwindcss\\oxide-linux-arm64-musl'
205 silly reify ]
206 silly reify mark retired [
206 silly reify   'C:\\Users\\jose\\Downloads\\sistema-colas-master\\sistema-colas-master\\node_modules\\@tailwindcss\\oxide-linux-x64-gnu'
206 silly reify ]
207 silly reify mark retired [
207 silly reify   'C:\\Users\\jose\\Downloads\\sistema-colas-master\\sistema-colas-master\\node_modules\\@tailwindcss\\oxide-linux-x64-musl'
207 silly reify ]
208 silly reify mark retired [
208 silly reify   'C:\\Users\\jose\\Downloads\\sistema-colas-master\\sistema-colas-master\\node_modules\\@tailwindcss\\oxide-wasm32-wasi'
208 silly reify ]
209 silly reify mark retired [
209 silly reify   'C:\\Users\\jose\\Downloads\\sistema-colas-master\\sistema-colas-master\\node_modules\\@tailwindcss\\oxide-win32-arm64-msvc'
209 silly reify ]
210 silly reify mark retired [
210 silly reify   'C:\\Users\\jose\\Downloads\\sistema-colas-master\\sistema-colas-master\\node_modules\\@tailwindcss\\oxide-win32-x64-msvc'
210 silly reify ]
211 silly reify mark retired [
211 silly reify   'C:\\Users\\jose\\Downloads\\sistema-colas-master\\sistema-colas-master\\node_modules\\@tailwindcss\\vite'
211 silly reify ]
212 silly reify mark retired [
212 silly reify   'C:\\Users\\jose\\Downloads\\sistema-colas-master\\sistema-colas-master\\node_modules\\@tanstack\\table-core'
212 silly reify ]
213 silly reify mark retired [
213 silly reify   'C:\\Users\\jose\\Downloads\\sistema-colas-master\\sistema-colas-master\\node_modules\\@tanstack\\virtual-core'
213 silly reify ]
214 silly reify mark retired [
214 silly reify   'C:\\Users\\jose\\Downloads\\sistema-colas-master\\sistema-colas-master\\node_modules\\@tanstack\\vue-table'
214 silly reify ]
215 silly reify mark retired [
215 silly reify   'C:\\Users\\jose\\Downloads\\sistema-colas-master\\sistema-colas-master\\node_modules\\@tanstack\\vue-virtual'
215 silly reify ]
216 silly reify mark retired [
216 silly reify   'C:\\Users\\jose\\Downloads\\sistema-colas-master\\sistema-colas-master\\node_modules\\@types\\d3'
216 silly reify ]
217 silly reify mark retired [
217 silly reify   'C:\\Users\\jose\\Downloads\\sistema-colas-master\\sistema-colas-master\\node_modules\\@types\\d3-brush'
217 silly reify ]
218 silly reify mark retired [
218 silly reify   'C:\\Users\\jose\\Downloads\\sistema-colas-master\\sistema-colas-master\\node_modules\\@types\\d3-axis'
218 silly reify ]
219 silly reify mark retired [
219 silly reify   'C:\\Users\\jose\\Downloads\\sistema-colas-master\\sistema-colas-master\\node_modules\\@types\\d3-chord'
219 silly reify ]
220 silly reify mark retired [
220 silly reify   'C:\\Users\\jose\\Downloads\\sistema-colas-master\\sistema-colas-master\\node_modules\\@types\\d3-collection'
220 silly reify ]
221 silly reify mark retired [
221 silly reify   'C:\\Users\\jose\\Downloads\\sistema-colas-master\\sistema-colas-master\\node_modules\\@types\\d3-contour'
221 silly reify ]
222 silly reify mark retired [
222 silly reify   'C:\\Users\\jose\\Downloads\\sistema-colas-master\\sistema-colas-master\\node_modules\\@types\\d3-delaunay'
222 silly reify ]
223 silly reify mark retired [
223 silly reify   'C:\\Users\\jose\\Downloads\\sistema-colas-master\\sistema-colas-master\\node_modules\\@types\\d3-dispatch'
223 silly reify ]
224 silly reify mark retired [
224 silly reify   'C:\\Users\\jose\\Downloads\\sistema-colas-master\\sistema-colas-master\\node_modules\\@types\\d3-drag'
224 silly reify ]
225 silly reify mark retired [
225 silly reify   'C:\\Users\\jose\\Downloads\\sistema-colas-master\\sistema-colas-master\\node_modules\\@types\\d3-dsv'
225 silly reify ]
226 silly reify mark retired [
226 silly reify   'C:\\Users\\jose\\Downloads\\sistema-colas-master\\sistema-colas-master\\node_modules\\@types\\d3-fetch'
226 silly reify ]
227 silly reify mark retired [
227 silly reify   'C:\\Users\\jose\\Downloads\\sistema-colas-master\\sistema-colas-master\\node_modules\\@types\\d3-force'
227 silly reify ]
228 silly reify mark retired [
228 silly reify   'C:\\Users\\jose\\Downloads\\sistema-colas-master\\sistema-colas-master\\node_modules\\@types\\d3-format'
228 silly reify ]
229 silly reify mark retired [
229 silly reify   'C:\\Users\\jose\\Downloads\\sistema-colas-master\\sistema-colas-master\\node_modules\\@types\\d3-geo'
229 silly reify ]
230 silly reify mark retired [
230 silly reify   'C:\\Users\\jose\\Downloads\\sistema-colas-master\\sistema-colas-master\\node_modules\\@types\\d3-hierarchy'
230 silly reify ]
231 silly reify mark retired [
231 silly reify   'C:\\Users\\jose\\Downloads\\sistema-colas-master\\sistema-colas-master\\node_modules\\@types\\d3-polygon'
231 silly reify ]
232 silly reify mark retired [
232 silly reify   'C:\\Users\\jose\\Downloads\\sistema-colas-master\\sistema-colas-master\\node_modules\\@types\\d3-quadtree'
232 silly reify ]
233 silly reify mark retired [
233 silly reify   'C:\\Users\\jose\\Downloads\\sistema-colas-master\\sistema-colas-master\\node_modules\\@types\\d3-random'
233 silly reify ]
234 silly reify mark retired [
234 silly reify   'C:\\Users\\jose\\Downloads\\sistema-colas-master\\sistema-colas-master\\node_modules\\@types\\d3-sankey'
234 silly reify ]
235 silly reify mark retired [
235 silly reify   'C:\\Users\\jose\\Downloads\\sistema-colas-master\\sistema-colas-master\\node_modules\\@types\\d3-scale-chromatic'
235 silly reify ]
236 silly reify mark retired [
236 silly reify   'C:\\Users\\jose\\Downloads\\sistema-colas-master\\sistema-colas-master\\node_modules\\@types\\d3-selection'
236 silly reify ]
237 silly reify mark retired [
237 silly reify   'C:\\Users\\jose\\Downloads\\sistema-colas-master\\sistema-colas-master\\node_modules\\@types\\d3-shape'
237 silly reify ]
238 silly reify mark retired [
238 silly reify   'C:\\Users\\jose\\Downloads\\sistema-colas-master\\sistema-colas-master\\node_modules\\@types\\d3-zoom'
238 silly reify ]
239 silly reify mark retired [
239 silly reify   'C:\\Users\\jose\\Downloads\\sistema-colas-master\\sistema-colas-master\\node_modules\\@types\\d3-time-format'
239 silly reify ]
240 silly reify mark retired [
240 silly reify   'C:\\Users\\jose\\Downloads\\sistema-colas-master\\sistema-colas-master\\node_modules\\@types\\dagre'
240 silly reify ]
241 silly reify mark retired [
241 silly reify   'C:\\Users\\jose\\Downloads\\sistema-colas-master\\sistema-colas-master\\node_modules\\@types\\d3-transition'
241 silly reify ]
242 silly reify mark retired [
242 silly reify   'C:\\Users\\jose\\Downloads\\sistema-colas-master\\sistema-colas-master\\node_modules\\@types\\geojson'
242 silly reify ]
243 silly reify mark retired [
243 silly reify   'C:\\Users\\jose\\Downloads\\sistema-colas-master\\sistema-colas-master\\node_modules\\@types\\leaflet'
243 silly reify ]
244 silly reify mark retired [
244 silly reify   'C:\\Users\\jose\\Downloads\\sistema-colas-master\\sistema-colas-master\\node_modules\\@types\\lodash'
244 silly reify ]
245 silly reify mark retired [
245 silly reify   'C:\\Users\\jose\\Downloads\\sistema-colas-master\\sistema-colas-master\\node_modules\\@types\\lodash-es'
245 silly reify ]
246 silly reify mark retired [
246 silly reify   'C:\\Users\\jose\\Downloads\\sistema-colas-master\\sistema-colas-master\\node_modules\\@types\\mapbox__point-geometry'
246 silly reify ]
247 silly reify mark retired [
247 silly reify   'C:\\Users\\jose\\Downloads\\sistema-colas-master\\sistema-colas-master\\node_modules\\@types\\mapbox__vector-tile'
247 silly reify ]
248 silly reify mark retired [
248 silly reify   'C:\\Users\\jose\\Downloads\\sistema-colas-master\\sistema-colas-master\\node_modules\\@types\\node'
248 silly reify ]
249 silly reify mark retired [
249 silly reify   'C:\\Users\\jose\\Downloads\\sistema-colas-master\\sistema-colas-master\\node_modules\\@types\\parse-json'
249 silly reify ]
250 silly reify mark retired [
250 silly reify   'C:\\Users\\jose\\Downloads\\sistema-colas-master\\sistema-colas-master\\node_modules\\@types\\pbf'
250 silly reify ]
251 silly reify mark retired [
251 silly reify   'C:\\Users\\jose\\Downloads\\sistema-colas-master\\sistema-colas-master\\node_modules\\@types\\supercluster'
251 silly reify ]
252 silly reify mark retired [
252 silly reify   'C:\\Users\\jose\\Downloads\\sistema-colas-master\\sistema-colas-master\\node_modules\\@types\\three'
252 silly reify ]
253 silly reify mark retired [
253 silly reify   'C:\\Users\\jose\\Downloads\\sistema-colas-master\\sistema-colas-master\\node_modules\\@types\\throttle-debounce'
253 silly reify ]
254 silly reify mark retired [
254 silly reify   'C:\\Users\\jose\\Downloads\\sistema-colas-master\\sistema-colas-master\\node_modules\\@types\\topojson-client'
254 silly reify ]
255 silly reify mark retired [
255 silly reify   'C:\\Users\\jose\\Downloads\\sistema-colas-master\\sistema-colas-master\\node_modules\\@types\\topojson'
255 silly reify ]
256 silly reify mark retired [
256 silly reify   'C:\\Users\\jose\\Downloads\\sistema-colas-master\\sistema-colas-master\\node_modules\\@types\\topojson-server'
256 silly reify ]
257 silly reify mark retired [
257 silly reify   'C:\\Users\\jose\\Downloads\\sistema-colas-master\\sistema-colas-master\\node_modules\\@types\\topojson-simplify'
257 silly reify ]
258 silly reify mark retired [
258 silly reify   'C:\\Users\\jose\\Downloads\\sistema-colas-master\\sistema-colas-master\\node_modules\\@types\\topojson-specification'
258 silly reify ]
259 silly reify mark retired [
259 silly reify   'C:\\Users\\jose\\Downloads\\sistema-colas-master\\sistema-colas-master\\node_modules\\@types\\web-bluetooth'
259 silly reify ]
260 silly reify mark retired [
260 silly reify   'C:\\Users\\jose\\Downloads\\sistema-colas-master\\sistema-colas-master\\node_modules\\@typescript-eslint\\eslint-plugin'
260 silly reify ]
261 silly reify mark retired [
261 silly reify   'C:\\Users\\jose\\Downloads\\sistema-colas-master\\sistema-colas-master\\node_modules\\@typescript-eslint\\parser'
261 silly reify ]
262 silly reify mark retired [
262 silly reify   'C:\\Users\\jose\\Downloads\\sistema-colas-master\\sistema-colas-master\\node_modules\\@typescript-eslint\\project-service'
262 silly reify ]
263 silly reify mark retired [
263 silly reify   'C:\\Users\\jose\\Downloads\\sistema-colas-master\\sistema-colas-master\\node_modules\\@typescript-eslint\\scope-manager'
263 silly reify ]
264 silly reify mark retired [
264 silly reify   'C:\\Users\\jose\\Downloads\\sistema-colas-master\\sistema-colas-master\\node_modules\\@typescript-eslint\\tsconfig-utils'
264 silly reify ]
265 silly reify mark retired [
265 silly reify   'C:\\Users\\jose\\Downloads\\sistema-colas-master\\sistema-colas-master\\node_modules\\@typescript-eslint\\type-utils'
265 silly reify ]
266 silly reify mark retired [
266 silly reify   'C:\\Users\\jose\\Downloads\\sistema-colas-master\\sistema-colas-master\\node_modules\\@typescript-eslint\\types'
266 silly reify ]
267 silly reify mark retired [
267 silly reify   'C:\\Users\\jose\\Downloads\\sistema-colas-master\\sistema-colas-master\\node_modules\\@typescript-eslint\\typescript-estree'
267 silly reify ]
268 silly reify mark retired [
268 silly reify   'C:\\Users\\jose\\Downloads\\sistema-colas-master\\sistema-colas-master\\node_modules\\@typescript-eslint\\utils'
268 silly reify ]
269 silly reify mark retired [
269 silly reify   'C:\\Users\\jose\\Downloads\\sistema-colas-master\\sistema-colas-master\\node_modules\\@typescript-eslint\\visitor-keys'
269 silly reify ]
270 silly reify mark retired [
270 silly reify   'C:\\Users\\jose\\Downloads\\sistema-colas-master\\sistema-colas-master\\node_modules\\@unovis\\graphlibrary'
270 silly reify ]
271 silly reify mark retired [
271 silly reify   'C:\\Users\\jose\\Downloads\\sistema-colas-master\\sistema-colas-master\\node_modules\\@unovis\\dagre-layout'
271 silly reify ]
272 silly reify mark retired [
272 silly reify   'C:\\Users\\jose\\Downloads\\sistema-colas-master\\sistema-colas-master\\node_modules\\@unovis\\ts'
272 silly reify ]
273 silly reify mark retired [
273 silly reify   'C:\\Users\\jose\\Downloads\\sistema-colas-master\\sistema-colas-master\\node_modules\\@unovis\\vue'
273 silly reify ]
274 silly reify mark retired [
274 silly reify   'C:\\Users\\jose\\Downloads\\sistema-colas-master\\sistema-colas-master\\node_modules\\@vitejs\\plugin-vue'
274 silly reify ]
275 silly reify mark retired [
275 silly reify   'C:\\Users\\jose\\Downloads\\sistema-colas-master\\sistema-colas-master\\node_modules\\@volar\\language-core'
275 silly reify ]
276 silly reify mark retired [
276 silly reify   'C:\\Users\\jose\\Downloads\\sistema-colas-master\\sistema-colas-master\\node_modules\\@volar\\source-map'
276 silly reify ]
277 silly reify mark retired [
277 silly reify   'C:\\Users\\jose\\Downloads\\sistema-colas-master\\sistema-colas-master\\node_modules\\@volar\\typescript'
277 silly reify ]
278 silly reify mark retired [
278 silly reify   'C:\\Users\\jose\\Downloads\\sistema-colas-master\\sistema-colas-master\\node_modules\\@vue\\compiler-core'
278 silly reify ]
279 silly reify mark retired [
279 silly reify   'C:\\Users\\jose\\Downloads\\sistema-colas-master\\sistema-colas-master\\node_modules\\@vue\\compiler-dom'
279 silly reify ]
280 silly reify mark retired [
280 silly reify   'C:\\Users\\jose\\Downloads\\sistema-colas-master\\sistema-colas-master\\node_modules\\@vue\\compiler-sfc'
280 silly reify ]
281 silly reify mark retired [
281 silly reify   'C:\\Users\\jose\\Downloads\\sistema-colas-master\\sistema-colas-master\\node_modules\\@vue\\compiler-ssr'
281 silly reify ]
282 silly reify mark retired [
282 silly reify   'C:\\Users\\jose\\Downloads\\sistema-colas-master\\sistema-colas-master\\node_modules\\@vue\\compiler-vue2'
282 silly reify ]
283 silly reify mark retired [
283 silly reify   'C:\\Users\\jose\\Downloads\\sistema-colas-master\\sistema-colas-master\\node_modules\\@vue\\eslint-config-typescript'
283 silly reify ]
284 silly reify mark retired [
284 silly reify   'C:\\Users\\jose\\Downloads\\sistema-colas-master\\sistema-colas-master\\node_modules\\@vue\\language-core'
284 silly reify ]
285 silly reify mark retired [
285 silly reify   'C:\\Users\\jose\\Downloads\\sistema-colas-master\\sistema-colas-master\\node_modules\\@vue\\reactivity'
285 silly reify ]
286 silly reify mark retired [
286 silly reify   'C:\\Users\\jose\\Downloads\\sistema-colas-master\\sistema-colas-master\\node_modules\\@vue\\runtime-core'
286 silly reify ]
287 silly reify mark retired [
287 silly reify   'C:\\Users\\jose\\Downloads\\sistema-colas-master\\sistema-colas-master\\node_modules\\@vue\\runtime-dom'
287 silly reify ]
288 silly reify mark retired [
288 silly reify   'C:\\Users\\jose\\Downloads\\sistema-colas-master\\sistema-colas-master\\node_modules\\@vue\\server-renderer'
288 silly reify ]
289 silly reify mark retired [
289 silly reify   'C:\\Users\\jose\\Downloads\\sistema-colas-master\\sistema-colas-master\\node_modules\\@vueuse\\core'
289 silly reify ]
290 silly reify mark retired [
290 silly reify   'C:\\Users\\jose\\Downloads\\sistema-colas-master\\sistema-colas-master\\node_modules\\@vue\\shared'
290 silly reify ]
291 silly reify mark retired [
291 silly reify   'C:\\Users\\jose\\Downloads\\sistema-colas-master\\sistema-colas-master\\node_modules\\@vueuse\\metadata'
291 silly reify ]
292 silly reify mark retired [
292 silly reify   'C:\\Users\\jose\\Downloads\\sistema-colas-master\\sistema-colas-master\\node_modules\\@vueuse\\shared'
292 silly reify ]
293 silly reify mark retired [
293 silly reify   'C:\\Users\\jose\\Downloads\\sistema-colas-master\\sistema-colas-master\\node_modules\\acorn',
293 silly reify   'C:\\Users\\jose\\Downloads\\sistema-colas-master\\sistema-colas-master\\node_modules\\.bin\\acorn',
293 silly reify   'C:\\Users\\jose\\Downloads\\sistema-colas-master\\sistema-colas-master\\node_modules\\.bin\\acorn.cmd',
293 silly reify   'C:\\Users\\jose\\Downloads\\sistema-colas-master\\sistema-colas-master\\node_modules\\.bin\\acorn.ps1'
293 silly reify ]
294 silly reify mark retired [
294 silly reify   'C:\\Users\\jose\\Downloads\\sistema-colas-master\\sistema-colas-master\\node_modules\\cssesc',
294 silly reify   'C:\\Users\\jose\\Downloads\\sistema-colas-master\\sistema-colas-master\\node_modules\\.bin\\cssesc',
294 silly reify   'C:\\Users\\jose\\Downloads\\sistema-colas-master\\sistema-colas-master\\node_modules\\.bin\\cssesc.cmd',
294 silly reify   'C:\\Users\\jose\\Downloads\\sistema-colas-master\\sistema-colas-master\\node_modules\\.bin\\cssesc.ps1'
294 silly reify ]
295 silly reify mark retired [
295 silly reify   'C:\\Users\\jose\\Downloads\\sistema-colas-master\\sistema-colas-master\\node_modules\\esbuild',
295 silly reify   'C:\\Users\\jose\\Downloads\\sistema-colas-master\\sistema-colas-master\\node_modules\\.bin\\esbuild',
295 silly reify   'C:\\Users\\jose\\Downloads\\sistema-colas-master\\sistema-colas-master\\node_modules\\.bin\\esbuild.cmd',
295 silly reify   'C:\\Users\\jose\\Downloads\\sistema-colas-master\\sistema-colas-master\\node_modules\\.bin\\esbuild.ps1'
295 silly reify ]
296 silly reify mark retired [
296 silly reify   'C:\\Users\\jose\\Downloads\\sistema-colas-master\\sistema-colas-master\\node_modules\\js-yaml',
296 silly reify   'C:\\Users\\jose\\Downloads\\sistema-colas-master\\sistema-colas-master\\node_modules\\.bin\\js-yaml',
296 silly reify   'C:\\Users\\jose\\Downloads\\sistema-colas-master\\sistema-colas-master\\node_modules\\.bin\\js-yaml.cmd',
296 silly reify   'C:\\Users\\jose\\Downloads\\sistema-colas-master\\sistema-colas-master\\node_modules\\.bin\\js-yaml.ps1'
296 silly reify ]
297 silly reify mark retired [
297 silly reify   'C:\\Users\\jose\\Downloads\\sistema-colas-master\\sistema-colas-master\\node_modules\\jsesc',
297 silly reify   'C:\\Users\\jose\\Downloads\\sistema-colas-master\\sistema-colas-master\\node_modules\\.bin\\jsesc',
297 silly reify   'C:\\Users\\jose\\Downloads\\sistema-colas-master\\sistema-colas-master\\node_modules\\.bin\\jsesc.cmd',
297 silly reify   'C:\\Users\\jose\\Downloads\\sistema-colas-master\\sistema-colas-master\\node_modules\\.bin\\jsesc.ps1'
297 silly reify ]
298 silly reify mark retired [
298 silly reify   'C:\\Users\\jose\\Downloads\\sistema-colas-master\\sistema-colas-master\\node_modules\\nanoid',
298 silly reify   'C:\\Users\\jose\\Downloads\\sistema-colas-master\\sistema-colas-master\\node_modules\\.bin\\nanoid',
298 silly reify   'C:\\Users\\jose\\Downloads\\sistema-colas-master\\sistema-colas-master\\node_modules\\.bin\\nanoid.cmd',
298 silly reify   'C:\\Users\\jose\\Downloads\\sistema-colas-master\\sistema-colas-master\\node_modules\\.bin\\nanoid.ps1'
298 silly reify ]
299 silly reify mark retired [
299 silly reify   'C:\\Users\\jose\\Downloads\\sistema-colas-master\\sistema-colas-master\\node_modules\\prettier',
299 silly reify   'C:\\Users\\jose\\Downloads\\sistema-colas-master\\sistema-colas-master\\node_modules\\.bin\\prettier',
299 silly reify   'C:\\Users\\jose\\Downloads\\sistema-colas-master\\sistema-colas-master\\node_modules\\.bin\\prettier.cmd',
299 silly reify   'C:\\Users\\jose\\Downloads\\sistema-colas-master\\sistema-colas-master\\node_modules\\.bin\\prettier.ps1'
299 silly reify ]
300 silly reify mark retired [
300 silly reify   'C:\\Users\\jose\\Downloads\\sistema-colas-master\\sistema-colas-master\\node_modules\\resolve',
300 silly reify   'C:\\Users\\jose\\Downloads\\sistema-colas-master\\sistema-colas-master\\node_modules\\.bin\\resolve',
300 silly reify   'C:\\Users\\jose\\Downloads\\sistema-colas-master\\sistema-colas-master\\node_modules\\.bin\\resolve.cmd',
300 silly reify   'C:\\Users\\jose\\Downloads\\sistema-colas-master\\sistema-colas-master\\node_modules\\.bin\\resolve.ps1'
300 silly reify ]
301 silly reify mark retired [
301 silly reify   'C:\\Users\\jose\\Downloads\\sistema-colas-master\\sistema-colas-master\\node_modules\\rollup',
301 silly reify   'C:\\Users\\jose\\Downloads\\sistema-colas-master\\sistema-colas-master\\node_modules\\.bin\\rollup',
301 silly reify   'C:\\Users\\jose\\Downloads\\sistema-colas-master\\sistema-colas-master\\node_modules\\.bin\\rollup.cmd',
301 silly reify   'C:\\Users\\jose\\Downloads\\sistema-colas-master\\sistema-colas-master\\node_modules\\.bin\\rollup.ps1'
301 silly reify ]
302 silly reify mark retired [
302 silly reify   'C:\\Users\\jose\\Downloads\\sistema-colas-master\\sistema-colas-master\\node_modules\\semver',
302 silly reify   'C:\\Users\\jose\\Downloads\\sistema-colas-master\\sistema-colas-master\\node_modules\\.bin\\semver',
302 silly reify   'C:\\Users\\jose\\Downloads\\sistema-colas-master\\sistema-colas-master\\node_modules\\.bin\\semver.cmd',
302 silly reify   'C:\\Users\\jose\\Downloads\\sistema-colas-master\\sistema-colas-master\\node_modules\\.bin\\semver.ps1'
302 silly reify ]
303 silly reify mark retired [
303 silly reify   'C:\\Users\\jose\\Downloads\\sistema-colas-master\\sistema-colas-master\\node_modules\\tree-kill',
303 silly reify   'C:\\Users\\jose\\Downloads\\sistema-colas-master\\sistema-colas-master\\node_modules\\.bin\\tree-kill',
303 silly reify   'C:\\Users\\jose\\Downloads\\sistema-colas-master\\sistema-colas-master\\node_modules\\.bin\\tree-kill.cmd',
303 silly reify   'C:\\Users\\jose\\Downloads\\sistema-colas-master\\sistema-colas-master\\node_modules\\.bin\\tree-kill.ps1'
303 silly reify ]
304 silly reify mark retired [
304 silly reify   'C:\\Users\\jose\\Downloads\\sistema-colas-master\\sistema-colas-master\\node_modules\\typescript',
304 silly reify   'C:\\Users\\jose\\Downloads\\sistema-colas-master\\sistema-colas-master\\node_modules\\.bin\\tsc',
304 silly reify   'C:\\Users\\jose\\Downloads\\sistema-colas-master\\sistema-colas-master\\node_modules\\.bin\\tsc.cmd',
304 silly reify   'C:\\Users\\jose\\Downloads\\sistema-colas-master\\sistema-colas-master\\node_modules\\.bin\\tsc.ps1',
304 silly reify   'C:\\Users\\jose\\Downloads\\sistema-colas-master\\sistema-colas-master\\node_modules\\.bin\\tsserver',
304 silly reify   'C:\\Users\\jose\\Downloads\\sistema-colas-master\\sistema-colas-master\\node_modules\\.bin\\tsserver.cmd',
304 silly reify   'C:\\Users\\jose\\Downloads\\sistema-colas-master\\sistema-colas-master\\node_modules\\.bin\\tsserver.ps1'
304 silly reify ]
305 silly reify mark retired [
305 silly reify   'C:\\Users\\jose\\Downloads\\sistema-colas-master\\sistema-colas-master\\node_modules\\which',
305 silly reify   'C:\\Users\\jose\\Downloads\\sistema-colas-master\\sistema-colas-master\\node_modules\\.bin\\node-which',
305 silly reify   'C:\\Users\\jose\\Downloads\\sistema-colas-master\\sistema-colas-master\\node_modules\\.bin\\node-which.cmd',
305 silly reify   'C:\\Users\\jose\\Downloads\\sistema-colas-master\\sistema-colas-master\\node_modules\\.bin\\node-which.ps1'
305 silly reify ]
306 silly reify mark retired [
306 silly reify   'C:\\Users\\jose\\Downloads\\sistema-colas-master\\sistema-colas-master\\node_modules\\@babel\\parser',
306 silly reify   'C:\\Users\\jose\\Downloads\\sistema-colas-master\\sistema-colas-master\\node_modules\\.bin\\parser',
306 silly reify   'C:\\Users\\jose\\Downloads\\sistema-colas-master\\sistema-colas-master\\node_modules\\.bin\\parser.cmd',
306 silly reify   'C:\\Users\\jose\\Downloads\\sistema-colas-master\\sistema-colas-master\\node_modules\\.bin\\parser.ps1'
306 silly reify ]
307 silly reify moves {
307 silly reify   'C:\\Users\\jose\\Downloads\\sistema-colas-master\\sistema-colas-master\\node_modules\\alien-signals': 'C:\\Users\\jose\\Downloads\\sistema-colas-master\\sistema-colas-master\\node_modules\\.alien-signals-mkZFOteH',
307 silly reify   'C:\\Users\\jose\\Downloads\\sistema-colas-master\\sistema-colas-master\\node_modules\\aria-hidden': 'C:\\Users\\jose\\Downloads\\sistema-colas-master\\sistema-colas-master\\node_modules\\.aria-hidden-Xj2pMG56',
307 silly reify   'C:\\Users\\jose\\Downloads\\sistema-colas-master\\sistema-colas-master\\node_modules\\babel-plugin-macros': 'C:\\Users\\jose\\Downloads\\sistema-colas-master\\sistema-colas-master\\node_modules\\.babel-plugin-macros-AyQCXL4k',
307 silly reify   'C:\\Users\\jose\\Downloads\\sistema-colas-master\\sistema-colas-master\\node_modules\\class-variance-authority': 'C:\\Users\\jose\\Downloads\\sistema-colas-master\\sistema-colas-master\\node_modules\\.class-variance-authority-cdw4vwbo',
307 silly reify   'C:\\Users\\jose\\Downloads\\sistema-colas-master\\sistema-colas-master\\node_modules\\concurrently': 'C:\\Users\\jose\\Downloads\\sistema-colas-master\\sistema-colas-master\\node_modules\\.concurrently-Nq2gqlSr',
307 silly reify   'C:\\Users\\jose\\Downloads\\sistema-colas-master\\sistema-colas-master\\node_modules\\cosmiconfig': 'C:\\Users\\jose\\Downloads\\sistema-colas-master\\sistema-colas-master\\node_modules\\.cosmiconfig-65MY491S',
307 silly reify   'C:\\Users\\jose\\Downloads\\sistema-colas-master\\sistema-colas-master\\node_modules\\csscolorparser': 'C:\\Users\\jose\\Downloads\\sistema-colas-master\\sistema-colas-master\\node_modules\\.csscolorparser-mNv0HwOe',
307 silly reify   'C:\\Users\\jose\\Downloads\\sistema-colas-master\\sistema-colas-master\\node_modules\\d3': 'C:\\Users\\jose\\Downloads\\sistema-colas-master\\sistema-colas-master\\node_modules\\.d3-F0L0ObfT',
307 silly reify   'C:\\Users\\jose\\Downloads\\sistema-colas-master\\sistema-colas-master\\node_modules\\d3-brush': 'C:\\Users\\jose\\Downloads\\sistema-colas-master\\sistema-colas-master\\node_modules\\.d3-brush-qjFZ4V05',
307 silly reify   'C:\\Users\\jose\\Downloads\\sistema-colas-master\\sistema-colas-master\\node_modules\\d3-chord': 'C:\\Users\\jose\\Downloads\\sistema-colas-master\\sistema-colas-master\\node_modules\\.d3-chord-9pedJgLs',
307 silly reify   'C:\\Users\\jose\\Downloads\\sistema-colas-master\\sistema-colas-master\\node_modules\\d3-collection': 'C:\\Users\\jose\\Downloads\\sistema-colas-master\\sistema-colas-master\\node_modules\\.d3-collection-oRZxQxRu',
307 silly reify   'C:\\Users\\jose\\Downloads\\sistema-colas-master\\sistema-colas-master\\node_modules\\d3-axis': 'C:\\Users\\jose\\Downloads\\sistema-colas-master\\sistema-colas-master\\node_modules\\.d3-axis-hY7Meva6',
307 silly reify   'C:\\Users\\jose\\Downloads\\sistema-colas-master\\sistema-colas-master\\node_modules\\d3-contour': 'C:\\Users\\jose\\Downloads\\sistema-colas-master\\sistema-colas-master\\node_modules\\.d3-contour-cqbAjcV9',
307 silly reify   'C:\\Users\\jose\\Downloads\\sistema-colas-master\\sistema-colas-master\\node_modules\\d3-delaunay': 'C:\\Users\\jose\\Downloads\\sistema-colas-master\\sistema-colas-master\\node_modules\\.d3-delaunay-8tKXrpO0',
307 silly reify   'C:\\Users\\jose\\Downloads\\sistema-colas-master\\sistema-colas-master\\node_modules\\d3-dispatch': 'C:\\Users\\jose\\Downloads\\sistema-colas-master\\sistema-colas-master\\node_modules\\.d3-dispatch-2p4HFeWV',
307 silly reify   'C:\\Users\\jose\\Downloads\\sistema-colas-master\\sistema-colas-master\\node_modules\\d3-drag': 'C:\\Users\\jose\\Downloads\\sistema-colas-master\\sistema-colas-master\\node_modules\\.d3-drag-3zRyE7Af',
307 silly reify   'C:\\Users\\jose\\Downloads\\sistema-colas-master\\sistema-colas-master\\node_modules\\d3-dsv': 'C:\\Users\\jose\\Downloads\\sistema-colas-master\\sistema-colas-master\\node_modules\\.d3-dsv-cjQcL7Ff',
307 silly reify   'C:\\Users\\jose\\Downloads\\sistema-colas-master\\sistema-colas-master\\node_modules\\d3-fetch': 'C:\\Users\\jose\\Downloads\\sistema-colas-master\\sistema-colas-master\\node_modules\\.d3-fetch-P5ArSSxh',
307 silly reify   'C:\\Users\\jose\\Downloads\\sistema-colas-master\\sistema-colas-master\\node_modules\\d3-force': 'C:\\Users\\jose\\Downloads\\sistema-colas-master\\sistema-colas-master\\node_modules\\.d3-force-ut52O0sq',
307 silly reify   'C:\\Users\\jose\\Downloads\\sistema-colas-master\\sistema-colas-master\\node_modules\\d3-format': 'C:\\Users\\jose\\Downloads\\sistema-colas-master\\sistema-colas-master\\node_modules\\.d3-format-XswtGum0',
307 silly reify   'C:\\Users\\jose\\Downloads\\sistema-colas-master\\sistema-colas-master\\node_modules\\d3-geo': 'C:\\Users\\jose\\Downloads\\sistema-colas-master\\sistema-colas-master\\node_modules\\.d3-geo-IZBTN0jq',
307 silly reify   'C:\\Users\\jose\\Downloads\\sistema-colas-master\\sistema-colas-master\\node_modules\\d3-geo-projection': 'C:\\Users\\jose\\Downloads\\sistema-colas-master\\sistema-colas-master\\node_modules\\.d3-geo-projection-9cmcNSMD',
307 silly reify   'C:\\Users\\jose\\Downloads\\sistema-colas-master\\sistema-colas-master\\node_modules\\d3-hierarchy': 'C:\\Users\\jose\\Downloads\\sistema-colas-master\\sistema-colas-master\\node_modules\\.d3-hierarchy-ZHfzJIau',
307 silly reify   'C:\\Users\\jose\\Downloads\\sistema-colas-master\\sistema-colas-master\\node_modules\\d3-interpolate-path': 'C:\\Users\\jose\\Downloads\\sistema-colas-master\\sistema-colas-master\\node_modules\\.d3-interpolate-path-C8IH6nxU',
307 silly reify   'C:\\Users\\jose\\Downloads\\sistema-colas-master\\sistema-colas-master\\node_modules\\d3-polygon': 'C:\\Users\\jose\\Downloads\\sistema-colas-master\\sistema-colas-master\\node_modules\\.d3-polygon-8ckNxN8k',
307 silly reify   'C:\\Users\\jose\\Downloads\\sistema-colas-master\\sistema-colas-master\\node_modules\\d3-quadtree': 'C:\\Users\\jose\\Downloads\\sistema-colas-master\\sistema-colas-master\\node_modules\\.d3-quadtree-HGexqpsb',
307 silly reify   'C:\\Users\\jose\\Downloads\\sistema-colas-master\\sistema-colas-master\\node_modules\\d3-random': 'C:\\Users\\jose\\Downloads\\sistema-colas-master\\sistema-colas-master\\node_modules\\.d3-random-UzEXk6YT',
307 silly reify   'C:\\Users\\jose\\Downloads\\sistema-colas-master\\sistema-colas-master\\node_modules\\d3-sankey': 'C:\\Users\\jose\\Downloads\\sistema-colas-master\\sistema-colas-master\\node_modules\\.d3-sankey-e3IuPbAM',
307 silly reify   'C:\\Users\\jose\\Downloads\\sistema-colas-master\\sistema-colas-master\\node_modules\\d3-selection': 'C:\\Users\\jose\\Downloads\\sistema-colas-master\\sistema-colas-master\\node_modules\\.d3-selection-No7EN88o',
307 silly reify   'C:\\Users\\jose\\Downloads\\sistema-colas-master\\sistema-colas-master\\node_modules\\d3-scale-chromatic': 'C:\\Users\\jose\\Downloads\\sistema-colas-master\\sistema-colas-master\\node_modules\\.d3-scale-chromatic-VkAf1UrH',
307 silly reify   'C:\\Users\\jose\\Downloads\\sistema-colas-master\\sistema-colas-master\\node_modules\\d3-transition': 'C:\\Users\\jose\\Downloads\\sistema-colas-master\\sistema-colas-master\\node_modules\\.d3-transition-TZdh9v8J',
307 silly reify   'C:\\Users\\jose\\Downloads\\sistema-colas-master\\sistema-colas-master\\node_modules\\d3-zoom': 'C:\\Users\\jose\\Downloads\\sistema-colas-master\\sistema-colas-master\\node_modules\\.d3-zoom-xL0EPSUm',
307 silly reify   'C:\\Users\\jose\\Downloads\\sistema-colas-master\\sistema-colas-master\\node_modules\\date-fns': 'C:\\Users\\jose\\Downloads\\sistema-colas-master\\sistema-colas-master\\node_modules\\.date-fns-Dlc2XJ1Y',
307 silly reify   'C:\\Users\\jose\\Downloads\\sistema-colas-master\\sistema-colas-master\\node_modules\\de-indent': 'C:\\Users\\jose\\Downloads\\sistema-colas-master\\sistema-colas-master\\node_modules\\.de-indent-duZVcyLv',
307 silly reify   'C:\\Users\\jose\\Downloads\\sistema-colas-master\\sistema-colas-master\\node_modules\\delaunator': 'C:\\Users\\jose\\Downloads\\sistema-colas-master\\sistema-colas-master\\node_modules\\.delaunator-6rVuA1YU',
307 silly reify   'C:\\Users\\jose\\Downloads\\sistema-colas-master\\sistema-colas-master\\node_modules\\earcut': 'C:\\Users\\jose\\Downloads\\sistema-colas-master\\sistema-colas-master\\node_modules\\.earcut-52uYv5et',
307 silly reify   'C:\\Users\\jose\\Downloads\\sistema-colas-master\\sistema-colas-master\\node_modules\\elkjs': 'C:\\Users\\jose\\Downloads\\sistema-colas-master\\sistema-colas-master\\node_modules\\.elkjs-Gm8139VV',
307 silly reify   'C:\\Users\\jose\\Downloads\\sistema-colas-master\\sistema-colas-master\\node_modules\\engine.io-client': 'C:\\Users\\jose\\Downloads\\sistema-colas-master\\sistema-colas-master\\node_modules\\.engine.io-client-IT3n9x8W',
307 silly reify   'C:\\Users\\jose\\Downloads\\sistema-colas-master\\sistema-colas-master\\node_modules\\eslint': 'C:\\Users\\jose\\Downloads\\sistema-colas-master\\sistema-colas-master\\node_modules\\.eslint-awGmkKbj',
307 silly reify   'C:\\Users\\jose\\Downloads\\sistema-colas-master\\sistema-colas-master\\node_modules\\eslint-plugin-vue': 'C:\\Users\\jose\\Downloads\\sistema-colas-master\\sistema-colas-master\\node_modules\\.eslint-plugin-vue-T5lu1gBD',
307 silly reify   'C:\\Users\\jose\\Downloads\\sistema-colas-master\\sistema-colas-master\\node_modules\\eslint-config-prettier': 'C:\\Users\\jose\\Downloads\\sistema-colas-master\\sistema-colas-master\\node_modules\\.eslint-config-prettier-J914KgaC',
307 silly reify   'C:\\Users\\jose\\Downloads\\sistema-colas-master\\sistema-colas-master\\node_modules\\find-root': 'C:\\Users\\jose\\Downloads\\sistema-colas-master\\sistema-colas-master\\node_modules\\.find-root-ZGShaq8l',
307 silly reify   'C:\\Users\\jose\\Downloads\\sistema-colas-master\\sistema-colas-master\\node_modules\\fsevents': 'C:\\Users\\jose\\Downloads\\sistema-colas-master\\sistema-colas-master\\node_modules\\.fsevents-4avdKsW0',
307 silly reify   'C:\\Users\\jose\\Downloads\\sistema-colas-master\\sistema-colas-master\\node_modules\\geojson': 'C:\\Users\\jose\\Downloads\\sistema-colas-master\\sistema-colas-master\\node_modules\\.geojson-IKj8fP4t',
307 silly reify   'C:\\Users\\jose\\Downloads\\sistema-colas-master\\sistema-colas-master\\node_modules\\geojson-vt': 'C:\\Users\\jose\\Downloads\\sistema-colas-master\\sistema-colas-master\\node_modules\\.geojson-vt-V7pAfCQU',
307 silly reify   'C:\\Users\\jose\\Downloads\\sistema-colas-master\\sistema-colas-master\\node_modules\\gl-matrix': 'C:\\Users\\jose\\Downloads\\sistema-colas-master\\sistema-colas-master\\node_modules\\.gl-matrix-xSi2VLCB',
307 silly reify   'C:\\Users\\jose\\Downloads\\sistema-colas-master\\sistema-colas-master\\node_modules\\global-prefix': 'C:\\Users\\jose\\Downloads\\sistema-colas-master\\sistema-colas-master\\node_modules\\.global-prefix-ZIdFche3',
307 silly reify   'C:\\Users\\jose\\Downloads\\sistema-colas-master\\sistema-colas-master\\node_modules\\he': 'C:\\Users\\jose\\Downloads\\sistema-colas-master\\sistema-colas-master\\node_modules\\.he-NHj7uvrM',
307 silly reify   'C:\\Users\\jose\\Downloads\\sistema-colas-master\\sistema-colas-master\\node_modules\\jiti': 'C:\\Users\\jose\\Downloads\\sistema-colas-master\\sistema-colas-master\\node_modules\\.jiti-7FgcsbtJ',
307 silly reify   'C:\\Users\\jose\\Downloads\\sistema-colas-master\\sistema-colas-master\\node_modules\\kdbush': 'C:\\Users\\jose\\Downloads\\sistema-colas-master\\sistema-colas-master\\node_modules\\.kdbush-vdnQvitx',
307 silly reify   'C:\\Users\\jose\\Downloads\\sistema-colas-master\\sistema-colas-master\\node_modules\\laravel-echo': 'C:\\Users\\jose\\Downloads\\sistema-colas-master\\sistema-colas-master\\node_modules\\.laravel-echo-fgeLJzzC',
307 silly reify   'C:\\Users\\jose\\Downloads\\sistema-colas-master\\sistema-colas-master\\node_modules\\laravel-vite-plugin': 'C:\\Users\\jose\\Downloads\\sistema-colas-master\\sistema-colas-master\\node_modules\\.laravel-vite-plugin-FoWbZUG2',
307 silly reify   'C:\\Users\\jose\\Downloads\\sistema-colas-master\\sistema-colas-master\\node_modules\\leaflet': 'C:\\Users\\jose\\Downloads\\sistema-colas-master\\sistema-colas-master\\node_modules\\.leaflet-Sw1ldW0s',
307 silly reify   'C:\\Users\\jose\\Downloads\\sistema-colas-master\\sistema-colas-master\\node_modules\\lightningcss': 'C:\\Users\\jose\\Downloads\\sistema-colas-master\\sistema-colas-master\\node_modules\\.lightningcss-PvDTsWtz',
307 silly reify   'C:\\Users\\jose\\Downloads\\sistema-colas-master\\sistema-colas-master\\node_modules\\lightningcss-android-arm64': 'C:\\Users\\jose\\Downloads\\sistema-colas-master\\sistema-colas-master\\node_modules\\.lightningcss-android-arm64-nkeTUviU',
307 silly reify   'C:\\Users\\jose\\Downloads\\sistema-colas-master\\sistema-colas-master\\node_modules\\lightningcss-darwin-arm64': 'C:\\Users\\jose\\Downloads\\sistema-colas-master\\sistema-colas-master\\node_modules\\.lightningcss-darwin-arm64-0mfnagPL',
307 silly reify   'C:\\Users\\jose\\Downloads\\sistema-colas-master\\sistema-colas-master\\node_modules\\lightningcss-darwin-x64': 'C:\\Users\\jose\\Downloads\\sistema-colas-master\\sistema-colas-master\\node_modules\\.lightningcss-darwin-x64-qzQLSYIp',
307 silly reify   'C:\\Users\\jose\\Downloads\\sistema-colas-master\\sistema-colas-master\\node_modules\\lightningcss-freebsd-x64': 'C:\\Users\\jose\\Downloads\\sistema-colas-master\\sistema-colas-master\\node_modules\\.lightningcss-freebsd-x64-YfyVsX9X',
307 silly reify   'C:\\Users\\jose\\Downloads\\sistema-colas-master\\sistema-colas-master\\node_modules\\lightningcss-linux-arm-gnueabihf': 'C:\\Users\\jose\\Downloads\\sistema-colas-master\\sistema-colas-master\\node_modules\\.lightningcss-linux-arm-gnueabihf-pOxYbDsT',
307 silly reify   'C:\\Users\\jose\\Downloads\\sistema-colas-master\\sistema-colas-master\\node_modules\\lightningcss-linux-arm64-gnu': 'C:\\Users\\jose\\Downloads\\sistema-colas-master\\sistema-colas-master\\node_modules\\.lightningcss-linux-arm64-gnu-34nWGKWU',
307 silly reify   'C:\\Users\\jose\\Downloads\\sistema-colas-master\\sistema-colas-master\\node_modules\\lightningcss-linux-arm64-musl': 'C:\\Users\\jose\\Downloads\\sistema-colas-master\\sistema-colas-master\\node_modules\\.lightningcss-linux-arm64-musl-HNKGxG2K',
307 silly reify   'C:\\Users\\jose\\Downloads\\sistema-colas-master\\sistema-colas-master\\node_modules\\lightningcss-linux-x64-gnu': 'C:\\Users\\jose\\Downloads\\sistema-colas-master\\sistema-colas-master\\node_modules\\.lightningcss-linux-x64-gnu-UJJaODt3',
307 silly reify   'C:\\Users\\jose\\Downloads\\sistema-colas-master\\sistema-colas-master\\node_modules\\lightningcss-linux-x64-musl': 'C:\\Users\\jose\\Downloads\\sistema-colas-master\\sistema-colas-master\\node_modules\\.lightningcss-linux-x64-musl-RXPcv1tz',
307 silly reify   'C:\\Users\\jose\\Downloads\\sistema-colas-master\\sistema-colas-master\\node_modules\\lightningcss-win32-arm64-msvc': 'C:\\Users\\jose\\Downloads\\sistema-colas-master\\sistema-colas-master\\node_modules\\.lightningcss-win32-arm64-msvc-W4mUP5YU',
307 silly reify   'C:\\Users\\jose\\Downloads\\sistema-colas-master\\sistema-colas-master\\node_modules\\lightningcss-win32-x64-msvc': 'C:\\Users\\jose\\Downloads\\sistema-colas-master\\sistema-colas-master\\node_modules\\.lightningcss-win32-x64-msvc-SD2L3RqJ',
307 silly reify   'C:\\Users\\jose\\Downloads\\sistema-colas-master\\sistema-colas-master\\node_modules\\lodash-es': 'C:\\Users\\jose\\Downloads\\sistema-colas-master\\sistema-colas-master\\node_modules\\.lodash-es-ESCfIIib',
307 silly reify   'C:\\Users\\jose\\Downloads\\sistema-colas-master\\sistema-colas-master\\node_modules\\lucide-vue-next': 'C:\\Users\\jose\\Downloads\\sistema-colas-master\\sistema-colas-master\\node_modules\\.lucide-vue-next-bHyLGGbn',
307 silly reify   'C:\\Users\\jose\\Downloads\\sistema-colas-master\\sistema-colas-master\\node_modules\\maplibre-gl': 'C:\\Users\\jose\\Downloads\\sistema-colas-master\\sistema-colas-master\\node_modules\\.maplibre-gl-j6JnSAxn',
307 silly reify   'C:\\Users\\jose\\Downloads\\sistema-colas-master\\sistema-colas-master\\node_modules\\murmurhash-js': 'C:\\Users\\jose\\Downloads\\sistema-colas-master\\sistema-colas-master\\node_modules\\.murmurhash-js-WYHVMBXh',
307 silly reify   'C:\\Users\\jose\\Downloads\\sistema-colas-master\\sistema-colas-master\\node_modules\\parse-unit': 'C:\\Users\\jose\\Downloads\\sistema-colas-master\\sistema-colas-master\\node_modules\\.parse-unit-1eLYEBDQ',
307 silly reify   'C:\\Users\\jose\\Downloads\\sistema-colas-master\\sistema-colas-master\\node_modules\\pbf': 'C:\\Users\\jose\\Downloads\\sistema-colas-master\\sistema-colas-master\\node_modules\\.pbf-zqzeUqGY',
307 silly reify   'C:\\Users\\jose\\Downloads\\sistema-colas-master\\sistema-colas-master\\node_modules\\potpack': 'C:\\Users\\jose\\Downloads\\sistema-colas-master\\sistema-colas-master\\node_modules\\.potpack-loh2wNEj',
307 silly reify   'C:\\Users\\jose\\Downloads\\sistema-colas-master\\sistema-colas-master\\node_modules\\prettier-plugin-organize-imports': 'C:\\Users\\jose\\Downloads\\sistema-colas-master\\sistema-colas-master\\node_modules\\.prettier-plugin-organize-imports-qSbHHPHp',
307 silly reify   'C:\\Users\\jose\\Downloads\\sistema-colas-master\\sistema-colas-master\\node_modules\\protocol-buffers-schema': 'C:\\Users\\jose\\Downloads\\sistema-colas-master\\sistema-colas-master\\node_modules\\.protocol-buffers-schema-OCdv40Zw',
307 silly reify   'C:\\Users\\jose\\Downloads\\sistema-colas-master\\sistema-colas-master\\node_modules\\pusher-js': 'C:\\Users\\jose\\Downloads\\sistema-colas-master\\sistema-colas-master\\node_modules\\.pusher-js-pT4B9OH5',
307 silly reify   'C:\\Users\\jose\\Downloads\\sistema-colas-master\\sistema-colas-master\\node_modules\\quickselect': 'C:\\Users\\jose\\Downloads\\sistema-colas-master\\sistema-colas-master\\node_modules\\.quickselect-4B09vmLV',
307 silly reify   'C:\\Users\\jose\\Downloads\\sistema-colas-master\\sistema-colas-master\\node_modules\\radix-vue': 'C:\\Users\\jose\\Downloads\\sistema-colas-master\\sistema-colas-master\\node_modules\\.radix-vue-HHW6gBy6',
307 silly reify   'C:\\Users\\jose\\Downloads\\sistema-colas-master\\sistema-colas-master\\node_modules\\reka-ui': 'C:\\Users\\jose\\Downloads\\sistema-colas-master\\sistema-colas-master\\node_modules\\.reka-ui-oNODxk5A',
307 silly reify   'C:\\Users\\jose\\Downloads\\sistema-colas-master\\sistema-colas-master\\node_modules\\resolve-protobuf-schema': 'C:\\Users\\jose\\Downloads\\sistema-colas-master\\sistema-colas-master\\node_modules\\.resolve-protobuf-schema-acnGoDB7',
307 silly reify   'C:\\Users\\jose\\Downloads\\sistema-colas-master\\sistema-colas-master\\node_modules\\robust-predicates': 'C:\\Users\\jose\\Downloads\\sistema-colas-master\\sistema-colas-master\\node_modules\\.robust-predicates-dyjvw0Hv',
307 silly reify   'C:\\Users\\jose\\Downloads\\sistema-colas-master\\sistema-colas-master\\node_modules\\rw': 'C:\\Users\\jose\\Downloads\\sistema-colas-master\\sistema-colas-master\\node_modules\\.rw-RG0eUDBI',
307 silly reify   'C:\\Users\\jose\\Downloads\\sistema-colas-master\\sistema-colas-master\\node_modules\\socket.io-client': 'C:\\Users\\jose\\Downloads\\sistema-colas-master\\sistema-colas-master\\node_modules\\.socket.io-client-ZQkYC9tM',
307 silly reify   'C:\\Users\\jose\\Downloads\\sistema-colas-master\\sistema-colas-master\\node_modules\\striptags': 'C:\\Users\\jose\\Downloads\\sistema-colas-master\\sistema-colas-master\\node_modules\\.striptags-mj2z20Nf',
307 silly reify   'C:\\Users\\jose\\Downloads\\sistema-colas-master\\sistema-colas-master\\node_modules\\stylis': 'C:\\Users\\jose\\Downloads\\sistema-colas-master\\sistema-colas-master\\node_modules\\.stylis-gEwYTr8x',
307 silly reify   'C:\\Users\\jose\\Downloads\\sistema-colas-master\\sistema-colas-master\\node_modules\\supercluster': 'C:\\Users\\jose\\Downloads\\sistema-colas-master\\sistema-colas-master\\node_modules\\.supercluster-yod3WYYa',
307 silly reify   'C:\\Users\\jose\\Downloads\\sistema-colas-master\\sistema-colas-master\\node_modules\\tailwind-merge': 'C:\\Users\\jose\\Downloads\\sistema-colas-master\\sistema-colas-master\\node_modules\\.tailwind-merge-SJDcNKzC',
307 silly reify   'C:\\Users\\jose\\Downloads\\sistema-colas-master\\sistema-colas-master\\node_modules\\tailwindcss': 'C:\\Users\\jose\\Downloads\\sistema-colas-master\\sistema-colas-master\\node_modules\\.tailwindcss-cKM6OtpS',
307 silly reify   'C:\\Users\\jose\\Downloads\\sistema-colas-master\\sistema-colas-master\\node_modules\\three': 'C:\\Users\\jose\\Downloads\\sistema-colas-master\\sistema-colas-master\\node_modules\\.three-5InX6rRt',
307 silly reify   'C:\\Users\\jose\\Downloads\\sistema-colas-master\\sistema-colas-master\\node_modules\\throttle-debounce': 'C:\\Users\\jose\\Downloads\\sistema-colas-master\\sistema-colas-master\\node_modules\\.throttle-debounce-YSSpLsKS',
307 silly reify   'C:\\Users\\jose\\Downloads\\sistema-colas-master\\sistema-colas-master\\node_modules\\tinyqueue': 'C:\\Users\\jose\\Downloads\\sistema-colas-master\\sistema-colas-master\\node_modules\\.tinyqueue-26HeBaVl',
307 silly reify   'C:\\Users\\jose\\Downloads\\sistema-colas-master\\sistema-colas-master\\node_modules\\to-px': 'C:\\Users\\jose\\Downloads\\sistema-colas-master\\sistema-colas-master\\node_modules\\.to-px-9NJQgtSK',
307 silly reify   'C:\\Users\\jose\\Downloads\\sistema-colas-master\\sistema-colas-master\\node_modules\\topojson-client': 'C:\\Users\\jose\\Downloads\\sistema-colas-master\\sistema-colas-master\\node_modules\\.topojson-client-GdV1T5Hv',
307 silly reify   'C:\\Users\\jose\\Downloads\\sistema-colas-master\\sistema-colas-master\\node_modules\\ts-api-utils': 'C:\\Users\\jose\\Downloads\\sistema-colas-master\\sistema-colas-master\\node_modules\\.ts-api-utils-jGw15XZt',
307 silly reify   'C:\\Users\\jose\\Downloads\\sistema-colas-master\\sistema-colas-master\\node_modules\\tw-animate-css': 'C:\\Users\\jose\\Downloads\\sistema-colas-master\\sistema-colas-master\\node_modules\\.tw-animate-css-Nmeqbni4',
307 silly reify   'C:\\Users\\jose\\Downloads\\sistema-colas-master\\sistema-colas-master\\node_modules\\tweetnacl': 'C:\\Users\\jose\\Downloads\\sistema-colas-master\\sistema-colas-master\\node_modules\\.tweetnacl-DTTJt9ix',
307 silly reify   'C:\\Users\\jose\\Downloads\\sistema-colas-master\\sistema-colas-master\\node_modules\\typescript-eslint': 'C:\\Users\\jose\\Downloads\\sistema-colas-master\\sistema-colas-master\\node_modules\\.typescript-eslint-SwZb1elg',
307 silly reify   'C:\\Users\\jose\\Downloads\\sistema-colas-master\\sistema-colas-master\\node_modules\\vite': 'C:\\Users\\jose\\Downloads\\sistema-colas-master\\sistema-colas-master\\node_modules\\.vite-adkzG4pN',
307 silly reify   'C:\\Users\\jose\\Downloads\\sistema-colas-master\\sistema-colas-master\\node_modules\\vt-pbf': 'C:\\Users\\jose\\Downloads\\sistema-colas-master\\sistema-colas-master\\node_modules\\.vt-pbf-IhDruJ4P',
307 silly reify   'C:\\Users\\jose\\Downloads\\sistema-colas-master\\sistema-colas-master\\node_modules\\vue-eslint-parser': 'C:\\Users\\jose\\Downloads\\sistema-colas-master\\sistema-colas-master\\node_modules\\.vue-eslint-parser-BeFrwP7m',
307 silly reify   'C:\\Users\\jose\\Downloads\\sistema-colas-master\\sistema-colas-master\\node_modules\\vue': 'C:\\Users\\jose\\Downloads\\sistema-colas-master\\sistema-colas-master\\node_modules\\.vue-aLitX0w6',
307 silly reify   'C:\\Users\\jose\\Downloads\\sistema-colas-master\\sistema-colas-master\\node_modules\\vue-input-otp': 'C:\\Users\\jose\\Downloads\\sistema-colas-master\\sistema-colas-master\\node_modules\\.vue-input-otp-6yS6mMxT',
307 silly reify   'C:\\Users\\jose\\Downloads\\sistema-colas-master\\sistema-colas-master\\node_modules\\vue-sonner': 'C:\\Users\\jose\\Downloads\\sistema-colas-master\\sistema-colas-master\\node_modules\\.vue-sonner-CAyX2tRY',
307 silly reify   'C:\\Users\\jose\\Downloads\\sistema-colas-master\\sistema-colas-master\\node_modules\\vue-tsc': 'C:\\Users\\jose\\Downloads\\sistema-colas-master\\sistema-colas-master\\node_modules\\.vue-tsc-mHpzPQNn',
307 silly reify   'C:\\Users\\jose\\Downloads\\sistema-colas-master\\sistema-colas-master\\node_modules\\xmlhttprequest-ssl': 'C:\\Users\\jose\\Downloads\\sistema-colas-master\\sistema-colas-master\\node_modules\\.xmlhttprequest-ssl-jkIuGfOn',
307 silly reify   'C:\\Users\\jose\\Downloads\\sistema-colas-master\\sistema-colas-master\\node_modules\\@babel\\runtime': 'C:\\Users\\jose\\Downloads\\sistema-colas-master\\sistema-colas-master\\node_modules\\@babel\\.runtime-qOayQVKk',
307 silly reify   'C:\\Users\\jose\\Downloads\\sistema-colas-master\\sistema-colas-master\\node_modules\\@emotion\\babel-plugin': 'C:\\Users\\jose\\Downloads\\sistema-colas-master\\sistema-colas-master\\node_modules\\@emotion\\.babel-plugin-LrYArpF7',
307 silly reify   'C:\\Users\\jose\\Downloads\\sistema-colas-master\\sistema-colas-master\\node_modules\\@emotion\\cache': 'C:\\Users\\jose\\Downloads\\sistema-colas-master\\sistema-colas-master\\node_modules\\@emotion\\.cache-Cw59rQzC',
307 silly reify   'C:\\Users\\jose\\Downloads\\sistema-colas-master\\sistema-colas-master\\node_modules\\@emotion\\hash': 'C:\\Users\\jose\\Downloads\\sistema-colas-master\\sistema-colas-master\\node_modules\\@emotion\\.hash-f5c38KZn',
307 silly reify   'C:\\Users\\jose\\Downloads\\sistema-colas-master\\sistema-colas-master\\node_modules\\@emotion\\css': 'C:\\Users\\jose\\Downloads\\sistema-colas-master\\sistema-colas-master\\node_modules\\@emotion\\.css-9J1lb1E8',
307 silly reify   'C:\\Users\\jose\\Downloads\\sistema-colas-master\\sistema-colas-master\\node_modules\\@emotion\\memoize': 'C:\\Users\\jose\\Downloads\\sistema-colas-master\\sistema-colas-master\\node_modules\\@emotion\\.memoize-CBVoZLdu',
307 silly reify   'C:\\Users\\jose\\Downloads\\sistema-colas-master\\sistema-colas-master\\node_modules\\@emotion\\serialize': 'C:\\Users\\jose\\Downloads\\sistema-colas-master\\sistema-colas-master\\node_modules\\@emotion\\.serialize-R3gFU2zI',
307 silly reify   'C:\\Users\\jose\\Downloads\\sistema-colas-master\\sistema-colas-master\\node_modules\\@emotion\\sheet': 'C:\\Users\\jose\\Downloads\\sistema-colas-master\\sistema-colas-master\\node_modules\\@emotion\\.sheet-geup7Pi7',
307 silly reify   'C:\\Users\\jose\\Downloads\\sistema-colas-master\\sistema-colas-master\\node_modules\\@emotion\\unitless': 'C:\\Users\\jose\\Downloads\\sistema-colas-master\\sistema-colas-master\\node_modules\\@emotion\\.unitless-7kSemtkw',
307 silly reify   'C:\\Users\\jose\\Downloads\\sistema-colas-master\\sistema-colas-master\\node_modules\\@emotion\\utils': 'C:\\Users\\jose\\Downloads\\sistema-colas-master\\sistema-colas-master\\node_modules\\@emotion\\.utils-jtxDzaFo',
307 silly reify   'C:\\Users\\jose\\Downloads\\sistema-colas-master\\sistema-colas-master\\node_modules\\@emotion\\weak-memoize': 'C:\\Users\\jose\\Downloads\\sistema-colas-master\\sistema-colas-master\\node_modules\\@emotion\\.weak-memoize-2u7UpQv9',
307 silly reify   'C:\\Users\\jose\\Downloads\\sistema-colas-master\\sistema-colas-master\\node_modules\\@esbuild\\aix-ppc64': 'C:\\Users\\jose\\Downloads\\sistema-colas-master\\sistema-colas-master\\node_modules\\@esbuild\\.aix-ppc64-ghqfgYLR',
307 silly reify   'C:\\Users\\jose\\Downloads\\sistema-colas-master\\sistema-colas-master\\node_modules\\@esbuild\\android-arm': 'C:\\Users\\jose\\Downloads\\sistema-colas-master\\sistema-colas-master\\node_modules\\@esbuild\\.android-arm-T4WHIS8o',
307 silly reify   'C:\\Users\\jose\\Downloads\\sistema-colas-master\\sistema-colas-master\\node_modules\\@esbuild\\android-arm64': 'C:\\Users\\jose\\Downloads\\sistema-colas-master\\sistema-colas-master\\node_modules\\@esbuild\\.android-arm64-1dWsiIzm',
307 silly reify   'C:\\Users\\jose\\Downloads\\sistema-colas-master\\sistema-colas-master\\node_modules\\@esbuild\\android-x64': 'C:\\Users\\jose\\Downloads\\sistema-colas-master\\sistema-colas-master\\node_modules\\@esbuild\\.android-x64-xeimGLFx',
307 silly reify   'C:\\Users\\jose\\Downloads\\sistema-colas-master\\sistema-colas-master\\node_modules\\@esbuild\\darwin-arm64': 'C:\\Users\\jose\\Downloads\\sistema-colas-master\\sistema-colas-master\\node_modules\\@esbuild\\.darwin-arm64-en4CgyaK',
307 silly reify   'C:\\Users\\jose\\Downloads\\sistema-colas-master\\sistema-colas-master\\node_modules\\@esbuild\\darwin-x64': 'C:\\Users\\jose\\Downloads\\sistema-colas-master\\sistema-colas-master\\node_modules\\@esbuild\\.darwin-x64-8AMQOdxZ',
307 silly reify   'C:\\Users\\jose\\Downloads\\sistema-colas-master\\sistema-colas-master\\node_modules\\@esbuild\\freebsd-arm64': 'C:\\Users\\jose\\Downloads\\sistema-colas-master\\sistema-colas-master\\node_modules\\@esbuild\\.freebsd-arm64-VMIb6hi0',
307 silly reify   'C:\\Users\\jose\\Downloads\\sistema-colas-master\\sistema-colas-master\\node_modules\\@esbuild\\freebsd-x64': 'C:\\Users\\jose\\Downloads\\sistema-colas-master\\sistema-colas-master\\node_modules\\@esbuild\\.freebsd-x64-HsEG6MfH',
307 silly reify   'C:\\Users\\jose\\Downloads\\sistema-colas-master\\sistema-colas-master\\node_modules\\@esbuild\\linux-arm': 'C:\\Users\\jose\\Downloads\\sistema-colas-master\\sistema-colas-master\\node_modules\\@esbuild\\.linux-arm-Ws08aIpK',
307 silly reify   'C:\\Users\\jose\\Downloads\\sistema-colas-master\\sistema-colas-master\\node_modules\\@esbuild\\linux-arm64': 'C:\\Users\\jose\\Downloads\\sistema-colas-master\\sistema-colas-master\\node_modules\\@esbuild\\.linux-arm64-X6f2P7xH',
307 silly reify   'C:\\Users\\jose\\Downloads\\sistema-colas-master\\sistema-colas-master\\node_modules\\@esbuild\\linux-ia32': 'C:\\Users\\jose\\Downloads\\sistema-colas-master\\sistema-colas-master\\node_modules\\@esbuild\\.linux-ia32-4bpLjYrp',
307 silly reify   'C:\\Users\\jose\\Downloads\\sistema-colas-master\\sistema-colas-master\\node_modules\\@esbuild\\linux-loong64': 'C:\\Users\\jose\\Downloads\\sistema-colas-master\\sistema-colas-master\\node_modules\\@esbuild\\.linux-loong64-nBaYFLhG',
307 silly reify   'C:\\Users\\jose\\Downloads\\sistema-colas-master\\sistema-colas-master\\node_modules\\@esbuild\\linux-mips64el': 'C:\\Users\\jose\\Downloads\\sistema-colas-master\\sistema-colas-master\\node_modules\\@esbuild\\.linux-mips64el-hJveJoUS',
307 silly reify   'C:\\Users\\jose\\Downloads\\sistema-colas-master\\sistema-colas-master\\node_modules\\@esbuild\\linux-ppc64': 'C:\\Users\\jose\\Downloads\\sistema-colas-master\\sistema-colas-master\\node_modules\\@esbuild\\.linux-ppc64-ff9VDByX',
307 silly reify   'C:\\Users\\jose\\Downloads\\sistema-colas-master\\sistema-colas-master\\node_modules\\@esbuild\\linux-riscv64': 'C:\\Users\\jose\\Downloads\\sistema-colas-master\\sistema-colas-master\\node_modules\\@esbuild\\.linux-riscv64-3yE7sjY9',
307 silly reify   'C:\\Users\\jose\\Downloads\\sistema-colas-master\\sistema-colas-master\\node_modules\\@esbuild\\linux-s390x': 'C:\\Users\\jose\\Downloads\\sistema-colas-master\\sistema-colas-master\\node_modules\\@esbuild\\.linux-s390x-daHDNTc4',
307 silly reify   'C:\\Users\\jose\\Downloads\\sistema-colas-master\\sistema-colas-master\\node_modules\\@esbuild\\linux-x64': 'C:\\Users\\jose\\Downloads\\sistema-colas-master\\sistema-colas-master\\node_modules\\@esbuild\\.linux-x64-YmUFGp1K',
307 silly reify   'C:\\Users\\jose\\Downloads\\sistema-colas-master\\sistema-colas-master\\node_modules\\@esbuild\\netbsd-arm64': 'C:\\Users\\jose\\Downloads\\sistema-colas-master\\sistema-colas-master\\node_modules\\@esbuild\\.netbsd-arm64-7pzpSPmt',
307 silly reify   'C:\\Users\\jose\\Downloads\\sistema-colas-master\\sistema-colas-master\\node_modules\\@esbuild\\netbsd-x64': 'C:\\Users\\jose\\Downloads\\sistema-colas-master\\sistema-colas-master\\node_modules\\@esbuild\\.netbsd-x64-0M5r0YqB',
307 silly reify   'C:\\Users\\jose\\Downloads\\sistema-colas-master\\sistema-colas-master\\node_modules\\@esbuild\\openbsd-arm64': 'C:\\Users\\jose\\Downloads\\sistema-colas-master\\sistema-colas-master\\node_modules\\@esbuild\\.openbsd-arm64-mjNNUqOI',
307 silly reify   'C:\\Users\\jose\\Downloads\\sistema-colas-master\\sistema-colas-master\\node_modules\\@esbuild\\openbsd-x64': 'C:\\Users\\jose\\Downloads\\sistema-colas-master\\sistema-colas-master\\node_modules\\@esbuild\\.openbsd-x64-PcfGh7fg',
307 silly reify   'C:\\Users\\jose\\Downloads\\sistema-colas-master\\sistema-colas-master\\node_modules\\@esbuild\\openharmony-arm64': 'C:\\Users\\jose\\Downloads\\sistema-colas-master\\sistema-colas-master\\node_modules\\@esbuild\\.openharmony-arm64-SQgzVzD3',
307 silly reify   'C:\\Users\\jose\\Downloads\\sistema-colas-master\\sistema-colas-master\\node_modules\\@esbuild\\sunos-x64': 'C:\\Users\\jose\\Downloads\\sistema-colas-master\\sistema-colas-master\\node_modules\\@esbuild\\.sunos-x64-j0gSP5C5',
307 silly reify   'C:\\Users\\jose\\Downloads\\sistema-colas-master\\sistema-colas-master\\node_modules\\@esbuild\\win32-arm64': 'C:\\Users\\jose\\Downloads\\sistema-colas-master\\sistema-colas-master\\node_modules\\@esbuild\\.win32-arm64-SbufuZYx',
307 silly reify   'C:\\Users\\jose\\Downloads\\sistema-colas-master\\sistema-colas-master\\node_modules\\@esbuild\\win32-ia32': 'C:\\Users\\jose\\Downloads\\sistema-colas-master\\sistema-colas-master\\node_modules\\@esbuild\\.win32-ia32-OHjSWc5J',
307 silly reify   'C:\\Users\\jose\\Downloads\\sistema-colas-master\\sistema-colas-master\\node_modules\\@eslint\\js': 'C:\\Users\\jose\\Downloads\\sistema-colas-master\\sistema-colas-master\\node_modules\\@eslint\\.js-e0ZbKTe0',
307 silly reify   'C:\\Users\\jose\\Downloads\\sistema-colas-master\\sistema-colas-master\\node_modules\\@floating-ui\\dom': 'C:\\Users\\jose\\Downloads\\sistema-colas-master\\sistema-colas-master\\node_modules\\@floating-ui\\.dom-QJFI1aZM',
307 silly reify   'C:\\Users\\jose\\Downloads\\sistema-colas-master\\sistema-colas-master\\node_modules\\@floating-ui\\vue': 'C:\\Users\\jose\\Downloads\\sistema-colas-master\\sistema-colas-master\\node_modules\\@floating-ui\\.vue-3bMunFe5',
307 silly reify   'C:\\Users\\jose\\Downloads\\sistema-colas-master\\sistema-colas-master\\node_modules\\@floating-ui\\utils': 'C:\\Users\\jose\\Downloads\\sistema-colas-master\\sistema-colas-master\\node_modules\\@floating-ui\\.utils-gsWOG3so',
307 silly reify   'C:\\Users\\jose\\Downloads\\sistema-colas-master\\sistema-colas-master\\node_modules\\@floating-ui\\core': 'C:\\Users\\jose\\Downloads\\sistema-colas-master\\sistema-colas-master\\node_modules\\@floating-ui\\.core-JFqCbfEG',
307 silly reify   'C:\\Users\\jose\\Downloads\\sistema-colas-master\\sistema-colas-master\\node_modules\\@inertiajs\\vue3': 'C:\\Users\\jose\\Downloads\\sistema-colas-master\\sistema-colas-master\\node_modules\\@inertiajs\\.vue3-HGqwqAQ8',
307 silly reify   'C:\\Users\\jose\\Downloads\\sistema-colas-master\\sistema-colas-master\\node_modules\\@internationalized\\date': 'C:\\Users\\jose\\Downloads\\sistema-colas-master\\sistema-colas-master\\node_modules\\@internationalized\\.date-XeIk5mLN',
307 silly reify   'C:\\Users\\jose\\Downloads\\sistema-colas-master\\sistema-colas-master\\node_modules\\@inertiajs\\core': 'C:\\Users\\jose\\Downloads\\sistema-colas-master\\sistema-colas-master\\node_modules\\@inertiajs\\.core-XLxHrMkV',
307 silly reify   'C:\\Users\\jose\\Downloads\\sistema-colas-master\\sistema-colas-master\\node_modules\\@internationalized\\number': 'C:\\Users\\jose\\Downloads\\sistema-colas-master\\sistema-colas-master\\node_modules\\@internationalized\\.number-UmSnY6QR',
307 silly reify   'C:\\Users\\jose\\Downloads\\sistema-colas-master\\sistema-colas-master\\node_modules\\@juggle\\resize-observer': 'C:\\Users\\jose\\Downloads\\sistema-colas-master\\sistema-colas-master\\node_modules\\@juggle\\.resize-observer-y3f8HRgt',
307 silly reify   'C:\\Users\\jose\\Downloads\\sistema-colas-master\\sistema-colas-master\\node_modules\\@laravel\\echo-vue': 'C:\\Users\\jose\\Downloads\\sistema-colas-master\\sistema-colas-master\\node_modules\\@laravel\\.echo-vue-ox4KYRu1',
307 silly reify   'C:\\Users\\jose\\Downloads\\sistema-colas-master\\sistema-colas-master\\node_modules\\@laravel\\vite-plugin-wayfinder': 'C:\\Users\\jose\\Downloads\\sistema-colas-master\\sistema-colas-master\\node_modules\\@laravel\\.vite-plugin-wayfinder-yDEtKd0F',
307 silly reify   'C:\\Users\\jose\\Downloads\\sistema-colas-master\\sistema-colas-master\\node_modules\\@mapbox\\geojson-rewind': 'C:\\Users\\jose\\Downloads\\sistema-colas-master\\sistema-colas-master\\node_modules\\@mapbox\\.geojson-rewind-C1dJoixa',
307 silly reify   'C:\\Users\\jose\\Downloads\\sistema-colas-master\\sistema-colas-master\\node_modules\\@mapbox\\jsonlint-lines-primitives': 'C:\\Users\\jose\\Downloads\\sistema-colas-master\\sistema-colas-master\\node_modules\\@mapbox\\.jsonlint-lines-primitives-uK3LrE2O',
307 silly reify   'C:\\Users\\jose\\Downloads\\sistema-colas-master\\sistema-colas-master\\node_modules\\@mapbox\\mapbox-gl-supported': 'C:\\Users\\jose\\Downloads\\sistema-colas-master\\sistema-colas-master\\node_modules\\@mapbox\\.mapbox-gl-supported-tsSfLMe8',
307 silly reify   'C:\\Users\\jose\\Downloads\\sistema-colas-master\\sistema-colas-master\\node_modules\\@mapbox\\point-geometry': 'C:\\Users\\jose\\Downloads\\sistema-colas-master\\sistema-colas-master\\node_modules\\@mapbox\\.point-geometry-627tqe4j',
307 silly reify   'C:\\Users\\jose\\Downloads\\sistema-colas-master\\sistema-colas-master\\node_modules\\@mapbox\\tiny-sdf': 'C:\\Users\\jose\\Downloads\\sistema-colas-master\\sistema-colas-master\\node_modules\\@mapbox\\.tiny-sdf-jnczUTKX',
307 silly reify   'C:\\Users\\jose\\Downloads\\sistema-colas-master\\sistema-colas-master\\node_modules\\@mapbox\\unitbezier': 'C:\\Users\\jose\\Downloads\\sistema-colas-master\\sistema-colas-master\\node_modules\\@mapbox\\.unitbezier-gfVjcYgv',
307 silly reify   'C:\\Users\\jose\\Downloads\\sistema-colas-master\\sistema-colas-master\\node_modules\\@mapbox\\vector-tile': 'C:\\Users\\jose\\Downloads\\sistema-colas-master\\sistema-colas-master\\node_modules\\@mapbox\\.vector-tile-Fft8oik4',
307 silly reify   'C:\\Users\\jose\\Downloads\\sistema-colas-master\\sistema-colas-master\\node_modules\\@mapbox\\whoots-js': 'C:\\Users\\jose\\Downloads\\sistema-colas-master\\sistema-colas-master\\node_modules\\@mapbox\\.whoots-js-4SnIsMRB',
307 silly reify   'C:\\Users\\jose\\Downloads\\sistema-colas-master\\sistema-colas-master\\node_modules\\@rolldown\\pluginutils': 'C:\\Users\\jose\\Downloads\\sistema-colas-master\\sistema-colas-master\\node_modules\\@rolldown\\.pluginutils-GFE6zhWP',
307 silly reify   'C:\\Users\\jose\\Downloads\\sistema-colas-master\\sistema-colas-master\\node_modules\\@rollup\\rollup-android-arm-eabi': 'C:\\Users\\jose\\Downloads\\sistema-colas-master\\sistema-colas-master\\node_modules\\@rollup\\.rollup-android-arm-eabi-DSd7mSPX',
307 silly reify   'C:\\Users\\jose\\Downloads\\sistema-colas-master\\sistema-colas-master\\node_modules\\@rollup\\rollup-android-arm64': 'C:\\Users\\jose\\Downloads\\sistema-colas-master\\sistema-colas-master\\node_modules\\@rollup\\.rollup-android-arm64-uf1oUMS3',
307 silly reify   'C:\\Users\\jose\\Downloads\\sistema-colas-master\\sistema-colas-master\\node_modules\\@rollup\\rollup-darwin-arm64': 'C:\\Users\\jose\\Downloads\\sistema-colas-master\\sistema-colas-master\\node_modules\\@rollup\\.rollup-darwin-arm64-xd6anLa5',
307 silly reify   'C:\\Users\\jose\\Downloads\\sistema-colas-master\\sistema-colas-master\\node_modules\\@rollup\\rollup-darwin-x64': 'C:\\Users\\jose\\Downloads\\sistema-colas-master\\sistema-colas-master\\node_modules\\@rollup\\.rollup-darwin-x64-B37Dyf6N',
307 silly reify   'C:\\Users\\jose\\Downloads\\sistema-colas-master\\sistema-colas-master\\node_modules\\@rollup\\rollup-freebsd-arm64': 'C:\\Users\\jose\\Downloads\\sistema-colas-master\\sistema-colas-master\\node_modules\\@rollup\\.rollup-freebsd-arm64-ic1c9bA8',
307 silly reify   'C:\\Users\\jose\\Downloads\\sistema-colas-master\\sistema-colas-master\\node_modules\\@rollup\\rollup-freebsd-x64': 'C:\\Users\\jose\\Downloads\\sistema-colas-master\\sistema-colas-master\\node_modules\\@rollup\\.rollup-freebsd-x64-wMtjw1pt',
307 silly reify   'C:\\Users\\jose\\Downloads\\sistema-colas-master\\sistema-colas-master\\node_modules\\@rollup\\rollup-linux-arm-gnueabihf': 'C:\\Users\\jose\\Downloads\\sistema-colas-master\\sistema-colas-master\\node_modules\\@rollup\\.rollup-linux-arm-gnueabihf-fkEiDTNk',
307 silly reify   'C:\\Users\\jose\\Downloads\\sistema-colas-master\\sistema-colas-master\\node_modules\\@rollup\\rollup-linux-arm-musleabihf': 'C:\\Users\\jose\\Downloads\\sistema-colas-master\\sistema-colas-master\\node_modules\\@rollup\\.rollup-linux-arm-musleabihf-Q2YjgONV',
307 silly reify   'C:\\Users\\jose\\Downloads\\sistema-colas-master\\sistema-colas-master\\node_modules\\@rollup\\rollup-linux-arm64-gnu': 'C:\\Users\\jose\\Downloads\\sistema-colas-master\\sistema-colas-master\\node_modules\\@rollup\\.rollup-linux-arm64-gnu-i6iY6wKc',
307 silly reify   'C:\\Users\\jose\\Downloads\\sistema-colas-master\\sistema-colas-master\\node_modules\\@rollup\\rollup-linux-arm64-musl': 'C:\\Users\\jose\\Downloads\\sistema-colas-master\\sistema-colas-master\\node_modules\\@rollup\\.rollup-linux-arm64-musl-RWlTQnl6',
307 silly reify   'C:\\Users\\jose\\Downloads\\sistema-colas-master\\sistema-colas-master\\node_modules\\@rollup\\rollup-linux-loong64-gnu': 'C:\\Users\\jose\\Downloads\\sistema-colas-master\\sistema-colas-master\\node_modules\\@rollup\\.rollup-linux-loong64-gnu-Wzv3DW2Y',
307 silly reify   'C:\\Users\\jose\\Downloads\\sistema-colas-master\\sistema-colas-master\\node_modules\\@rollup\\rollup-linux-ppc64-gnu': 'C:\\Users\\jose\\Downloads\\sistema-colas-master\\sistema-colas-master\\node_modules\\@rollup\\.rollup-linux-ppc64-gnu-E6EpiRbB',
307 silly reify   'C:\\Users\\jose\\Downloads\\sistema-colas-master\\sistema-colas-master\\node_modules\\@rollup\\rollup-linux-riscv64-gnu': 'C:\\Users\\jose\\Downloads\\sistema-colas-master\\sistema-colas-master\\node_modules\\@rollup\\.rollup-linux-riscv64-gnu-GHTgaFz5',
307 silly reify   'C:\\Users\\jose\\Downloads\\sistema-colas-master\\sistema-colas-master\\node_modules\\@rollup\\rollup-linux-riscv64-musl': 'C:\\Users\\jose\\Downloads\\sistema-colas-master\\sistema-colas-master\\node_modules\\@rollup\\.rollup-linux-riscv64-musl-dTWGtYuD',
307 silly reify   'C:\\Users\\jose\\Downloads\\sistema-colas-master\\sistema-colas-master\\node_modules\\@rollup\\rollup-linux-s390x-gnu': 'C:\\Users\\jose\\Downloads\\sistema-colas-master\\sistema-colas-master\\node_modules\\@rollup\\.rollup-linux-s390x-gnu-9wS6Ij0u',
307 silly reify   'C:\\Users\\jose\\Downloads\\sistema-colas-master\\sistema-colas-master\\node_modules\\@rollup\\rollup-linux-x64-gnu': 'C:\\Users\\jose\\Downloads\\sistema-colas-master\\sistema-colas-master\\node_modules\\@rollup\\.rollup-linux-x64-gnu-szKlzQpe',
307 silly reify   'C:\\Users\\jose\\Downloads\\sistema-colas-master\\sistema-colas-master\\node_modules\\@rollup\\rollup-linux-x64-musl': 'C:\\Users\\jose\\Downloads\\sistema-colas-master\\sistema-colas-master\\node_modules\\@rollup\\.rollup-linux-x64-musl-PCSFvHdZ',
307 silly reify   'C:\\Users\\jose\\Downloads\\sistema-colas-master\\sistema-colas-master\\node_modules\\@rollup\\rollup-openharmony-arm64': 'C:\\Users\\jose\\Downloads\\sistema-colas-master\\sistema-colas-master\\node_modules\\@rollup\\.rollup-openharmony-arm64-cHda4vw0',
307 silly reify   'C:\\Users\\jose\\Downloads\\sistema-colas-master\\sistema-colas-master\\node_modules\\@rollup\\rollup-win32-arm64-msvc': 'C:\\Users\\jose\\Downloads\\sistema-colas-master\\sistema-colas-master\\node_modules\\@rollup\\.rollup-win32-arm64-msvc-K96isFE9',
307 silly reify   'C:\\Users\\jose\\Downloads\\sistema-colas-master\\sistema-colas-master\\node_modules\\@rollup\\rollup-win32-ia32-msvc': 'C:\\Users\\jose\\Downloads\\sistema-colas-master\\sistema-colas-master\\node_modules\\@rollup\\.rollup-win32-ia32-msvc-KCvwlPYp',
307 silly reify   'C:\\Users\\jose\\Downloads\\sistema-colas-master\\sistema-colas-master\\node_modules\\@rollup\\rollup-win32-x64-msvc': 'C:\\Users\\jose\\Downloads\\sistema-colas-master\\sistema-colas-master\\node_modules\\@rollup\\.rollup-win32-x64-msvc-0hLSti0f',
307 silly reify   'C:\\Users\\jose\\Downloads\\sistema-colas-master\\sistema-colas-master\\node_modules\\@tailwindcss\\oxide': 'C:\\Users\\jose\\Downloads\\sistema-colas-master\\sistema-colas-master\\node_modules\\@tailwindcss\\.oxide-nVOInHyq',
307 silly reify   'C:\\Users\\jose\\Downloads\\sistema-colas-master\\sistema-colas-master\\node_modules\\@tailwindcss\\node': 'C:\\Users\\jose\\Downloads\\sistema-colas-master\\sistema-colas-master\\node_modules\\@tailwindcss\\.node-znPWdmv4',
307 silly reify   'C:\\Users\\jose\\Downloads\\sistema-colas-master\\sistema-colas-master\\node_modules\\@tailwindcss\\oxide-android-arm64': 'C:\\Users\\jose\\Downloads\\sistema-colas-master\\sistema-colas-master\\node_modules\\@tailwindcss\\.oxide-android-arm64-xFRD38xp',
307 silly reify   'C:\\Users\\jose\\Downloads\\sistema-colas-master\\sistema-colas-master\\node_modules\\@tailwindcss\\oxide-darwin-arm64': 'C:\\Users\\jose\\Downloads\\sistema-colas-master\\sistema-colas-master\\node_modules\\@tailwindcss\\.oxide-darwin-arm64-7DQM4Lye',
307 silly reify   'C:\\Users\\jose\\Downloads\\sistema-colas-master\\sistema-colas-master\\node_modules\\@tailwindcss\\oxide-darwin-x64': 'C:\\Users\\jose\\Downloads\\sistema-colas-master\\sistema-colas-master\\node_modules\\@tailwindcss\\.oxide-darwin-x64-s2GWc1BD',
307 silly reify   'C:\\Users\\jose\\Downloads\\sistema-colas-master\\sistema-colas-master\\node_modules\\@tailwindcss\\oxide-freebsd-x64': 'C:\\Users\\jose\\Downloads\\sistema-colas-master\\sistema-colas-master\\node_modules\\@tailwindcss\\.oxide-freebsd-x64-BLwVq1Us',
307 silly reify   'C:\\Users\\jose\\Downloads\\sistema-colas-master\\sistema-colas-master\\node_modules\\@tailwindcss\\oxide-linux-arm-gnueabihf': 'C:\\Users\\jose\\Downloads\\sistema-colas-master\\sistema-colas-master\\node_modules\\@tailwindcss\\.oxide-linux-arm-gnueabihf-DoKSB9EA',
307 silly reify   'C:\\Users\\jose\\Downloads\\sistema-colas-master\\sistema-colas-master\\node_modules\\@tailwindcss\\oxide-linux-arm64-gnu': 'C:\\Users\\jose\\Downloads\\sistema-colas-master\\sistema-colas-master\\node_modules\\@tailwindcss\\.oxide-linux-arm64-gnu-xhAeQUnb',
307 silly reify   'C:\\Users\\jose\\Downloads\\sistema-colas-master\\sistema-colas-master\\node_modules\\@tailwindcss\\oxide-linux-arm64-musl': 'C:\\Users\\jose\\Downloads\\sistema-colas-master\\sistema-colas-master\\node_modules\\@tailwindcss\\.oxide-linux-arm64-musl-piERvlJI',
307 silly reify   'C:\\Users\\jose\\Downloads\\sistema-colas-master\\sistema-colas-master\\node_modules\\@tailwindcss\\oxide-linux-x64-gnu': 'C:\\Users\\jose\\Downloads\\sistema-colas-master\\sistema-colas-master\\node_modules\\@tailwindcss\\.oxide-linux-x64-gnu-wmrMCuE3',
307 silly reify   'C:\\Users\\jose\\Downloads\\sistema-colas-master\\sistema-colas-master\\node_modules\\@tailwindcss\\oxide-linux-x64-musl': 'C:\\Users\\jose\\Downloads\\sistema-colas-master\\sistema-colas-master\\node_modules\\@tailwindcss\\.oxide-linux-x64-musl-4zPZObXi',
307 silly reify   'C:\\Users\\jose\\Downloads\\sistema-colas-master\\sistema-colas-master\\node_modules\\@tailwindcss\\oxide-wasm32-wasi': 'C:\\Users\\jose\\Downloads\\sistema-colas-master\\sistema-colas-master\\node_modules\\@tailwindcss\\.oxide-wasm32-wasi-73eBxHG1',
307 silly reify   'C:\\Users\\jose\\Downloads\\sistema-colas-master\\sistema-colas-master\\node_modules\\@tailwindcss\\oxide-win32-arm64-msvc': 'C:\\Users\\jose\\Downloads\\sistema-colas-master\\sistema-colas-master\\node_modules\\@tailwindcss\\.oxide-win32-arm64-msvc-THwd8nFm',
307 silly reify   'C:\\Users\\jose\\Downloads\\sistema-colas-master\\sistema-colas-master\\node_modules\\@tailwindcss\\oxide-win32-x64-msvc': 'C:\\Users\\jose\\Downloads\\sistema-colas-master\\sistema-colas-master\\node_modules\\@tailwindcss\\.oxide-win32-x64-msvc-y6Mt1Bk2',
307 silly reify   'C:\\Users\\jose\\Downloads\\sistema-colas-master\\sistema-colas-master\\node_modules\\@tailwindcss\\vite': 'C:\\Users\\jose\\Downloads\\sistema-colas-master\\sistema-colas-master\\node_modules\\@tailwindcss\\.vite-uQkpU7K3',
307 silly reify   'C:\\Users\\jose\\Downloads\\sistema-colas-master\\sistema-colas-master\\node_modules\\@tanstack\\table-core': 'C:\\Users\\jose\\Downloads\\sistema-colas-master\\sistema-colas-master\\node_modules\\@tanstack\\.table-core-qwfb8wIw',
307 silly reify   'C:\\Users\\jose\\Downloads\\sistema-colas-master\\sistema-colas-master\\node_modules\\@tanstack\\virtual-core': 'C:\\Users\\jose\\Downloads\\sistema-colas-master\\sistema-colas-master\\node_modules\\@tanstack\\.virtual-core-ae6W2Est',
307 silly reify   'C:\\Users\\jose\\Downloads\\sistema-colas-master\\sistema-colas-master\\node_modules\\@tanstack\\vue-table': 'C:\\Users\\jose\\Downloads\\sistema-colas-master\\sistema-colas-master\\node_modules\\@tanstack\\.vue-table-zkPRoMQv',
307 silly reify   'C:\\Users\\jose\\Downloads\\sistema-colas-master\\sistema-colas-master\\node_modules\\@tanstack\\vue-virtual': 'C:\\Users\\jose\\Downloads\\sistema-colas-master\\sistema-colas-master\\node_modules\\@tanstack\\.vue-virtual-ZP13rbu0',
307 silly reify   'C:\\Users\\jose\\Downloads\\sistema-colas-master\\sistema-colas-master\\node_modules\\@types\\d3': 'C:\\Users\\jose\\Downloads\\sistema-colas-master\\sistema-colas-master\\node_modules\\@types\\.d3-TGVuKTaV',
307 silly reify   'C:\\Users\\jose\\Downloads\\sistema-colas-master\\sistema-colas-master\\node_modules\\@types\\d3-brush': 'C:\\Users\\jose\\Downloads\\sistema-colas-master\\sistema-colas-master\\node_modules\\@types\\.d3-brush-LMuonyFl',
307 silly reify   'C:\\Users\\jose\\Downloads\\sistema-colas-master\\sistema-colas-master\\node_modules\\@types\\d3-axis': 'C:\\Users\\jose\\Downloads\\sistema-colas-master\\sistema-colas-master\\node_modules\\@types\\.d3-axis-i9M7jK1E',
307 silly reify   'C:\\Users\\jose\\Downloads\\sistema-colas-master\\sistema-colas-master\\node_modules\\@types\\d3-chord': 'C:\\Users\\jose\\Downloads\\sistema-colas-master\\sistema-colas-master\\node_modules\\@types\\.d3-chord-ulQaN1oR',
307 silly reify   'C:\\Users\\jose\\Downloads\\sistema-colas-master\\sistema-colas-master\\node_modules\\@types\\d3-collection': 'C:\\Users\\jose\\Downloads\\sistema-colas-master\\sistema-colas-master\\node_modules\\@types\\.d3-collection-cw7P9w8F',
307 silly reify   'C:\\Users\\jose\\Downloads\\sistema-colas-master\\sistema-colas-master\\node_modules\\@types\\d3-contour': 'C:\\Users\\jose\\Downloads\\sistema-colas-master\\sistema-colas-master\\node_modules\\@types\\.d3-contour-jxVNEGsi',
307 silly reify   'C:\\Users\\jose\\Downloads\\sistema-colas-master\\sistema-colas-master\\node_modules\\@types\\d3-delaunay': 'C:\\Users\\jose\\Downloads\\sistema-colas-master\\sistema-colas-master\\node_modules\\@types\\.d3-delaunay-SJm3Rf7b',
307 silly reify   'C:\\Users\\jose\\Downloads\\sistema-colas-master\\sistema-colas-master\\node_modules\\@types\\d3-dispatch': 'C:\\Users\\jose\\Downloads\\sistema-colas-master\\sistema-colas-master\\node_modules\\@types\\.d3-dispatch-zHtT5D0T',
307 silly reify   'C:\\Users\\jose\\Downloads\\sistema-colas-master\\sistema-colas-master\\node_modules\\@types\\d3-drag': 'C:\\Users\\jose\\Downloads\\sistema-colas-master\\sistema-colas-master\\node_modules\\@types\\.d3-drag-Fasx5jeS',
307 silly reify   'C:\\Users\\jose\\Downloads\\sistema-colas-master\\sistema-colas-master\\node_modules\\@types\\d3-dsv': 'C:\\Users\\jose\\Downloads\\sistema-colas-master\\sistema-colas-master\\node_modules\\@types\\.d3-dsv-99wQUbjN',
307 silly reify   'C:\\Users\\jose\\Downloads\\sistema-colas-master\\sistema-colas-master\\node_modules\\@types\\d3-fetch': 'C:\\Users\\jose\\Downloads\\sistema-colas-master\\sistema-colas-master\\node_modules\\@types\\.d3-fetch-XWxbNjRm',
307 silly reify   'C:\\Users\\jose\\Downloads\\sistema-colas-master\\sistema-colas-master\\node_modules\\@types\\d3-force': 'C:\\Users\\jose\\Downloads\\sistema-colas-master\\sistema-colas-master\\node_modules\\@types\\.d3-force-StltqDY1',
307 silly reify   'C:\\Users\\jose\\Downloads\\sistema-colas-master\\sistema-colas-master\\node_modules\\@types\\d3-format': 'C:\\Users\\jose\\Downloads\\sistema-colas-master\\sistema-colas-master\\node_modules\\@types\\.d3-format-0LEf9bni',
307 silly reify   'C:\\Users\\jose\\Downloads\\sistema-colas-master\\sistema-colas-master\\node_modules\\@types\\d3-geo': 'C:\\Users\\jose\\Downloads\\sistema-colas-master\\sistema-colas-master\\node_modules\\@types\\.d3-geo-s2ur6yGl',
307 silly reify   'C:\\Users\\jose\\Downloads\\sistema-colas-master\\sistema-colas-master\\node_modules\\@types\\d3-hierarchy': 'C:\\Users\\jose\\Downloads\\sistema-colas-master\\sistema-colas-master\\node_modules\\@types\\.d3-hierarchy-67jzMTB9',
307 silly reify   'C:\\Users\\jose\\Downloads\\sistema-colas-master\\sistema-colas-master\\node_modules\\@types\\d3-polygon': 'C:\\Users\\jose\\Downloads\\sistema-colas-master\\sistema-colas-master\\node_modules\\@types\\.d3-polygon-kg0Dp38Y',
307 silly reify   'C:\\Users\\jose\\Downloads\\sistema-colas-master\\sistema-colas-master\\node_modules\\@types\\d3-quadtree': 'C:\\Users\\jose\\Downloads\\sistema-colas-master\\sistema-colas-master\\node_modules\\@types\\.d3-quadtree-QqYMpd58',
307 silly reify   'C:\\Users\\jose\\Downloads\\sistema-colas-master\\sistema-colas-master\\node_modules\\@types\\d3-random': 'C:\\Users\\jose\\Downloads\\sistema-colas-master\\sistema-colas-master\\node_modules\\@types\\.d3-random-f0NsR2nG',
307 silly reify   'C:\\Users\\jose\\Downloads\\sistema-colas-master\\sistema-colas-master\\node_modules\\@types\\d3-sankey': 'C:\\Users\\jose\\Downloads\\sistema-colas-master\\sistema-colas-master\\node_modules\\@types\\.d3-sankey-rdndYyF5',
307 silly reify   'C:\\Users\\jose\\Downloads\\sistema-colas-master\\sistema-colas-master\\node_modules\\@types\\d3-scale-chromatic': 'C:\\Users\\jose\\Downloads\\sistema-colas-master\\sistema-colas-master\\node_modules\\@types\\.d3-scale-chromatic-KJW5pAXz',
307 silly reify   'C:\\Users\\jose\\Downloads\\sistema-colas-master\\sistema-colas-master\\node_modules\\@types\\d3-selection': 'C:\\Users\\jose\\Downloads\\sistema-colas-master\\sistema-colas-master\\node_modules\\@types\\.d3-selection-eqeLlPj2',
307 silly reify   'C:\\Users\\jose\\Downloads\\sistema-colas-master\\sistema-colas-master\\node_modules\\@types\\d3-shape': 'C:\\Users\\jose\\Downloads\\sistema-colas-master\\sistema-colas-master\\node_modules\\@types\\.d3-shape-XthIY6Zm',
307 silly reify   'C:\\Users\\jose\\Downloads\\sistema-colas-master\\sistema-colas-master\\node_modules\\@types\\d3-zoom': 'C:\\Users\\jose\\Downloads\\sistema-colas-master\\sistema-colas-master\\node_modules\\@types\\.d3-zoom-k5KY0jS1',
307 silly reify   'C:\\Users\\jose\\Downloads\\sistema-colas-master\\sistema-colas-master\\node_modules\\@types\\d3-time-format': 'C:\\Users\\jose\\Downloads\\sistema-colas-master\\sistema-colas-master\\node_modules\\@types\\.d3-time-format-OffhLxbz',
307 silly reify   'C:\\Users\\jose\\Downloads\\sistema-colas-master\\sistema-colas-master\\node_modules\\@types\\dagre': 'C:\\Users\\jose\\Downloads\\sistema-colas-master\\sistema-colas-master\\node_modules\\@types\\.dagre-YqkcT4R7',
307 silly reify   'C:\\Users\\jose\\Downloads\\sistema-colas-master\\sistema-colas-master\\node_modules\\@types\\d3-transition': 'C:\\Users\\jose\\Downloads\\sistema-colas-master\\sistema-colas-master\\node_modules\\@types\\.d3-transition-lmbCm1gG',
307 silly reify   'C:\\Users\\jose\\Downloads\\sistema-colas-master\\sistema-colas-master\\node_modules\\@types\\geojson': 'C:\\Users\\jose\\Downloads\\sistema-colas-master\\sistema-colas-master\\node_modules\\@types\\.geojson-Oyhnyzsu',
307 silly reify   'C:\\Users\\jose\\Downloads\\sistema-colas-master\\sistema-colas-master\\node_modules\\@types\\leaflet': 'C:\\Users\\jose\\Downloads\\sistema-colas-master\\sistema-colas-master\\node_modules\\@types\\.leaflet-dQ8I4D3R',
307 silly reify   'C:\\Users\\jose\\Downloads\\sistema-colas-master\\sistema-colas-master\\node_modules\\@types\\lodash': 'C:\\Users\\jose\\Downloads\\sistema-colas-master\\sistema-colas-master\\node_modules\\@types\\.lodash-QdAq1ydu',
307 silly reify   'C:\\Users\\jose\\Downloads\\sistema-colas-master\\sistema-colas-master\\node_modules\\@types\\lodash-es': 'C:\\Users\\jose\\Downloads\\sistema-colas-master\\sistema-colas-master\\node_modules\\@types\\.lodash-es-WeYc80ft',
307 silly reify   'C:\\Users\\jose\\Downloads\\sistema-colas-master\\sistema-colas-master\\node_modules\\@types\\mapbox__point-geometry': 'C:\\Users\\jose\\Downloads\\sistema-colas-master\\sistema-colas-master\\node_modules\\@types\\.mapbox__point-geometry-p007Bwt2',
307 silly reify   'C:\\Users\\jose\\Downloads\\sistema-colas-master\\sistema-colas-master\\node_modules\\@types\\mapbox__vector-tile': 'C:\\Users\\jose\\Downloads\\sistema-colas-master\\sistema-colas-master\\node_modules\\@types\\.mapbox__vector-tile-0Icc2t7P',
307 silly reify   'C:\\Users\\jose\\Downloads\\sistema-colas-master\\sistema-colas-master\\node_modules\\@types\\node': 'C:\\Users\\jose\\Downloads\\sistema-colas-master\\sistema-colas-master\\node_modules\\@types\\.node-wx0aEDlO',
307 silly reify   'C:\\Users\\jose\\Downloads\\sistema-colas-master\\sistema-colas-master\\node_modules\\@types\\parse-json': 'C:\\Users\\jose\\Downloads\\sistema-colas-master\\sistema-colas-master\\node_modules\\@types\\.parse-json-hZSm9Hj0',
307 silly reify   'C:\\Users\\jose\\Downloads\\sistema-colas-master\\sistema-colas-master\\node_modules\\@types\\pbf': 'C:\\Users\\jose\\Downloads\\sistema-colas-master\\sistema-colas-master\\node_modules\\@types\\.pbf-nJIDgtEs',
307 silly reify   'C:\\Users\\jose\\Downloads\\sistema-colas-master\\sistema-colas-master\\node_modules\\@types\\supercluster': 'C:\\Users\\jose\\Downloads\\sistema-colas-master\\sistema-colas-master\\node_modules\\@types\\.supercluster-8faNubUs',
307 silly reify   'C:\\Users\\jose\\Downloads\\sistema-colas-master\\sistema-colas-master\\node_modules\\@types\\three': 'C:\\Users\\jose\\Downloads\\sistema-colas-master\\sistema-colas-master\\node_modules\\@types\\.three-jeNRrgJR',
307 silly reify   'C:\\Users\\jose\\Downloads\\sistema-colas-master\\sistema-colas-master\\node_modules\\@types\\throttle-debounce': 'C:\\Users\\jose\\Downloads\\sistema-colas-master\\sistema-colas-master\\node_modules\\@types\\.throttle-debounce-JvU5zhGP',
307 silly reify   'C:\\Users\\jose\\Downloads\\sistema-colas-master\\sistema-colas-master\\node_modules\\@types\\topojson-client': 'C:\\Users\\jose\\Downloads\\sistema-colas-master\\sistema-colas-master\\node_modules\\@types\\.topojson-client-ty2lD1pN',
307 silly reify   'C:\\Users\\jose\\Downloads\\sistema-colas-master\\sistema-colas-master\\node_modules\\@types\\topojson': 'C:\\Users\\jose\\Downloads\\sistema-colas-master\\sistema-colas-master\\node_modules\\@types\\.topojson-XPdmRy2r',
307 silly reify   'C:\\Users\\jose\\Downloads\\sistema-colas-master\\sistema-colas-master\\node_modules\\@types\\topojson-server': 'C:\\Users\\jose\\Downloads\\sistema-colas-master\\sistema-colas-master\\node_modules\\@types\\.topojson-server-Nh3S4BHa',
307 silly reify   'C:\\Users\\jose\\Downloads\\sistema-colas-master\\sistema-colas-master\\node_modules\\@types\\topojson-simplify': 'C:\\Users\\jose\\Downloads\\sistema-colas-master\\sistema-colas-master\\node_modules\\@types\\.topojson-simplify-AIWCU2dK',
307 silly reify   'C:\\Users\\jose\\Downloads\\sistema-colas-master\\sistema-colas-master\\node_modules\\@types\\topojson-specification': 'C:\\Users\\jose\\Downloads\\sistema-colas-master\\sistema-colas-master\\node_modules\\@types\\.topojson-specification-pwH4HJZj',
307 silly reify   'C:\\Users\\jose\\Downloads\\sistema-colas-master\\sistema-colas-master\\node_modules\\@types\\web-bluetooth': 'C:\\Users\\jose\\Downloads\\sistema-colas-master\\sistema-colas-master\\node_modules\\@types\\.web-bluetooth-NOFkY6Sb',
307 silly reify   'C:\\Users\\jose\\Downloads\\sistema-colas-master\\sistema-colas-master\\node_modules\\@typescript-eslint\\eslint-plugin': 'C:\\Users\\jose\\Downloads\\sistema-colas-master\\sistema-colas-master\\node_modules\\@typescript-eslint\\.eslint-plugin-Y6uSOpWL',
307 silly reify   'C:\\Users\\jose\\Downloads\\sistema-colas-master\\sistema-colas-master\\node_modules\\@typescript-eslint\\parser': 'C:\\Users\\jose\\Downloads\\sistema-colas-master\\sistema-colas-master\\node_modules\\@typescript-eslint\\.parser-rvLBOyfS',
307 silly reify   'C:\\Users\\jose\\Downloads\\sistema-colas-master\\sistema-colas-master\\node_modules\\@typescript-eslint\\project-service': 'C:\\Users\\jose\\Downloads\\sistema-colas-master\\sistema-colas-master\\node_modules\\@typescript-eslint\\.project-service-iMTspHzl',
307 silly reify   'C:\\Users\\jose\\Downloads\\sistema-colas-master\\sistema-colas-master\\node_modules\\@typescript-eslint\\scope-manager': 'C:\\Users\\jose\\Downloads\\sistema-colas-master\\sistema-colas-master\\node_modules\\@typescript-eslint\\.scope-manager-4KijbR5d',
307 silly reify   'C:\\Users\\jose\\Downloads\\sistema-colas-master\\sistema-colas-master\\node_modules\\@typescript-eslint\\tsconfig-utils': 'C:\\Users\\jose\\Downloads\\sistema-colas-master\\sistema-colas-master\\node_modules\\@typescript-eslint\\.tsconfig-utils-OwJMG9vD',
307 silly reify   'C:\\Users\\jose\\Downloads\\sistema-colas-master\\sistema-colas-master\\node_modules\\@typescript-eslint\\type-utils': 'C:\\Users\\jose\\Downloads\\sistema-colas-master\\sistema-colas-master\\node_modules\\@typescript-eslint\\.type-utils-xJu4GOBG',
307 silly reify   'C:\\Users\\jose\\Downloads\\sistema-colas-master\\sistema-colas-master\\node_modules\\@typescript-eslint\\types': 'C:\\Users\\jose\\Downloads\\sistema-colas-master\\sistema-colas-master\\node_modules\\@typescript-eslint\\.types-sqNWdwcP',
307 silly reify   'C:\\Users\\jose\\Downloads\\sistema-colas-master\\sistema-colas-master\\node_modules\\@typescript-eslint\\typescript-estree': 'C:\\Users\\jose\\Downloads\\sistema-colas-master\\sistema-colas-master\\node_modules\\@typescript-eslint\\.typescript-estree-rWkVrPXu',
307 silly reify   'C:\\Users\\jose\\Downloads\\sistema-colas-master\\sistema-colas-master\\node_modules\\@typescript-eslint\\utils': 'C:\\Users\\jose\\Downloads\\sistema-colas-master\\sistema-colas-master\\node_modules\\@typescript-eslint\\.utils-rbPV1C4Z',
307 silly reify   'C:\\Users\\jose\\Downloads\\sistema-colas-master\\sistema-colas-master\\node_modules\\@typescript-eslint\\visitor-keys': 'C:\\Users\\jose\\Downloads\\sistema-colas-master\\sistema-colas-master\\node_modules\\@typescript-eslint\\.visitor-keys-KlgZOSEH',
307 silly reify   'C:\\Users\\jose\\Downloads\\sistema-colas-master\\sistema-colas-master\\node_modules\\@unovis\\graphlibrary': 'C:\\Users\\jose\\Downloads\\sistema-colas-master\\sistema-colas-master\\node_modules\\@unovis\\.graphlibrary-SJJcEplA',
307 silly reify   'C:\\Users\\jose\\Downloads\\sistema-colas-master\\sistema-colas-master\\node_modules\\@unovis\\dagre-layout': 'C:\\Users\\jose\\Downloads\\sistema-colas-master\\sistema-colas-master\\node_modules\\@unovis\\.dagre-layout-ZNcdPLOa',
307 silly reify   'C:\\Users\\jose\\Downloads\\sistema-colas-master\\sistema-colas-master\\node_modules\\@unovis\\ts': 'C:\\Users\\jose\\Downloads\\sistema-colas-master\\sistema-colas-master\\node_modules\\@unovis\\.ts-H9wAYhm4',
307 silly reify   'C:\\Users\\jose\\Downloads\\sistema-colas-master\\sistema-colas-master\\node_modules\\@unovis\\vue': 'C:\\Users\\jose\\Downloads\\sistema-colas-master\\sistema-colas-master\\node_modules\\@unovis\\.vue-AxYdxypC',
307 silly reify   'C:\\Users\\jose\\Downloads\\sistema-colas-master\\sistema-colas-master\\node_modules\\@vitejs\\plugin-vue': 'C:\\Users\\jose\\Downloads\\sistema-colas-master\\sistema-colas-master\\node_modules\\@vitejs\\.plugin-vue-ybbzc4N2',
307 silly reify   'C:\\Users\\jose\\Downloads\\sistema-colas-master\\sistema-colas-master\\node_modules\\@volar\\language-core': 'C:\\Users\\jose\\Downloads\\sistema-colas-master\\sistema-colas-master\\node_modules\\@volar\\.language-core-aIqgN9Z0',
307 silly reify   'C:\\Users\\jose\\Downloads\\sistema-colas-master\\sistema-colas-master\\node_modules\\@volar\\source-map': 'C:\\Users\\jose\\Downloads\\sistema-colas-master\\sistema-colas-master\\node_modules\\@volar\\.source-map-LL2ZcHaY',
307 silly reify   'C:\\Users\\jose\\Downloads\\sistema-colas-master\\sistema-colas-master\\node_modules\\@volar\\typescript': 'C:\\Users\\jose\\Downloads\\sistema-colas-master\\sistema-colas-master\\node_modules\\@volar\\.typescript-xH7VlXmq',
307 silly reify   'C:\\Users\\jose\\Downloads\\sistema-colas-master\\sistema-colas-master\\node_modules\\@vue\\compiler-core': 'C:\\Users\\jose\\Downloads\\sistema-colas-master\\sistema-colas-master\\node_modules\\@vue\\.compiler-core-T7nOY2Xm',
307 silly reify   'C:\\Users\\jose\\Downloads\\sistema-colas-master\\sistema-colas-master\\node_modules\\@vue\\compiler-dom': 'C:\\Users\\jose\\Downloads\\sistema-colas-master\\sistema-colas-master\\node_modules\\@vue\\.compiler-dom-YWTcks1C',
307 silly reify   'C:\\Users\\jose\\Downloads\\sistema-colas-master\\sistema-colas-master\\node_modules\\@vue\\compiler-sfc': 'C:\\Users\\jose\\Downloads\\sistema-colas-master\\sistema-colas-master\\node_modules\\@vue\\.compiler-sfc-Z11d6yAP',
307 silly reify   'C:\\Users\\jose\\Downloads\\sistema-colas-master\\sistema-colas-master\\node_modules\\@vue\\compiler-ssr': 'C:\\Users\\jose\\Downloads\\sistema-colas-master\\sistema-colas-master\\node_modules\\@vue\\.compiler-ssr-50ETqZof',
307 silly reify   'C:\\Users\\jose\\Downloads\\sistema-colas-master\\sistema-colas-master\\node_modules\\@vue\\compiler-vue2': 'C:\\Users\\jose\\Downloads\\sistema-colas-master\\sistema-colas-master\\node_modules\\@vue\\.compiler-vue2-aDzj1U0U',
307 silly reify   'C:\\Users\\jose\\Downloads\\sistema-colas-master\\sistema-colas-master\\node_modules\\@vue\\eslint-config-typescript': 'C:\\Users\\jose\\Downloads\\sistema-colas-master\\sistema-colas-master\\node_modules\\@vue\\.eslint-config-typescript-0RhJGKOe',
307 silly reify   'C:\\Users\\jose\\Downloads\\sistema-colas-master\\sistema-colas-master\\node_modules\\@vue\\language-core': 'C:\\Users\\jose\\Downloads\\sistema-colas-master\\sistema-colas-master\\node_modules\\@vue\\.language-core-G9RbMKpO',
307 silly reify   'C:\\Users\\jose\\Downloads\\sistema-colas-master\\sistema-colas-master\\node_modules\\@vue\\reactivity': 'C:\\Users\\jose\\Downloads\\sistema-colas-master\\sistema-colas-master\\node_modules\\@vue\\.reactivity-CqpRboOB',
307 silly reify   'C:\\Users\\jose\\Downloads\\sistema-colas-master\\sistema-colas-master\\node_modules\\@vue\\runtime-core': 'C:\\Users\\jose\\Downloads\\sistema-colas-master\\sistema-colas-master\\node_modules\\@vue\\.runtime-core-42YzMDlN',
307 silly reify   'C:\\Users\\jose\\Downloads\\sistema-colas-master\\sistema-colas-master\\node_modules\\@vue\\runtime-dom': 'C:\\Users\\jose\\Downloads\\sistema-colas-master\\sistema-colas-master\\node_modules\\@vue\\.runtime-dom-7XAcQdAY',
307 silly reify   'C:\\Users\\jose\\Downloads\\sistema-colas-master\\sistema-colas-master\\node_modules\\@vue\\server-renderer': 'C:\\Users\\jose\\Downloads\\sistema-colas-master\\sistema-colas-master\\node_modules\\@vue\\.server-renderer-FUDjWmOT',
307 silly reify   'C:\\Users\\jose\\Downloads\\sistema-colas-master\\sistema-colas-master\\node_modules\\@vueuse\\core': 'C:\\Users\\jose\\Downloads\\sistema-colas-master\\sistema-colas-master\\node_modules\\@vueuse\\.core-5sLz4g29',
307 silly reify   'C:\\Users\\jose\\Downloads\\sistema-colas-master\\sistema-colas-master\\node_modules\\@vue\\shared': 'C:\\Users\\jose\\Downloads\\sistema-colas-master\\sistema-colas-master\\node_modules\\@vue\\.shared-QvlDdjLY',
307 silly reify   'C:\\Users\\jose\\Downloads\\sistema-colas-master\\sistema-colas-master\\node_modules\\@vueuse\\metadata': 'C:\\Users\\jose\\Downloads\\sistema-colas-master\\sistema-colas-master\\node_modules\\@vueuse\\.metadata-4Nz4HIhz',
307 silly reify   'C:\\Users\\jose\\Downloads\\sistema-colas-master\\sistema-colas-master\\node_modules\\@vueuse\\shared': 'C:\\Users\\jose\\Downloads\\sistema-colas-master\\sistema-colas-master\\node_modules\\@vueuse\\.shared-0K50gnC1',
307 silly reify   'C:\\Users\\jose\\Downloads\\sistema-colas-master\\sistema-colas-master\\node_modules\\acorn': 'C:\\Users\\jose\\Downloads\\sistema-colas-master\\sistema-colas-master\\node_modules\\.acorn-K5x68xjM',
307 silly reify   'C:\\Users\\jose\\Downloads\\sistema-colas-master\\sistema-colas-master\\node_modules\\.bin\\acorn': 'C:\\Users\\jose\\Downloads\\sistema-colas-master\\sistema-colas-master\\node_modules\\.bin\\.acorn-fuBrT4YK',
307 silly reify   'C:\\Users\\jose\\Downloads\\sistema-colas-master\\sistema-colas-master\\node_modules\\.bin\\acorn.cmd': 'C:\\Users\\jose\\Downloads\\sistema-colas-master\\sistema-colas-master\\node_modules\\.bin\\.acorn.cmd-qyyzpoog',
307 silly reify   'C:\\Users\\jose\\Downloads\\sistema-colas-master\\sistema-colas-master\\node_modules\\.bin\\acorn.ps1': 'C:\\Users\\jose\\Downloads\\sistema-colas-master\\sistema-colas-master\\node_modules\\.bin\\.acorn.ps1-hhuKhT2P',
307 silly reify   'C:\\Users\\jose\\Downloads\\sistema-colas-master\\sistema-colas-master\\node_modules\\cssesc': 'C:\\Users\\jose\\Downloads\\sistema-colas-master\\sistema-colas-master\\node_modules\\.cssesc-fDOC9pWt',
307 silly reify   'C:\\Users\\jose\\Downloads\\sistema-colas-master\\sistema-colas-master\\node_modules\\.bin\\cssesc': 'C:\\Users\\jose\\Downloads\\sistema-colas-master\\sistema-colas-master\\node_modules\\.bin\\.cssesc-sZePgWYH',
307 silly reify   'C:\\Users\\jose\\Downloads\\sistema-colas-master\\sistema-colas-master\\node_modules\\.bin\\cssesc.cmd': 'C:\\Users\\jose\\Downloads\\sistema-colas-master\\sistema-colas-master\\node_modules\\.bin\\.cssesc.cmd-U0XnrZ77',
307 silly reify   'C:\\Users\\jose\\Downloads\\sistema-colas-master\\sistema-colas-master\\node_modules\\.bin\\cssesc.ps1': 'C:\\Users\\jose\\Downloads\\sistema-colas-master\\sistema-colas-master\\node_modules\\.bin\\.cssesc.ps1-IjqSr0lE',
307 silly reify   'C:\\Users\\jose\\Downloads\\sistema-colas-master\\sistema-colas-master\\node_modules\\esbuild': 'C:\\Users\\jose\\Downloads\\sistema-colas-master\\sistema-colas-master\\node_modules\\.esbuild-oryhfwH9',
307 silly reify   'C:\\Users\\jose\\Downloads\\sistema-colas-master\\sistema-colas-master\\node_modules\\.bin\\esbuild': 'C:\\Users\\jose\\Downloads\\sistema-colas-master\\sistema-colas-master\\node_modules\\.bin\\.esbuild-0XffT6WH',
307 silly reify   'C:\\Users\\jose\\Downloads\\sistema-colas-master\\sistema-colas-master\\node_modules\\.bin\\esbuild.cmd': 'C:\\Users\\jose\\Downloads\\sistema-colas-master\\sistema-colas-master\\node_modules\\.bin\\.esbuild.cmd-51y98rbE',
307 silly reify   'C:\\Users\\jose\\Downloads\\sistema-colas-master\\sistema-colas-master\\node_modules\\.bin\\esbuild.ps1': 'C:\\Users\\jose\\Downloads\\sistema-colas-master\\sistema-colas-master\\node_modules\\.bin\\.esbuild.ps1-0KCVEnxN',
307 silly reify   'C:\\Users\\jose\\Downloads\\sistema-colas-master\\sistema-colas-master\\node_modules\\js-yaml': 'C:\\Users\\jose\\Downloads\\sistema-colas-master\\sistema-colas-master\\node_modules\\.js-yaml-oQLEjFJN',
307 silly reify   'C:\\Users\\jose\\Downloads\\sistema-colas-master\\sistema-colas-master\\node_modules\\.bin\\js-yaml': 'C:\\Users\\jose\\Downloads\\sistema-colas-master\\sistema-colas-master\\node_modules\\.bin\\.js-yaml-6JVSMIsw',
307 silly reify   'C:\\Users\\jose\\Downloads\\sistema-colas-master\\sistema-colas-master\\node_modules\\.bin\\js-yaml.cmd': 'C:\\Users\\jose\\Downloads\\sistema-colas-master\\sistema-colas-master\\node_modules\\.bin\\.js-yaml.cmd-M2p4yW3L',
307 silly reify   'C:\\Users\\jose\\Downloads\\sistema-colas-master\\sistema-colas-master\\node_modules\\.bin\\js-yaml.ps1': 'C:\\Users\\jose\\Downloads\\sistema-colas-master\\sistema-colas-master\\node_modules\\.bin\\.js-yaml.ps1-XfIQVXqC',
307 silly reify   'C:\\Users\\jose\\Downloads\\sistema-colas-master\\sistema-colas-master\\node_modules\\jsesc': 'C:\\Users\\jose\\Downloads\\sistema-colas-master\\sistema-colas-master\\node_modules\\.jsesc-4hzdR1p9',
307 silly reify   'C:\\Users\\jose\\Downloads\\sistema-colas-master\\sistema-colas-master\\node_modules\\.bin\\jsesc': 'C:\\Users\\jose\\Downloads\\sistema-colas-master\\sistema-colas-master\\node_modules\\.bin\\.jsesc-vXFpSdZt',
307 silly reify   'C:\\Users\\jose\\Downloads\\sistema-colas-master\\sistema-colas-master\\node_modules\\.bin\\jsesc.cmd': 'C:\\Users\\jose\\Downloads\\sistema-colas-master\\sistema-colas-master\\node_modules\\.bin\\.jsesc.cmd-HYi1WIk8',
307 silly reify   'C:\\Users\\jose\\Downloads\\sistema-colas-master\\sistema-colas-master\\node_modules\\.bin\\jsesc.ps1': 'C:\\Users\\jose\\Downloads\\sistema-colas-master\\sistema-colas-master\\node_modules\\.bin\\.jsesc.ps1-hYodgG1Y',
307 silly reify   'C:\\Users\\jose\\Downloads\\sistema-colas-master\\sistema-colas-master\\node_modules\\nanoid': 'C:\\Users\\jose\\Downloads\\sistema-colas-master\\sistema-colas-master\\node_modules\\.nanoid-feB52Ysa',
307 silly reify   'C:\\Users\\jose\\Downloads\\sistema-colas-master\\sistema-colas-master\\node_modules\\.bin\\nanoid': 'C:\\Users\\jose\\Downloads\\sistema-colas-master\\sistema-colas-master\\node_modules\\.bin\\.nanoid-yvQEvWWV',
307 silly reify   'C:\\Users\\jose\\Downloads\\sistema-colas-master\\sistema-colas-master\\node_modules\\.bin\\nanoid.cmd': 'C:\\Users\\jose\\Downloads\\sistema-colas-master\\sistema-colas-master\\node_modules\\.bin\\.nanoid.cmd-k831D1Yk',
307 silly reify   'C:\\Users\\jose\\Downloads\\sistema-colas-master\\sistema-colas-master\\node_modules\\.bin\\nanoid.ps1': 'C:\\Users\\jose\\Downloads\\sistema-colas-master\\sistema-colas-master\\node_modules\\.bin\\.nanoid.ps1-qQ8cwFok',
307 silly reify   'C:\\Users\\jose\\Downloads\\sistema-colas-master\\sistema-colas-master\\node_modules\\prettier': 'C:\\Users\\jose\\Downloads\\sistema-colas-master\\sistema-colas-master\\node_modules\\.prettier-Bp8jk0gN',
307 silly reify   'C:\\Users\\jose\\Downloads\\sistema-colas-master\\sistema-colas-master\\node_modules\\.bin\\prettier': 'C:\\Users\\jose\\Downloads\\sistema-colas-master\\sistema-colas-master\\node_modules\\.bin\\.prettier-rCHJ4jzD',
307 silly reify   'C:\\Users\\jose\\Downloads\\sistema-colas-master\\sistema-colas-master\\node_modules\\.bin\\prettier.cmd': 'C:\\Users\\jose\\Downloads\\sistema-colas-master\\sistema-colas-master\\node_modules\\.bin\\.prettier.cmd-RjU61XcP',
307 silly reify   'C:\\Users\\jose\\Downloads\\sistema-colas-master\\sistema-colas-master\\node_modules\\.bin\\prettier.ps1': 'C:\\Users\\jose\\Downloads\\sistema-colas-master\\sistema-colas-master\\node_modules\\.bin\\.prettier.ps1-o8FkLJNA',
307 silly reify   'C:\\Users\\jose\\Downloads\\sistema-colas-master\\sistema-colas-master\\node_modules\\resolve': 'C:\\Users\\jose\\Downloads\\sistema-colas-master\\sistema-colas-master\\node_modules\\.resolve-6eCPNv9j',
307 silly reify   'C:\\Users\\jose\\Downloads\\sistema-colas-master\\sistema-colas-master\\node_modules\\.bin\\resolve': 'C:\\Users\\jose\\Downloads\\sistema-colas-master\\sistema-colas-master\\node_modules\\.bin\\.resolve-IwyjpQE6',
307 silly reify   'C:\\Users\\jose\\Downloads\\sistema-colas-master\\sistema-colas-master\\node_modules\\.bin\\resolve.cmd': 'C:\\Users\\jose\\Downloads\\sistema-colas-master\\sistema-colas-master\\node_modules\\.bin\\.resolve.cmd-MZNzVyDr',
307 silly reify   'C:\\Users\\jose\\Downloads\\sistema-colas-master\\sistema-colas-master\\node_modules\\.bin\\resolve.ps1': 'C:\\Users\\jose\\Downloads\\sistema-colas-master\\sistema-colas-master\\node_modules\\.bin\\.resolve.ps1-fOOUCDgS',
307 silly reify   'C:\\Users\\jose\\Downloads\\sistema-colas-master\\sistema-colas-master\\node_modules\\rollup': 'C:\\Users\\jose\\Downloads\\sistema-colas-master\\sistema-colas-master\\node_modules\\.rollup-b8Vf9NvT',
307 silly reify   'C:\\Users\\jose\\Downloads\\sistema-colas-master\\sistema-colas-master\\node_modules\\.bin\\rollup': 'C:\\Users\\jose\\Downloads\\sistema-colas-master\\sistema-colas-master\\node_modules\\.bin\\.rollup-I37d0inV',
307 silly reify   'C:\\Users\\jose\\Downloads\\sistema-colas-master\\sistema-colas-master\\node_modules\\.bin\\rollup.cmd': 'C:\\Users\\jose\\Downloads\\sistema-colas-master\\sistema-colas-master\\node_modules\\.bin\\.rollup.cmd-tomiEKT1',
307 silly reify   'C:\\Users\\jose\\Downloads\\sistema-colas-master\\sistema-colas-master\\node_modules\\.bin\\rollup.ps1': 'C:\\Users\\jose\\Downloads\\sistema-colas-master\\sistema-colas-master\\node_modules\\.bin\\.rollup.ps1-8q1Cnyw0',
307 silly reify   'C:\\Users\\jose\\Downloads\\sistema-colas-master\\sistema-colas-master\\node_modules\\semver': 'C:\\Users\\jose\\Downloads\\sistema-colas-master\\sistema-colas-master\\node_modules\\.semver-9QuT1PE5',
307 silly reify   'C:\\Users\\jose\\Downloads\\sistema-colas-master\\sistema-colas-master\\node_modules\\.bin\\semver': 'C:\\Users\\jose\\Downloads\\sistema-colas-master\\sistema-colas-master\\node_modules\\.bin\\.semver-bXsF49qJ',
307 silly reify   'C:\\Users\\jose\\Downloads\\sistema-colas-master\\sistema-colas-master\\node_modules\\.bin\\semver.cmd': 'C:\\Users\\jose\\Downloads\\sistema-colas-master\\sistema-colas-master\\node_modules\\.bin\\.semver.cmd-o1R5tjYu',
307 silly reify   'C:\\Users\\jose\\Downloads\\sistema-colas-master\\sistema-colas-master\\node_modules\\.bin\\semver.ps1': 'C:\\Users\\jose\\Downloads\\sistema-colas-master\\sistema-colas-master\\node_modules\\.bin\\.semver.ps1-OMIgIUuC',
307 silly reify   'C:\\Users\\jose\\Downloads\\sistema-colas-master\\sistema-colas-master\\node_modules\\tree-kill': 'C:\\Users\\jose\\Downloads\\sistema-colas-master\\sistema-colas-master\\node_modules\\.tree-kill-kGVG1qQM',
307 silly reify   'C:\\Users\\jose\\Downloads\\sistema-colas-master\\sistema-colas-master\\node_modules\\.bin\\tree-kill': 'C:\\Users\\jose\\Downloads\\sistema-colas-master\\sistema-colas-master\\node_modules\\.bin\\.tree-kill-8ldqWbf4',
307 silly reify   'C:\\Users\\jose\\Downloads\\sistema-colas-master\\sistema-colas-master\\node_modules\\.bin\\tree-kill.cmd': 'C:\\Users\\jose\\Downloads\\sistema-colas-master\\sistema-colas-master\\node_modules\\.bin\\.tree-kill.cmd-4UNlRDfu',
307 silly reify   'C:\\Users\\jose\\Downloads\\sistema-colas-master\\sistema-colas-master\\node_modules\\.bin\\tree-kill.ps1': 'C:\\Users\\jose\\Downloads\\sistema-colas-master\\sistema-colas-master\\node_modules\\.bin\\.tree-kill.ps1-ciVR7XKf',
307 silly reify   'C:\\Users\\jose\\Downloads\\sistema-colas-master\\sistema-colas-master\\node_modules\\typescript': 'C:\\Users\\jose\\Downloads\\sistema-colas-master\\sistema-colas-master\\node_modules\\.typescript-XXviA6yd',
307 silly reify   'C:\\Users\\jose\\Downloads\\sistema-colas-master\\sistema-colas-master\\node_modules\\.bin\\tsc': 'C:\\Users\\jose\\Downloads\\sistema-colas-master\\sistema-colas-master\\node_modules\\.bin\\.tsc-UE0fj7Ne',
307 silly reify   'C:\\Users\\jose\\Downloads\\sistema-colas-master\\sistema-colas-master\\node_modules\\.bin\\tsc.cmd': 'C:\\Users\\jose\\Downloads\\sistema-colas-master\\sistema-colas-master\\node_modules\\.bin\\.tsc.cmd-7LUFfhZH',
307 silly reify   'C:\\Users\\jose\\Downloads\\sistema-colas-master\\sistema-colas-master\\node_modules\\.bin\\tsc.ps1': 'C:\\Users\\jose\\Downloads\\sistema-colas-master\\sistema-colas-master\\node_modules\\.bin\\.tsc.ps1-NGQo8ypC',
307 silly reify   'C:\\Users\\jose\\Downloads\\sistema-colas-master\\sistema-colas-master\\node_modules\\.bin\\tsserver': 'C:\\Users\\jose\\Downloads\\sistema-colas-master\\sistema-colas-master\\node_modules\\.bin\\.tsserver-JEediorS',
307 silly reify   'C:\\Users\\jose\\Downloads\\sistema-colas-master\\sistema-colas-master\\node_modules\\.bin\\tsserver.cmd': 'C:\\Users\\jose\\Downloads\\sistema-colas-master\\sistema-colas-master\\node_modules\\.bin\\.tsserver.cmd-Wwnx64R8',
307 silly reify   'C:\\Users\\jose\\Downloads\\sistema-colas-master\\sistema-colas-master\\node_modules\\.bin\\tsserver.ps1': 'C:\\Users\\jose\\Downloads\\sistema-colas-master\\sistema-colas-master\\node_modules\\.bin\\.tsserver.ps1-cBkm7GmQ',
307 silly reify   'C:\\Users\\jose\\Downloads\\sistema-colas-master\\sistema-colas-master\\node_modules\\which': 'C:\\Users\\jose\\Downloads\\sistema-colas-master\\sistema-colas-master\\node_modules\\.which-42251Hti',
307 silly reify   'C:\\Users\\jose\\Downloads\\sistema-colas-master\\sistema-colas-master\\node_modules\\.bin\\node-which': 'C:\\Users\\jose\\Downloads\\sistema-colas-master\\sistema-colas-master\\node_modules\\.bin\\.node-which-kUO1oxVQ',
307 silly reify   'C:\\Users\\jose\\Downloads\\sistema-colas-master\\sistema-colas-master\\node_modules\\.bin\\node-which.cmd': 'C:\\Users\\jose\\Downloads\\sistema-colas-master\\sistema-colas-master\\node_modules\\.bin\\.node-which.cmd-Zdpkt9wA',
307 silly reify   'C:\\Users\\jose\\Downloads\\sistema-colas-master\\sistema-colas-master\\node_modules\\.bin\\node-which.ps1': 'C:\\Users\\jose\\Downloads\\sistema-colas-master\\sistema-colas-master\\node_modules\\.bin\\.node-which.ps1-LJidpodV',
307 silly reify   'C:\\Users\\jose\\Downloads\\sistema-colas-master\\sistema-colas-master\\node_modules\\@babel\\parser': 'C:\\Users\\jose\\Downloads\\sistema-colas-master\\sistema-colas-master\\node_modules\\@babel\\.parser-GJwWuHOf',
307 silly reify   'C:\\Users\\jose\\Downloads\\sistema-colas-master\\sistema-colas-master\\node_modules\\.bin\\parser': 'C:\\Users\\jose\\Downloads\\sistema-colas-master\\sistema-colas-master\\node_modules\\.bin\\.parser-ePeZfdHu',
307 silly reify   'C:\\Users\\jose\\Downloads\\sistema-colas-master\\sistema-colas-master\\node_modules\\.bin\\parser.cmd': 'C:\\Users\\jose\\Downloads\\sistema-colas-master\\sistema-colas-master\\node_modules\\.bin\\.parser.cmd-V632B9dh',
307 silly reify   'C:\\Users\\jose\\Downloads\\sistema-colas-master\\sistema-colas-master\\node_modules\\.bin\\parser.ps1': 'C:\\Users\\jose\\Downloads\\sistema-colas-master\\sistema-colas-master\\node_modules\\.bin\\.parser.ps1-XHSaMyth'
307 silly reify }
308 verbose reify failed optional dependency C:\Users\jose\Downloads\sistema-colas-master\sistema-colas-master\node_modules\@tailwindcss\oxide-wasm32-wasi
309 silly reify mark deleted [
309 silly reify   'C:\\Users\\jose\\Downloads\\sistema-colas-master\\sistema-colas-master\\node_modules\\@tailwindcss\\oxide-wasm32-wasi'
309 silly reify ]
310 silly audit bulk request {
310 silly audit   '@babel/code-frame': [ '7.27.1' ],
310 silly audit   '@babel/generator': [ '7.28.5' ],
310 silly audit   '@babel/helper-globals': [ '7.28.0' ],
310 silly audit   '@babel/helper-module-imports': [ '7.27.1' ],
310 silly audit   '@babel/helper-string-parser': [ '7.27.1' ],
310 silly audit   '@babel/helper-validator-identifier': [ '7.28.5' ],
310 silly audit   '@babel/parser': [ '7.28.5' ],
310 silly audit   '@babel/runtime': [ '7.28.4' ],
310 silly audit   '@babel/template': [ '7.27.2' ],
310 silly audit   '@babel/traverse': [ '7.28.5' ],
310 silly audit   '@babel/types': [ '7.28.5' ],
310 silly audit   '@emotion/babel-plugin': [ '11.13.5' ],
310 silly audit   '@emotion/cache': [ '11.14.0' ],
310 silly audit   '@emotion/css': [ '11.13.5' ],
310 silly audit   '@emotion/hash': [ '0.9.2' ],
310 silly audit   '@emotion/memoize': [ '0.9.0' ],
310 silly audit   '@emotion/serialize': [ '1.3.3' ],
310 silly audit   '@emotion/sheet': [ '1.4.0' ],
310 silly audit   '@emotion/unitless': [ '0.10.0' ],
310 silly audit   '@emotion/utils': [ '1.4.2' ],
310 silly audit   '@emotion/weak-memoize': [ '0.4.0' ],
310 silly audit   '@esbuild/aix-ppc64': [ '0.25.12' ],
310 silly audit   '@esbuild/android-arm': [ '0.25.12' ],
310 silly audit   '@esbuild/android-arm64': [ '0.25.12' ],
310 silly audit   '@esbuild/android-x64': [ '0.25.12' ],
310 silly audit   '@esbuild/darwin-arm64': [ '0.25.12' ],
310 silly audit   '@esbuild/darwin-x64': [ '0.25.12' ],
310 silly audit   '@esbuild/freebsd-arm64': [ '0.25.12' ],
310 silly audit   '@esbuild/freebsd-x64': [ '0.25.12' ],
310 silly audit   '@esbuild/linux-arm': [ '0.25.12' ],
310 silly audit   '@esbuild/linux-arm64': [ '0.25.12' ],
310 silly audit   '@esbuild/linux-ia32': [ '0.25.12' ],
310 silly audit   '@esbuild/linux-loong64': [ '0.25.12' ],
310 silly audit   '@esbuild/linux-mips64el': [ '0.25.12' ],
310 silly audit   '@esbuild/linux-ppc64': [ '0.25.12' ],
310 silly audit   '@esbuild/linux-riscv64': [ '0.25.12' ],
310 silly audit   '@esbuild/linux-s390x': [ '0.25.12' ],
310 silly audit   '@esbuild/linux-x64': [ '0.25.12' ],
310 silly audit   '@esbuild/netbsd-arm64': [ '0.25.12' ],
310 silly audit   '@esbuild/netbsd-x64': [ '0.25.12' ],
310 silly audit   '@esbuild/openbsd-arm64': [ '0.25.12' ],
310 silly audit   '@esbuild/openbsd-x64': [ '0.25.12' ],
310 silly audit   '@esbuild/openharmony-arm64': [ '0.25.12' ],
310 silly audit   '@esbuild/sunos-x64': [ '0.25.12' ],
310 silly audit   '@esbuild/win32-arm64': [ '0.25.12' ],
310 silly audit   '@esbuild/win32-ia32': [ '0.25.12' ],
310 silly audit   '@esbuild/win32-x64': [ '0.25.12' ],
310 silly audit   '@eslint-community/eslint-utils': [ '4.9.0' ],
310 silly audit   '@eslint-community/regexpp': [ '4.12.2' ],
310 silly audit   '@eslint/config-array': [ '0.21.1' ],
310 silly audit   'brace-expansion': [ '1.1.12', '2.0.2' ],
310 silly audit   minimatch: [ '3.1.2', '9.0.5' ],
310 silly audit   '@eslint/config-helpers': [ '0.4.2' ],
310 silly audit   '@eslint/core': [ '0.17.0' ],
310 silly audit   '@eslint/eslintrc': [ '3.3.3' ],
310 silly audit   '@eslint/js': [ '9.39.1' ],
310 silly audit   '@eslint/object-schema': [ '2.1.7' ],
310 silly audit   '@eslint/plugin-kit': [ '0.4.1' ],
310 silly audit   '@floating-ui/core': [ '1.7.3' ],
310 silly audit   '@floating-ui/dom': [ '1.7.4' ],
310 silly audit   '@floating-ui/utils': [ '0.2.10' ],
310 silly audit   '@floating-ui/vue': [ '1.1.9' ],
310 silly audit   'vue-demi': [ '0.14.10' ],
310 silly audit   '@humanfs/core': [ '0.19.1' ],
310 silly audit   '@humanfs/node': [ '0.16.7' ],
310 silly audit   '@humanwhocodes/module-importer': [ '1.0.1' ],
310 silly audit   '@humanwhocodes/retry': [ '0.4.3' ],
310 silly audit   '@inertiajs/core': [ '2.2.19' ],
310 silly audit   '@inertiajs/vue3': [ '2.2.19' ],
310 silly audit   '@internationalized/date': [ '3.10.0' ],
310 silly audit   '@internationalized/number': [ '3.6.5' ],
310 silly audit   '@jridgewell/gen-mapping': [ '0.3.13' ],
310 silly audit   '@jridgewell/remapping': [ '2.3.5' ],
310 silly audit   '@jridgewell/resolve-uri': [ '3.1.2' ],
310 silly audit   '@jridgewell/sourcemap-codec': [ '1.5.5' ],
310 silly audit   '@jridgewell/trace-mapping': [ '0.3.31' ],
310 silly audit   '@juggle/resize-observer': [ '3.4.0' ],
310 silly audit   '@laravel/echo-vue': [ '2.3.0' ],
310 silly audit   '@laravel/vite-plugin-wayfinder': [ '0.1.7' ],
310 silly audit   '@mapbox/geojson-rewind': [ '0.5.2' ],
310 silly audit   '@mapbox/jsonlint-lines-primitives': [ '2.0.2' ],
310 silly audit   '@mapbox/mapbox-gl-supported': [ '2.0.1' ],
310 silly audit   '@mapbox/point-geometry': [ '0.1.0' ],
310 silly audit   '@mapbox/tiny-sdf': [ '2.0.7' ],
310 silly audit   '@mapbox/unitbezier': [ '0.0.1' ],
310 silly audit   '@mapbox/vector-tile': [ '1.3.1' ],
310 silly audit   '@mapbox/whoots-js': [ '3.1.0' ],
310 silly audit   '@nodelib/fs.scandir': [ '2.1.5' ],
310 silly audit   '@nodelib/fs.stat': [ '2.0.5' ],
310 silly audit   '@nodelib/fs.walk': [ '1.2.8' ],
310 silly audit   '@rolldown/pluginutils': [ '1.0.0-beta.50' ],
310 silly audit   '@rollup/rollup-android-arm-eabi': [ '4.53.3' ],
310 silly audit   '@rollup/rollup-android-arm64': [ '4.53.3' ],
310 silly audit   '@rollup/rollup-darwin-arm64': [ '4.53.3' ],
310 silly audit   '@rollup/rollup-darwin-x64': [ '4.53.3' ],
310 silly audit   '@rollup/rollup-freebsd-arm64': [ '4.53.3' ],
310 silly audit   '@rollup/rollup-freebsd-x64': [ '4.53.3' ],
310 silly audit   '@rollup/rollup-linux-arm-gnueabihf': [ '4.53.3' ],
310 silly audit   '@rollup/rollup-linux-arm-musleabihf': [ '4.53.3' ],
310 silly audit   '@rollup/rollup-linux-arm64-gnu': [ '4.53.3' ],
310 silly audit   '@rollup/rollup-linux-arm64-musl': [ '4.53.3' ],
310 silly audit   '@rollup/rollup-linux-loong64-gnu': [ '4.53.3' ],
310 silly audit   '@rollup/rollup-linux-ppc64-gnu': [ '4.53.3' ],
310 silly audit   '@rollup/rollup-linux-riscv64-gnu': [ '4.53.3' ],
310 silly audit   '@rollup/rollup-linux-riscv64-musl': [ '4.53.3' ],
310 silly audit   '@rollup/rollup-linux-s390x-gnu': [ '4.53.3' ],
310 silly audit   '@rollup/rollup-linux-x64-gnu': [ '4.9.5', '4.53.3' ],
310 silly audit   '@rollup/rollup-linux-x64-musl': [ '4.53.3' ],
310 silly audit   '@rollup/rollup-openharmony-arm64': [ '4.53.3' ],
310 silly audit   '@rollup/rollup-win32-arm64-msvc': [ '4.53.3' ],
310 silly audit   '@rollup/rollup-win32-ia32-msvc': [ '4.53.3' ],
310 silly audit   '@rollup/rollup-win32-x64-gnu': [ '4.53.3' ],
310 silly audit   '@rollup/rollup-win32-x64-msvc': [ '4.9.5', '4.53.3' ],
310 silly audit   '@socket.io/component-emitter': [ '3.1.2' ],
310 silly audit   '@swc/helpers': [ '0.5.17' ],
310 silly audit   '@tailwindcss/node': [ '4.1.17' ],
310 silly audit   '@tailwindcss/oxide': [ '4.1.17' ],
310 silly audit   '@tailwindcss/oxide-android-arm64': [ '4.1.17' ],
310 silly audit   '@tailwindcss/oxide-darwin-arm64': [ '4.1.17' ],
310 silly audit   '@tailwindcss/oxide-darwin-x64': [ '4.1.17' ],
310 silly audit   '@tailwindcss/oxide-freebsd-x64': [ '4.1.17' ],
310 silly audit   '@tailwindcss/oxide-linux-arm-gnueabihf': [ '4.1.17' ],
310 silly audit   '@tailwindcss/oxide-linux-arm64-gnu': [ '4.1.17' ],
310 silly audit   '@tailwindcss/oxide-linux-arm64-musl': [ '4.1.17' ],
310 silly audit   '@tailwindcss/oxide-linux-x64-gnu': [ '4.1.17' ],
310 silly audit   '@tailwindcss/oxide-linux-x64-musl': [ '4.1.17' ],
310 silly audit   '@tailwindcss/oxide-win32-arm64-msvc': [ '4.1.17' ],
310 silly audit   '@tailwindcss/oxide-win32-x64-msvc': [ '4.1.17' ],
310 silly audit   '@tailwindcss/vite': [ '4.1.17' ],
310 silly audit   '@tanstack/table-core': [ '8.21.3' ],
310 silly audit   '@tanstack/virtual-core': [ '3.13.13' ],
310 silly audit   '@tanstack/vue-table': [ '8.21.3' ],
310 silly audit   '@tanstack/vue-virtual': [ '3.13.13' ],
310 silly audit   '@types/d3': [ '7.4.3' ],
310 silly audit   '@types/d3-array': [ '3.2.2' ],
310 silly audit   '@types/d3-axis': [ '3.0.6' ],
310 silly audit   '@types/d3-brush': [ '3.0.6' ],
310 silly audit   '@types/d3-chord': [ '3.0.6' ],
310 silly audit   '@types/d3-collection': [ '1.0.13' ],
310 silly audit   '@types/d3-color': [ '3.1.3' ],
310 silly audit   '@types/d3-contour': [ '3.0.6' ],
310 silly audit   '@types/d3-delaunay': [ '6.0.4' ],
310 silly audit   '@types/d3-dispatch': [ '3.0.7' ],
310 silly audit   '@types/d3-drag': [ '3.0.7' ],
310 silly audit   '@types/d3-dsv': [ '3.0.7' ],
310 silly audit   '@types/d3-ease': [ '3.0.2' ],
310 silly audit   '@types/d3-fetch': [ '3.0.7' ],
310 silly audit   '@types/d3-force': [ '3.0.10' ],
310 silly audit   '@types/d3-format': [ '3.0.4' ],
310 silly audit   '@types/d3-geo': [ '3.1.0' ],
310 silly audit   '@types/d3-hierarchy': [ '3.1.7' ],
310 silly audit   '@types/d3-interpolate': [ '3.0.4' ],
310 silly audit   '@types/d3-path': [ '3.1.1', '1.0.11' ],
310 silly audit   '@types/d3-polygon': [ '3.0.2' ],
310 silly audit   '@types/d3-quadtree': [ '3.0.6' ],
310 silly audit   '@types/d3-random': [ '3.0.3' ],
310 silly audit   '@types/d3-sankey': [ '0.11.2' ],
310 silly audit   '@types/d3-shape': [ '1.3.12', '3.1.7' ],
310 silly audit   '@types/d3-scale': [ '4.0.9' ],
310 silly audit   '@types/d3-scale-chromatic': [ '3.1.0' ],
310 silly audit   '@types/d3-selection': [ '3.0.11' ],
310 silly audit   '@types/d3-time': [ '3.0.4' ],
310 silly audit   '@types/d3-time-format': [ '4.0.3' ],
310 silly audit   '@types/d3-timer': [ '3.0.2' ],
310 silly audit   '@types/d3-transition': [ '3.0.9' ],
310 silly audit   '@types/d3-zoom': [ '3.0.8' ],
310 silly audit   '@types/dagre': [ '0.7.53' ],
310 silly audit   '@types/estree': [ '1.0.8' ],
310 silly audit   '@types/geojson': [ '7946.0.16' ],
310 silly audit   '@types/json-schema': [ '7.0.15' ],
310 silly audit   '@types/leaflet': [ '1.7.6' ],
310 silly audit   '@types/lodash': [ '4.17.21' ],
310 silly audit   '@types/lodash-es': [ '4.17.12' ],
310 silly audit   '@types/mapbox__point-geometry': [ '0.1.4' ],
310 silly audit   '@types/mapbox__vector-tile': [ '1.3.4' ],
310 silly audit   '@types/node': [ '22.19.1' ],
310 silly audit   '@types/parse-json': [ '4.0.2' ],
310 silly audit   '@types/pbf': [ '3.0.5' ],
310 silly audit   '@types/supercluster': [ '5.0.3' ],
310 silly audit   '@types/three': [ '0.135.0' ],
310 silly audit   '@types/throttle-debounce': [ '5.0.2' ],
310 silly audit   '@types/topojson': [ '3.2.6' ],
310 silly audit   '@types/topojson-client': [ '3.1.5' ],
310 silly audit   '@types/topojson-server': [ '3.0.4' ],
310 silly audit   '@types/topojson-simplify': [ '3.0.3' ],
310 silly audit   '@types/topojson-specification': [ '1.0.5' ],
310 silly audit   '@types/web-bluetooth': [ '0.0.21', '0.0.20' ],
310 silly audit   '@typescript-eslint/eslint-plugin': [ '8.48.1' ],
310 silly audit   ignore: [ '7.0.5', '5.3.2' ],
310 silly audit   '@typescript-eslint/parser': [ '8.48.1' ],
310 silly audit   '@typescript-eslint/project-service': [ '8.48.1' ],
310 silly audit   '@typescript-eslint/scope-manager': [ '8.48.1' ],
310 silly audit   '@typescript-eslint/tsconfig-utils': [ '8.48.1' ],
310 silly audit   '@typescript-eslint/type-utils': [ '8.48.1' ],
310 silly audit   '@typescript-eslint/types': [ '8.48.1' ],
310 silly audit   '@typescript-eslint/typescript-estree': [ '8.48.1' ],
310 silly audit   '@typescript-eslint/utils': [ '8.48.1' ],
310 silly audit   '@typescript-eslint/visitor-keys': [ '8.48.1' ],
310 silly audit   'eslint-visitor-keys': [ '4.2.1', '3.4.3' ],
310 silly audit   '@unovis/dagre-layout': [ '0.8.8-2' ],
310 silly audit   '@unovis/graphlibrary': [ '2.2.0-2' ],
310 silly audit   '@unovis/ts': [ '1.6.2' ],
310 silly audit   '@unovis/vue': [ '1.6.2' ],
310 silly audit   '@vitejs/plugin-vue': [ '6.0.2' ],
310 silly audit   '@volar/language-core': [ '2.4.15' ],
310 silly audit   '@volar/source-map': [ '2.4.15' ],
310 silly audit   '@volar/typescript': [ '2.4.15' ],
310 silly audit   '@vue/compiler-core': [ '3.5.25' ],
310 silly audit   '@vue/compiler-dom': [ '3.5.25' ],
310 silly audit   '@vue/compiler-sfc': [ '3.5.25' ],
310 silly audit   '@vue/compiler-ssr': [ '3.5.25' ],
310 silly audit   '@vue/compiler-vue2': [ '2.7.16' ],
310 silly audit   '@vue/eslint-config-typescript': [ '14.6.0' ],
310 silly audit   '@vue/language-core': [ '2.2.12' ],
310 silly audit   '@vue/reactivity': [ '3.5.25' ],
310 silly audit   '@vue/runtime-core': [ '3.5.25' ],
310 silly audit   '@vue/runtime-dom': [ '3.5.25' ],
310 silly audit   '@vue/server-renderer': [ '3.5.25' ],
310 silly audit   '@vue/shared': [ '3.5.25' ],
310 silly audit   '@vueuse/core': [ '12.8.2', '10.11.1' ],
310 silly audit   '@vueuse/metadata': [ '12.8.2', '10.11.1' ],
310 silly audit   '@vueuse/shared': [ '12.8.2', '10.11.1' ],
310 silly audit   acorn: [ '8.15.0' ],
310 silly audit   'acorn-jsx': [ '5.3.2' ],
310 silly audit   ajv: [ '6.12.6' ],
310 silly audit   'alien-signals': [ '1.0.13' ],
310 silly audit   'ansi-regex': [ '5.0.1' ],
310 silly audit   'ansi-styles': [ '4.3.0' ],
310 silly audit   argparse: [ '2.0.1' ],
310 silly audit   'aria-hidden': [ '1.2.6' ],
310 silly audit   asynckit: [ '0.4.0' ],
310 silly audit   axios: [ '1.13.2' ],
310 silly audit   'babel-plugin-macros': [ '3.1.0' ],
310 silly audit   'balanced-match': [ '1.0.2' ],
310 silly audit   boolbase: [ '1.0.0' ],
310 silly audit   braces: [ '3.0.3' ],
310 silly audit   'call-bind-apply-helpers': [ '1.0.2' ],
310 silly audit   'call-bound': [ '1.0.4' ],
310 silly audit   callsites: [ '3.1.0' ],
310 silly audit   chalk: [ '4.1.2' ],
310 silly audit   'supports-color': [ '7.2.0', '8.1.1' ],
310 silly audit   'class-variance-authority': [ '0.7.1' ],
310 silly audit   cliui: [ '8.0.1' ],
310 silly audit   clsx: [ '2.1.1' ],
310 silly audit   'color-convert': [ '2.0.1' ],
310 silly audit   'color-name': [ '1.1.4' ],
310 silly audit   'combined-stream': [ '1.0.8' ],
310 silly audit   commander: [ '7.2.0', '2.20.3' ],
310 silly audit   'concat-map': [ '0.0.1' ],
310 silly audit   concurrently: [ '9.2.1' ],
310 silly audit   'convert-source-map': [ '1.9.0' ],
310 silly audit   cosmiconfig: [ '7.1.0' ],
310 silly audit   yaml: [ '1.10.2' ],
310 silly audit   'cross-spawn': [ '7.0.6' ],
310 silly audit   csscolorparser: [ '1.0.3' ],
310 silly audit   cssesc: [ '3.0.0' ],
310 silly audit   csstype: [ '3.2.3' ],
310 silly audit   d3: [ '7.9.0' ],
310 silly audit   'd3-array': [ '3.2.4', '2.12.1' ],
310 silly audit   'd3-axis': [ '3.0.0' ],
310 silly audit   'd3-brush': [ '3.0.0' ],
310 silly audit   'd3-chord': [ '3.0.1' ],
310 silly audit   'd3-collection': [ '1.0.7' ],
310 silly audit   'd3-color': [ '3.1.0' ],
310 silly audit   'd3-contour': [ '4.0.2' ],
310 silly audit   'd3-delaunay': [ '6.0.4' ],
310 silly audit   'd3-dispatch': [ '3.0.1' ],
310 silly audit   'd3-drag': [ '3.0.0' ],
310 silly audit   'd3-dsv': [ '3.0.1' ],
310 silly audit   'd3-ease': [ '3.0.1' ],
310 silly audit   'd3-fetch': [ '3.0.1' ],
310 silly audit   'd3-force': [ '3.0.0' ],
310 silly audit   'd3-format': [ '3.1.0' ],
310 silly audit   'd3-geo': [ '3.1.1' ],
310 silly audit   'd3-geo-projection': [ '4.0.0' ],
310 silly audit   'd3-hierarchy': [ '3.1.2' ],
310 silly audit   'd3-interpolate': [ '3.0.1' ],
310 silly audit   'd3-interpolate-path': [ '2.3.0' ],
310 silly audit   'd3-path': [ '3.1.0', '1.0.9' ],
310 silly audit   'd3-polygon': [ '3.0.1' ],
310 silly audit   'd3-quadtree': [ '3.0.1' ],
310 silly audit   'd3-random': [ '3.0.1' ],
310 silly audit   'd3-sankey': [ '0.12.3' ],
310 silly audit   'd3-shape': [ '1.3.7', '3.2.0' ],
310 silly audit   internmap: [ '1.0.1', '2.0.3' ],
310 silly audit   'd3-scale': [ '4.0.2' ],
310 silly audit   'd3-scale-chromatic': [ '3.1.0' ],
310 silly audit   'd3-selection': [ '3.0.0' ],
310 silly audit   'd3-time': [ '3.1.0' ],
310 silly audit   'd3-time-format': [ '4.1.0' ],
310 silly audit   'd3-timer': [ '3.0.1' ],
310 silly audit   'd3-transition': [ '3.0.1' ],
310 silly audit   'd3-zoom': [ '3.0.0' ],
310 silly audit   'date-fns': [ '4.1.0' ],
310 silly audit   'de-indent': [ '1.0.2' ],
310 silly audit   debug: [ '4.4.3' ],
310 silly audit   'deep-is': [ '0.1.4' ],
310 silly audit   defu: [ '6.1.4' ],
310 silly audit   delaunator: [ '5.0.1' ],
310 silly audit   'delayed-stream': [ '1.0.0' ],
310 silly audit   'detect-libc': [ '2.1.2' ],
310 silly audit   'dunder-proto': [ '1.0.1' ],
310 silly audit   earcut: [ '2.2.4' ],
310 silly audit   elkjs: [ '0.10.2' ],
310 silly audit   'emoji-regex': [ '8.0.0' ],
310 silly audit   'engine.io-client': [ '6.6.4' ],
310 silly audit   'engine.io-parser': [ '5.2.3' ],
310 silly audit   'enhanced-resolve': [ '5.18.3' ],
310 silly audit   entities: [ '4.5.0' ],
310 silly audit   'error-ex': [ '1.3.4' ],
310 silly audit   'es-define-property': [ '1.0.1' ],
310 silly audit   'es-errors': [ '1.3.0' ],
310 silly audit   'es-object-atoms': [ '1.1.1' ],
310 silly audit   'es-set-tostringtag': [ '2.1.0' ],
310 silly audit   esbuild: [ '0.25.12' ],
310 silly audit   escalade: [ '3.2.0' ],
310 silly audit   'escape-string-regexp': [ '4.0.0' ],
310 silly audit   eslint: [ '9.39.1' ],
310 silly audit   'eslint-config-prettier': [ '10.1.8' ],
310 silly audit   'eslint-plugin-vue': [ '9.33.0' ],
310 silly audit   'eslint-scope': [ '7.2.2', '8.4.0' ],
310 silly audit   espree: [ '9.6.1', '10.4.0' ],
310 silly audit   globals: [ '13.24.0', '14.0.0' ],
310 silly audit   'vue-eslint-parser': [ '9.4.3', '10.2.0' ],
310 silly audit   esquery: [ '1.6.0' ],
310 silly audit   esrecurse: [ '4.3.0' ],
310 silly audit   estraverse: [ '5.3.0' ],
310 silly audit   'estree-walker': [ '2.0.2' ],
310 silly audit   esutils: [ '2.0.3' ],
310 silly audit   'fast-deep-equal': [ '3.1.3' ],
310 silly audit   'fast-glob': [ '3.3.3' ],
310 silly audit   'glob-parent': [ '5.1.2', '6.0.2' ],
310 silly audit   'fast-json-stable-stringify': [ '2.1.0' ],
310 silly audit   'fast-levenshtein': [ '2.0.6' ],
310 silly audit   fastq: [ '1.19.1' ],
310 silly audit   'file-entry-cache': [ '8.0.0' ],
310 silly audit   'fill-range': [ '7.1.1' ],
310 silly audit   'find-root': [ '1.1.0' ],
310 silly audit   'find-up': [ '5.0.0' ],
310 silly audit   'flat-cache': [ '4.0.1' ],
310 silly audit   flatted: [ '3.3.3' ],
310 silly audit   'follow-redirects': [ '1.15.11' ],
310 silly audit   'form-data': [ '4.0.5' ],
310 silly audit   fsevents: [ '2.3.3' ],
310 silly audit   'function-bind': [ '1.1.2' ],
310 silly audit   geojson: [ '0.5.0' ],
310 silly audit   'geojson-vt': [ '3.2.1' ],
310 silly audit   'get-caller-file': [ '2.0.5' ],
310 silly audit   'get-intrinsic': [ '1.3.0' ],
310 silly audit   'get-proto': [ '1.0.1' ],
310 silly audit   'get-stream': [ '6.0.1' ],
310 silly audit   'gl-matrix': [ '3.4.4' ],
310 silly audit   'global-prefix': [ '3.0.0' ],
310 silly audit   which: [ '1.3.1', '2.0.2' ],
310 silly audit   gopd: [ '1.2.0' ],
310 silly audit   'graceful-fs': [ '4.2.11' ],
310 silly audit   graphemer: [ '1.4.0' ],
310 silly audit   'has-flag': [ '4.0.0' ],
310 silly audit   'has-symbols': [ '1.1.0' ],
310 silly audit   'has-tostringtag': [ '1.0.2' ],
310 silly audit   hasown: [ '2.0.2' ],
310 silly audit   he: [ '1.2.0' ],
310 silly audit   'iconv-lite': [ '0.6.3' ],
310 silly audit   ieee754: [ '1.2.1' ],
310 silly audit   'import-fresh': [ '3.3.1' ],
310 silly audit   imurmurhash: [ '0.1.4' ],
310 silly audit   ini: [ '1.3.8' ],
310 silly audit   'is-arrayish': [ '0.2.1' ],
310 silly audit   'is-core-module': [ '2.16.1' ],
310 silly audit   'is-extglob': [ '2.1.1' ],
310 silly audit   'is-fullwidth-code-point': [ '3.0.0' ],
310 silly audit   'is-glob': [ '4.0.3' ],
310 silly audit   'is-number': [ '7.0.0' ],
310 silly audit   isexe: [ '2.0.0' ],
310 silly audit   jiti: [ '2.6.1' ],
310 silly audit   'js-tokens': [ '4.0.0' ],
310 silly audit   'js-yaml': [ '4.1.1' ],
310 silly audit   jsesc: [ '3.1.0' ],
310 silly audit   'json-buffer': [ '3.0.1' ],
310 silly audit   'json-parse-even-better-errors': [ '2.3.1' ],
310 silly audit   'json-schema-traverse': [ '0.4.1' ],
310 silly audit   'json-stable-stringify-without-jsonify': [ '1.0.1' ],
310 silly audit   kdbush: [ '3.0.0' ],
310 silly audit   keyv: [ '4.5.4' ],
310 silly audit   'kind-of': [ '6.0.3' ],
310 silly audit   'laravel-echo': [ '2.3.0' ],
310 silly audit   'laravel-vite-plugin': [ '2.0.1' ],
310 silly audit   leaflet: [ '1.7.1' ],
310 silly audit   levn: [ '0.4.1' ],
310 silly audit   lightningcss: [ '1.30.2' ],
310 silly audit   'lightningcss-android-arm64': [ '1.30.2' ],
310 silly audit   'lightningcss-darwin-arm64': [ '1.30.2' ],
310 silly audit   'lightningcss-darwin-x64': [ '1.30.2' ],
310 silly audit   'lightningcss-freebsd-x64': [ '1.30.2' ],
310 silly audit   'lightningcss-linux-arm-gnueabihf': [ '1.30.2' ],
310 silly audit   'lightningcss-linux-arm64-gnu': [ '1.30.2' ],
310 silly audit   'lightningcss-linux-arm64-musl': [ '1.30.2' ],
310 silly audit   'lightningcss-linux-x64-gnu': [ '1.30.2' ],
310 silly audit   'lightningcss-linux-x64-musl': [ '1.30.2' ],
310 silly audit   'lightningcss-win32-arm64-msvc': [ '1.30.2' ],
310 silly audit   'lightningcss-win32-x64-msvc': [ '1.30.2' ],
310 silly audit   'lines-and-columns': [ '1.2.4' ],
310 silly audit   'locate-path': [ '6.0.0' ],
310 silly audit   lodash: [ '4.17.21' ],
310 silly audit   'lodash-es': [ '4.17.21' ],
310 silly audit   'lodash.merge': [ '4.6.2' ],
310 silly audit   'lucide-vue-next': [ '0.468.0' ],
310 silly audit   'magic-string': [ '0.30.21' ],
310 silly audit   'maplibre-gl': [ '2.4.0' ],
310 silly audit   'math-intrinsics': [ '1.1.0' ],
310 silly audit   merge2: [ '1.4.1' ],
310 silly audit   micromatch: [ '4.0.8' ],
310 silly audit   'mime-db': [ '1.52.0' ],
310 silly audit   'mime-types': [ '2.1.35' ],
310 silly audit   minimist: [ '1.2.8' ],
310 silly audit   ms: [ '2.1.3' ],
310 silly audit   'muggle-string': [ '0.4.1' ],
310 silly audit   'murmurhash-js': [ '1.0.0' ],
310 silly audit   nanoid: [ '3.3.11', '5.1.6' ],
310 silly audit   'natural-compare': [ '1.4.0' ],
310 silly audit   'nth-check': [ '2.1.1' ],
310 silly audit   'object-inspect': [ '1.13.4' ],
310 silly audit   ohash: [ '2.0.11' ],
310 silly audit   optionator: [ '0.9.4' ],
310 silly audit   'p-limit': [ '3.1.0' ],
310 silly audit   'p-locate': [ '5.0.0' ],
310 silly audit   'parent-module': [ '1.0.1' ],
310 silly audit   'parse-json': [ '5.2.0' ],
310 silly audit   'parse-unit': [ '1.0.1' ],
310 silly audit   'path-browserify': [ '1.0.1' ],
310 silly audit   'path-exists': [ '4.0.0' ],
310 silly audit   'path-key': [ '3.1.1' ],
310 silly audit   'path-parse': [ '1.0.7' ],
310 silly audit   'path-type': [ '4.0.0' ],
310 silly audit   pbf: [ '3.3.0' ],
310 silly audit   picocolors: [ '1.1.1' ],
310 silly audit   picomatch: [ '2.3.1', '4.0.3' ],
310 silly audit   postcss: [ '8.5.6' ],
310 silly audit   'postcss-selector-parser': [ '6.1.2' ],
310 silly audit   potpack: [ '1.0.2' ],
310 silly audit   'prelude-ls': [ '1.2.1' ],
310 silly audit   prettier: [ '3.7.4' ],
310 silly audit   'prettier-plugin-organize-imports': [ '4.3.0' ],
310 silly audit   'prettier-plugin-tailwindcss': [ '0.6.14' ],
310 silly audit   'protocol-buffers-schema': [ '3.6.0' ],
310 silly audit   'proxy-from-env': [ '1.1.0' ],
310 silly audit   punycode: [ '2.3.1' ],
310 silly audit   'pusher-js': [ '8.4.0' ],
310 silly audit   qs: [ '6.14.1' ],
310 silly audit   'queue-microtask': [ '1.2.3' ],
310 silly audit   quickselect: [ '2.0.0' ],
310 silly audit   'radix-vue': [ '1.9.17' ],
310 silly audit   'reka-ui': [ '2.7.0' ],
310 silly audit   'require-directory': [ '2.1.1' ],
310 silly audit   resolve: [ '1.22.11' ],
310 silly audit   'resolve-from': [ '4.0.0' ],
310 silly audit   'resolve-protobuf-schema': [ '2.1.0' ],
310 silly audit   reusify: [ '1.1.0' ],
310 silly audit   'robust-predicates': [ '3.0.2' ],
310 silly audit   rollup: [ '4.53.3' ],
310 silly audit   'run-parallel': [ '1.2.0' ],
310 silly audit   rw: [ '1.3.3' ],
310 silly audit   rxjs: [ '7.8.2' ],
310 silly audit   'safer-buffer': [ '2.1.2' ],
310 silly audit   semver: [ '7.7.3' ],
310 silly audit   'shebang-command': [ '2.0.0' ],
310 silly audit   'shebang-regex': [ '3.0.0' ],
310 silly audit   'shell-quote': [ '1.8.3' ],
310 silly audit   'side-channel': [ '1.1.0' ],
310 silly audit   'side-channel-list': [ '1.0.0' ],
310 silly audit   'side-channel-map': [ '1.0.1' ],
310 silly audit   'side-channel-weakmap': [ '1.0.2' ],
310 silly audit   'socket.io-client': [ '4.8.3' ],
310 silly audit   'socket.io-parser': [ '4.2.5' ],
310 silly audit   'source-map': [ '0.5.7' ],
310 silly audit   'source-map-js': [ '1.2.1' ],
310 silly audit   'string-width': [ '4.2.3' ],
310 silly audit   'strip-ansi': [ '6.0.1' ],
310 silly audit   'strip-json-comments': [ '3.1.1' ],
310 silly audit   striptags: [ '3.2.0' ],
310 silly audit   stylis: [ '4.2.0' ],
310 silly audit   supercluster: [ '7.1.5' ],
310 silly audit   'supports-preserve-symlinks-flag': [ '1.0.0' ],
310 silly audit   'tailwind-merge': [ '3.4.0' ],
310 silly audit   tailwindcss: [ '4.1.17' ],
310 silly audit   tapable: [ '2.3.0' ],
310 silly audit   three: [ '0.135.0' ],
310 silly audit   'throttle-debounce': [ '5.0.2' ],
310 silly audit   tinyglobby: [ '0.2.15' ],
310 silly audit   fdir: [ '6.5.0' ],
310 silly audit   tinyqueue: [ '2.0.3' ],
310 silly audit   'to-px': [ '1.1.0' ],
310 silly audit   'to-regex-range': [ '5.0.1' ],
310 silly audit   'topojson-client': [ '3.1.0' ],
310 silly audit   'tree-kill': [ '1.2.2' ],
310 silly audit   'ts-api-utils': [ '2.1.0' ],
310 silly audit   tslib: [ '2.8.1' ],
310 silly audit   'tw-animate-css': [ '1.4.0' ],
310 silly audit   tweetnacl: [ '1.0.3' ],
310 silly audit   'type-check': [ '0.4.0' ],
310 silly audit   'type-fest': [ '0.20.2' ],
310 silly audit   typescript: [ '5.9.3' ],
310 silly audit   'typescript-eslint': [ '8.48.1' ],
310 silly audit   'undici-types': [ '6.21.0' ],
310 silly audit   'uri-js': [ '4.4.1' ],
310 silly audit   'util-deprecate': [ '1.0.2' ],
310 silly audit   vite: [ '7.2.7' ],
310 silly audit   'vite-plugin-full-reload': [ '1.2.0' ],
310 silly audit   'vscode-uri': [ '3.1.0' ],
310 silly audit   'vt-pbf': [ '3.1.3' ],
310 silly audit   vue: [ '3.5.25' ],
310 silly audit   'vue-input-otp': [ '0.3.2' ],
310 silly audit   'vue-sonner': [ '2.0.9' ],
310 silly audit   'vue-tsc': [ '2.2.12' ],
310 silly audit   'word-wrap': [ '1.2.5' ],
310 silly audit   'wrap-ansi': [ '7.0.0' ],
310 silly audit   ws: [ '8.18.3' ],
310 silly audit   'xml-name-validator': [ '4.0.0' ],
310 silly audit   'xmlhttprequest-ssl': [ '2.1.2' ],
310 silly audit   y18n: [ '5.0.8' ],
310 silly audit   yargs: [ '17.7.2' ],
310 silly audit   'yargs-parser': [ '21.1.1' ],
310 silly audit   'yocto-queue': [ '0.1.0' ],
310 silly audit   '@tailwindcss/oxide-wasm32-wasi': [ '4.1.17' ]
310 silly audit }
311 verbose reify failed optional dependency C:\Users\jose\Downloads\sistema-colas-master\sistema-colas-master\node_modules\rollup\node_modules\@rollup\rollup-linux-x64-gnu
312 silly reify mark deleted [
312 silly reify   'C:\\Users\\jose\\Downloads\\sistema-colas-master\\sistema-colas-master\\node_modules\\rollup\\node_modules\\@rollup\\rollup-linux-x64-gnu'
312 silly reify ]
313 verbose reify failed optional dependency C:\Users\jose\Downloads\sistema-colas-master\sistema-colas-master\node_modules\@tailwindcss\oxide-win32-arm64-msvc
314 silly reify mark deleted [
314 silly reify   'C:\\Users\\jose\\Downloads\\sistema-colas-master\\sistema-colas-master\\node_modules\\@tailwindcss\\oxide-win32-arm64-msvc'
314 silly reify ]
315 verbose reify failed optional dependency C:\Users\jose\Downloads\sistema-colas-master\sistema-colas-master\node_modules\@tailwindcss\oxide-linux-x64-musl
316 silly reify mark deleted [
316 silly reify   'C:\\Users\\jose\\Downloads\\sistema-colas-master\\sistema-colas-master\\node_modules\\@tailwindcss\\oxide-linux-x64-musl'
316 silly reify ]
317 verbose reify failed optional dependency C:\Users\jose\Downloads\sistema-colas-master\sistema-colas-master\node_modules\@tailwindcss\oxide-linux-x64-gnu
318 silly reify mark deleted [
318 silly reify   'C:\\Users\\jose\\Downloads\\sistema-colas-master\\sistema-colas-master\\node_modules\\@tailwindcss\\oxide-linux-x64-gnu'
318 silly reify ]
319 verbose reify failed optional dependency C:\Users\jose\Downloads\sistema-colas-master\sistema-colas-master\node_modules\@tailwindcss\oxide-linux-arm64-musl
320 silly reify mark deleted [
320 silly reify   'C:\\Users\\jose\\Downloads\\sistema-colas-master\\sistema-colas-master\\node_modules\\@tailwindcss\\oxide-linux-arm64-musl'
320 silly reify ]
321 verbose reify failed optional dependency C:\Users\jose\Downloads\sistema-colas-master\sistema-colas-master\node_modules\@tailwindcss\oxide-linux-arm64-gnu
322 silly reify mark deleted [
322 silly reify   'C:\\Users\\jose\\Downloads\\sistema-colas-master\\sistema-colas-master\\node_modules\\@tailwindcss\\oxide-linux-arm64-gnu'
322 silly reify ]
323 verbose reify failed optional dependency C:\Users\jose\Downloads\sistema-colas-master\sistema-colas-master\node_modules\@tailwindcss\oxide-linux-arm-gnueabihf
324 silly reify mark deleted [
324 silly reify   'C:\\Users\\jose\\Downloads\\sistema-colas-master\\sistema-colas-master\\node_modules\\@tailwindcss\\oxide-linux-arm-gnueabihf'
324 silly reify ]
325 verbose reify failed optional dependency C:\Users\jose\Downloads\sistema-colas-master\sistema-colas-master\node_modules\@tailwindcss\oxide-freebsd-x64
326 silly reify mark deleted [
326 silly reify   'C:\\Users\\jose\\Downloads\\sistema-colas-master\\sistema-colas-master\\node_modules\\@tailwindcss\\oxide-freebsd-x64'
326 silly reify ]
327 verbose reify failed optional dependency C:\Users\jose\Downloads\sistema-colas-master\sistema-colas-master\node_modules\@tailwindcss\oxide-darwin-x64
328 silly reify mark deleted [
328 silly reify   'C:\\Users\\jose\\Downloads\\sistema-colas-master\\sistema-colas-master\\node_modules\\@tailwindcss\\oxide-darwin-x64'
328 silly reify ]
329 verbose reify failed optional dependency C:\Users\jose\Downloads\sistema-colas-master\sistema-colas-master\node_modules\@tailwindcss\oxide-darwin-arm64
330 silly reify mark deleted [
330 silly reify   'C:\\Users\\jose\\Downloads\\sistema-colas-master\\sistema-colas-master\\node_modules\\@tailwindcss\\oxide-darwin-arm64'
330 silly reify ]
331 verbose reify failed optional dependency C:\Users\jose\Downloads\sistema-colas-master\sistema-colas-master\node_modules\@tailwindcss\oxide-android-arm64
332 silly reify mark deleted [
332 silly reify   'C:\\Users\\jose\\Downloads\\sistema-colas-master\\sistema-colas-master\\node_modules\\@tailwindcss\\oxide-android-arm64'
332 silly reify ]
333 verbose reify failed optional dependency C:\Users\jose\Downloads\sistema-colas-master\sistema-colas-master\node_modules\@rollup\rollup-win32-ia32-msvc
334 silly reify mark deleted [
334 silly reify   'C:\\Users\\jose\\Downloads\\sistema-colas-master\\sistema-colas-master\\node_modules\\@rollup\\rollup-win32-ia32-msvc'
334 silly reify ]
335 verbose reify failed optional dependency C:\Users\jose\Downloads\sistema-colas-master\sistema-colas-master\node_modules\@rollup\rollup-win32-arm64-msvc
336 silly reify mark deleted [
336 silly reify   'C:\\Users\\jose\\Downloads\\sistema-colas-master\\sistema-colas-master\\node_modules\\@rollup\\rollup-win32-arm64-msvc'
336 silly reify ]
337 verbose reify failed optional dependency C:\Users\jose\Downloads\sistema-colas-master\sistema-colas-master\node_modules\@rollup\rollup-openharmony-arm64
338 silly reify mark deleted [
338 silly reify   'C:\\Users\\jose\\Downloads\\sistema-colas-master\\sistema-colas-master\\node_modules\\@rollup\\rollup-openharmony-arm64'
338 silly reify ]
339 verbose reify failed optional dependency C:\Users\jose\Downloads\sistema-colas-master\sistema-colas-master\node_modules\@rollup\rollup-linux-x64-musl
340 silly reify mark deleted [
340 silly reify   'C:\\Users\\jose\\Downloads\\sistema-colas-master\\sistema-colas-master\\node_modules\\@rollup\\rollup-linux-x64-musl'
340 silly reify ]
341 verbose reify failed optional dependency C:\Users\jose\Downloads\sistema-colas-master\sistema-colas-master\node_modules\@rollup\rollup-linux-x64-gnu
342 silly reify mark deleted [
342 silly reify   'C:\\Users\\jose\\Downloads\\sistema-colas-master\\sistema-colas-master\\node_modules\\@rollup\\rollup-linux-x64-gnu'
342 silly reify ]
343 verbose reify failed optional dependency C:\Users\jose\Downloads\sistema-colas-master\sistema-colas-master\node_modules\@rollup\rollup-linux-s390x-gnu
344 silly reify mark deleted [
344 silly reify   'C:\\Users\\jose\\Downloads\\sistema-colas-master\\sistema-colas-master\\node_modules\\@rollup\\rollup-linux-s390x-gnu'
344 silly reify ]
345 verbose reify failed optional dependency C:\Users\jose\Downloads\sistema-colas-master\sistema-colas-master\node_modules\@rollup\rollup-linux-riscv64-musl
346 silly reify mark deleted [
346 silly reify   'C:\\Users\\jose\\Downloads\\sistema-colas-master\\sistema-colas-master\\node_modules\\@rollup\\rollup-linux-riscv64-musl'
346 silly reify ]
347 verbose reify failed optional dependency C:\Users\jose\Downloads\sistema-colas-master\sistema-colas-master\node_modules\@rollup\rollup-linux-riscv64-gnu
348 silly reify mark deleted [
348 silly reify   'C:\\Users\\jose\\Downloads\\sistema-colas-master\\sistema-colas-master\\node_modules\\@rollup\\rollup-linux-riscv64-gnu'
348 silly reify ]
349 verbose reify failed optional dependency C:\Users\jose\Downloads\sistema-colas-master\sistema-colas-master\node_modules\@rollup\rollup-linux-ppc64-gnu
350 silly reify mark deleted [
350 silly reify   'C:\\Users\\jose\\Downloads\\sistema-colas-master\\sistema-colas-master\\node_modules\\@rollup\\rollup-linux-ppc64-gnu'
350 silly reify ]
351 verbose reify failed optional dependency C:\Users\jose\Downloads\sistema-colas-master\sistema-colas-master\node_modules\@rollup\rollup-linux-loong64-gnu
352 silly reify mark deleted [
352 silly reify   'C:\\Users\\jose\\Downloads\\sistema-colas-master\\sistema-colas-master\\node_modules\\@rollup\\rollup-linux-loong64-gnu'
352 silly reify ]
353 verbose reify failed optional dependency C:\Users\jose\Downloads\sistema-colas-master\sistema-colas-master\node_modules\@rollup\rollup-linux-arm64-musl
354 silly reify mark deleted [
354 silly reify   'C:\\Users\\jose\\Downloads\\sistema-colas-master\\sistema-colas-master\\node_modules\\@rollup\\rollup-linux-arm64-musl'
354 silly reify ]
355 verbose reify failed optional dependency C:\Users\jose\Downloads\sistema-colas-master\sistema-colas-master\node_modules\@rollup\rollup-linux-arm64-gnu
356 silly reify mark deleted [
356 silly reify   'C:\\Users\\jose\\Downloads\\sistema-colas-master\\sistema-colas-master\\node_modules\\@rollup\\rollup-linux-arm64-gnu'
356 silly reify ]
357 verbose reify failed optional dependency C:\Users\jose\Downloads\sistema-colas-master\sistema-colas-master\node_modules\@rollup\rollup-linux-arm-musleabihf
358 silly reify mark deleted [
358 silly reify   'C:\\Users\\jose\\Downloads\\sistema-colas-master\\sistema-colas-master\\node_modules\\@rollup\\rollup-linux-arm-musleabihf'
358 silly reify ]
359 verbose reify failed optional dependency C:\Users\jose\Downloads\sistema-colas-master\sistema-colas-master\node_modules\@rollup\rollup-linux-arm-gnueabihf
360 silly reify mark deleted [
360 silly reify   'C:\\Users\\jose\\Downloads\\sistema-colas-master\\sistema-colas-master\\node_modules\\@rollup\\rollup-linux-arm-gnueabihf'
360 silly reify ]
361 verbose reify failed optional dependency C:\Users\jose\Downloads\sistema-colas-master\sistema-colas-master\node_modules\@rollup\rollup-freebsd-x64
362 silly reify mark deleted [
362 silly reify   'C:\\Users\\jose\\Downloads\\sistema-colas-master\\sistema-colas-master\\node_modules\\@rollup\\rollup-freebsd-x64'
362 silly reify ]
363 verbose reify failed optional dependency C:\Users\jose\Downloads\sistema-colas-master\sistema-colas-master\node_modules\@rollup\rollup-freebsd-arm64
364 silly reify mark deleted [
364 silly reify   'C:\\Users\\jose\\Downloads\\sistema-colas-master\\sistema-colas-master\\node_modules\\@rollup\\rollup-freebsd-arm64'
364 silly reify ]
365 verbose reify failed optional dependency C:\Users\jose\Downloads\sistema-colas-master\sistema-colas-master\node_modules\@rollup\rollup-darwin-x64
366 silly reify mark deleted [
366 silly reify   'C:\\Users\\jose\\Downloads\\sistema-colas-master\\sistema-colas-master\\node_modules\\@rollup\\rollup-darwin-x64'
366 silly reify ]
367 verbose reify failed optional dependency C:\Users\jose\Downloads\sistema-colas-master\sistema-colas-master\node_modules\@rollup\rollup-darwin-arm64
368 silly reify mark deleted [
368 silly reify   'C:\\Users\\jose\\Downloads\\sistema-colas-master\\sistema-colas-master\\node_modules\\@rollup\\rollup-darwin-arm64'
368 silly reify ]
369 verbose reify failed optional dependency C:\Users\jose\Downloads\sistema-colas-master\sistema-colas-master\node_modules\@rollup\rollup-android-arm64
370 silly reify mark deleted [
370 silly reify   'C:\\Users\\jose\\Downloads\\sistema-colas-master\\sistema-colas-master\\node_modules\\@rollup\\rollup-android-arm64'
370 silly reify ]
371 verbose reify failed optional dependency C:\Users\jose\Downloads\sistema-colas-master\sistema-colas-master\node_modules\@rollup\rollup-android-arm-eabi
372 silly reify mark deleted [
372 silly reify   'C:\\Users\\jose\\Downloads\\sistema-colas-master\\sistema-colas-master\\node_modules\\@rollup\\rollup-android-arm-eabi'
372 silly reify ]
373 verbose reify failed optional dependency C:\Users\jose\Downloads\sistema-colas-master\sistema-colas-master\node_modules\@esbuild\win32-ia32
374 silly reify mark deleted [
374 silly reify   'C:\\Users\\jose\\Downloads\\sistema-colas-master\\sistema-colas-master\\node_modules\\@esbuild\\win32-ia32'
374 silly reify ]
375 verbose reify failed optional dependency C:\Users\jose\Downloads\sistema-colas-master\sistema-colas-master\node_modules\@esbuild\win32-arm64
376 silly reify mark deleted [
376 silly reify   'C:\\Users\\jose\\Downloads\\sistema-colas-master\\sistema-colas-master\\node_modules\\@esbuild\\win32-arm64'
376 silly reify ]
377 verbose reify failed optional dependency C:\Users\jose\Downloads\sistema-colas-master\sistema-colas-master\node_modules\@esbuild\sunos-x64
378 silly reify mark deleted [
378 silly reify   'C:\\Users\\jose\\Downloads\\sistema-colas-master\\sistema-colas-master\\node_modules\\@esbuild\\sunos-x64'
378 silly reify ]
379 verbose reify failed optional dependency C:\Users\jose\Downloads\sistema-colas-master\sistema-colas-master\node_modules\@esbuild\openharmony-arm64
380 silly reify mark deleted [
380 silly reify   'C:\\Users\\jose\\Downloads\\sistema-colas-master\\sistema-colas-master\\node_modules\\@esbuild\\openharmony-arm64'
380 silly reify ]
381 verbose reify failed optional dependency C:\Users\jose\Downloads\sistema-colas-master\sistema-colas-master\node_modules\@esbuild\openbsd-x64
382 silly reify mark deleted [
382 silly reify   'C:\\Users\\jose\\Downloads\\sistema-colas-master\\sistema-colas-master\\node_modules\\@esbuild\\openbsd-x64'
382 silly reify ]
383 verbose reify failed optional dependency C:\Users\jose\Downloads\sistema-colas-master\sistema-colas-master\node_modules\@esbuild\openbsd-arm64
384 silly reify mark deleted [
384 silly reify   'C:\\Users\\jose\\Downloads\\sistema-colas-master\\sistema-colas-master\\node_modules\\@esbuild\\openbsd-arm64'
384 silly reify ]
385 verbose reify failed optional dependency C:\Users\jose\Downloads\sistema-colas-master\sistema-colas-master\node_modules\@esbuild\netbsd-x64
386 silly reify mark deleted [
386 silly reify   'C:\\Users\\jose\\Downloads\\sistema-colas-master\\sistema-colas-master\\node_modules\\@esbuild\\netbsd-x64'
386 silly reify ]
387 verbose reify failed optional dependency C:\Users\jose\Downloads\sistema-colas-master\sistema-colas-master\node_modules\@esbuild\netbsd-arm64
388 silly reify mark deleted [
388 silly reify   'C:\\Users\\jose\\Downloads\\sistema-colas-master\\sistema-colas-master\\node_modules\\@esbuild\\netbsd-arm64'
388 silly reify ]
389 verbose reify failed optional dependency C:\Users\jose\Downloads\sistema-colas-master\sistema-colas-master\node_modules\@esbuild\linux-x64
390 silly reify mark deleted [
390 silly reify   'C:\\Users\\jose\\Downloads\\sistema-colas-master\\sistema-colas-master\\node_modules\\@esbuild\\linux-x64'
390 silly reify ]
391 verbose reify failed optional dependency C:\Users\jose\Downloads\sistema-colas-master\sistema-colas-master\node_modules\@esbuild\linux-s390x
392 silly reify mark deleted [
392 silly reify   'C:\\Users\\jose\\Downloads\\sistema-colas-master\\sistema-colas-master\\node_modules\\@esbuild\\linux-s390x'
392 silly reify ]
393 verbose reify failed optional dependency C:\Users\jose\Downloads\sistema-colas-master\sistema-colas-master\node_modules\@esbuild\linux-riscv64
394 silly reify mark deleted [
394 silly reify   'C:\\Users\\jose\\Downloads\\sistema-colas-master\\sistema-colas-master\\node_modules\\@esbuild\\linux-riscv64'
394 silly reify ]
395 verbose reify failed optional dependency C:\Users\jose\Downloads\sistema-colas-master\sistema-colas-master\node_modules\@esbuild\linux-ppc64
396 silly reify mark deleted [
396 silly reify   'C:\\Users\\jose\\Downloads\\sistema-colas-master\\sistema-colas-master\\node_modules\\@esbuild\\linux-ppc64'
396 silly reify ]
397 verbose reify failed optional dependency C:\Users\jose\Downloads\sistema-colas-master\sistema-colas-master\node_modules\@esbuild\linux-mips64el
398 silly reify mark deleted [
398 silly reify   'C:\\Users\\jose\\Downloads\\sistema-colas-master\\sistema-colas-master\\node_modules\\@esbuild\\linux-mips64el'
398 silly reify ]
399 verbose reify failed optional dependency C:\Users\jose\Downloads\sistema-colas-master\sistema-colas-master\node_modules\@esbuild\linux-loong64
400 silly reify mark deleted [
400 silly reify   'C:\\Users\\jose\\Downloads\\sistema-colas-master\\sistema-colas-master\\node_modules\\@esbuild\\linux-loong64'
400 silly reify ]
401 verbose reify failed optional dependency C:\Users\jose\Downloads\sistema-colas-master\sistema-colas-master\node_modules\@esbuild\linux-ia32
402 silly reify mark deleted [
402 silly reify   'C:\\Users\\jose\\Downloads\\sistema-colas-master\\sistema-colas-master\\node_modules\\@esbuild\\linux-ia32'
402 silly reify ]
403 verbose reify failed optional dependency C:\Users\jose\Downloads\sistema-colas-master\sistema-colas-master\node_modules\@esbuild\linux-arm64
404 silly reify mark deleted [
404 silly reify   'C:\\Users\\jose\\Downloads\\sistema-colas-master\\sistema-colas-master\\node_modules\\@esbuild\\linux-arm64'
404 silly reify ]
405 verbose reify failed optional dependency C:\Users\jose\Downloads\sistema-colas-master\sistema-colas-master\node_modules\@esbuild\linux-arm
406 silly reify mark deleted [
406 silly reify   'C:\\Users\\jose\\Downloads\\sistema-colas-master\\sistema-colas-master\\node_modules\\@esbuild\\linux-arm'
406 silly reify ]
407 verbose reify failed optional dependency C:\Users\jose\Downloads\sistema-colas-master\sistema-colas-master\node_modules\@esbuild\freebsd-x64
408 silly reify mark deleted [
408 silly reify   'C:\\Users\\jose\\Downloads\\sistema-colas-master\\sistema-colas-master\\node_modules\\@esbuild\\freebsd-x64'
408 silly reify ]
409 verbose reify failed optional dependency C:\Users\jose\Downloads\sistema-colas-master\sistema-colas-master\node_modules\@esbuild\freebsd-arm64
410 silly reify mark deleted [
410 silly reify   'C:\\Users\\jose\\Downloads\\sistema-colas-master\\sistema-colas-master\\node_modules\\@esbuild\\freebsd-arm64'
410 silly reify ]
411 verbose reify failed optional dependency C:\Users\jose\Downloads\sistema-colas-master\sistema-colas-master\node_modules\@esbuild\darwin-x64
412 silly reify mark deleted [
412 silly reify   'C:\\Users\\jose\\Downloads\\sistema-colas-master\\sistema-colas-master\\node_modules\\@esbuild\\darwin-x64'
412 silly reify ]
413 verbose reify failed optional dependency C:\Users\jose\Downloads\sistema-colas-master\sistema-colas-master\node_modules\@esbuild\darwin-arm64
414 silly reify mark deleted [
414 silly reify   'C:\\Users\\jose\\Downloads\\sistema-colas-master\\sistema-colas-master\\node_modules\\@esbuild\\darwin-arm64'
414 silly reify ]
415 verbose reify failed optional dependency C:\Users\jose\Downloads\sistema-colas-master\sistema-colas-master\node_modules\@esbuild\android-x64
416 silly reify mark deleted [
416 silly reify   'C:\\Users\\jose\\Downloads\\sistema-colas-master\\sistema-colas-master\\node_modules\\@esbuild\\android-x64'
416 silly reify ]
417 verbose reify failed optional dependency C:\Users\jose\Downloads\sistema-colas-master\sistema-colas-master\node_modules\@esbuild\android-arm64
418 silly reify mark deleted [
418 silly reify   'C:\\Users\\jose\\Downloads\\sistema-colas-master\\sistema-colas-master\\node_modules\\@esbuild\\android-arm64'
418 silly reify ]
419 verbose reify failed optional dependency C:\Users\jose\Downloads\sistema-colas-master\sistema-colas-master\node_modules\@esbuild\android-arm
420 silly reify mark deleted [
420 silly reify   'C:\\Users\\jose\\Downloads\\sistema-colas-master\\sistema-colas-master\\node_modules\\@esbuild\\android-arm'
420 silly reify ]
421 verbose reify failed optional dependency C:\Users\jose\Downloads\sistema-colas-master\sistema-colas-master\node_modules\@esbuild\aix-ppc64
422 silly reify mark deleted [
422 silly reify   'C:\\Users\\jose\\Downloads\\sistema-colas-master\\sistema-colas-master\\node_modules\\@esbuild\\aix-ppc64'
422 silly reify ]
423 verbose reify failed optional dependency C:\Users\jose\Downloads\sistema-colas-master\sistema-colas-master\node_modules\lightningcss-win32-arm64-msvc
424 silly reify mark deleted [
424 silly reify   'C:\\Users\\jose\\Downloads\\sistema-colas-master\\sistema-colas-master\\node_modules\\lightningcss-win32-arm64-msvc'
424 silly reify ]
425 verbose reify failed optional dependency C:\Users\jose\Downloads\sistema-colas-master\sistema-colas-master\node_modules\lightningcss-linux-x64-musl
426 silly reify mark deleted [
426 silly reify   'C:\\Users\\jose\\Downloads\\sistema-colas-master\\sistema-colas-master\\node_modules\\lightningcss-linux-x64-musl'
426 silly reify ]
427 verbose reify failed optional dependency C:\Users\jose\Downloads\sistema-colas-master\sistema-colas-master\node_modules\lightningcss-linux-x64-gnu
428 silly reify mark deleted [
428 silly reify   'C:\\Users\\jose\\Downloads\\sistema-colas-master\\sistema-colas-master\\node_modules\\lightningcss-linux-x64-gnu'
428 silly reify ]
429 verbose reify failed optional dependency C:\Users\jose\Downloads\sistema-colas-master\sistema-colas-master\node_modules\lightningcss-linux-arm64-musl
430 silly reify mark deleted [
430 silly reify   'C:\\Users\\jose\\Downloads\\sistema-colas-master\\sistema-colas-master\\node_modules\\lightningcss-linux-arm64-musl'
430 silly reify ]
431 verbose reify failed optional dependency C:\Users\jose\Downloads\sistema-colas-master\sistema-colas-master\node_modules\lightningcss-linux-arm64-gnu
432 silly reify mark deleted [
432 silly reify   'C:\\Users\\jose\\Downloads\\sistema-colas-master\\sistema-colas-master\\node_modules\\lightningcss-linux-arm64-gnu'
432 silly reify ]
433 verbose reify failed optional dependency C:\Users\jose\Downloads\sistema-colas-master\sistema-colas-master\node_modules\lightningcss-linux-arm-gnueabihf
434 silly reify mark deleted [
434 silly reify   'C:\\Users\\jose\\Downloads\\sistema-colas-master\\sistema-colas-master\\node_modules\\lightningcss-linux-arm-gnueabihf'
434 silly reify ]
435 verbose reify failed optional dependency C:\Users\jose\Downloads\sistema-colas-master\sistema-colas-master\node_modules\lightningcss-freebsd-x64
436 silly reify mark deleted [
436 silly reify   'C:\\Users\\jose\\Downloads\\sistema-colas-master\\sistema-colas-master\\node_modules\\lightningcss-freebsd-x64'
436 silly reify ]
437 verbose reify failed optional dependency C:\Users\jose\Downloads\sistema-colas-master\sistema-colas-master\node_modules\lightningcss-darwin-x64
438 silly reify mark deleted [
438 silly reify   'C:\\Users\\jose\\Downloads\\sistema-colas-master\\sistema-colas-master\\node_modules\\lightningcss-darwin-x64'
438 silly reify ]
439 verbose reify failed optional dependency C:\Users\jose\Downloads\sistema-colas-master\sistema-colas-master\node_modules\lightningcss-darwin-arm64
440 silly reify mark deleted [
440 silly reify   'C:\\Users\\jose\\Downloads\\sistema-colas-master\\sistema-colas-master\\node_modules\\lightningcss-darwin-arm64'
440 silly reify ]
441 verbose reify failed optional dependency C:\Users\jose\Downloads\sistema-colas-master\sistema-colas-master\node_modules\lightningcss-android-arm64
442 silly reify mark deleted [
442 silly reify   'C:\\Users\\jose\\Downloads\\sistema-colas-master\\sistema-colas-master\\node_modules\\lightningcss-android-arm64'
442 silly reify ]
443 verbose reify failed optional dependency C:\Users\jose\Downloads\sistema-colas-master\sistema-colas-master\node_modules\fsevents
444 silly reify mark deleted [
444 silly reify   'C:\\Users\\jose\\Downloads\\sistema-colas-master\\sistema-colas-master\\node_modules\\fsevents'
444 silly reify ]
445 http cache which@https://registry.npmjs.org/which/-/which-2.0.2.tgz 0ms (cache hit)
446 http cache @babel/parser@https://registry.npmjs.org/@babel/parser/-/parser-7.28.5.tgz 0ms (cache hit)
447 http cache tree-kill@https://registry.npmjs.org/tree-kill/-/tree-kill-1.2.2.tgz 0ms (cache hit)
448 http cache typescript@https://registry.npmjs.org/typescript/-/typescript-5.9.3.tgz 0ms (cache hit)
449 http cache semver@https://registry.npmjs.org/semver/-/semver-7.7.3.tgz 0ms (cache hit)
450 http cache rollup@https://registry.npmjs.org/rollup/-/rollup-4.53.3.tgz 0ms (cache hit)
451 http cache resolve@https://registry.npmjs.org/resolve/-/resolve-1.22.11.tgz 0ms (cache hit)
452 http cache jsesc@https://registry.npmjs.org/jsesc/-/jsesc-3.1.0.tgz 0ms (cache hit)
453 http cache nanoid@https://registry.npmjs.org/nanoid/-/nanoid-3.3.11.tgz 1ms (cache hit)
454 http cache prettier@https://registry.npmjs.org/prettier/-/prettier-3.7.4.tgz 0ms (cache hit)
455 http cache js-yaml@https://registry.npmjs.org/js-yaml/-/js-yaml-4.1.1.tgz 0ms (cache hit)
456 http cache esbuild@https://registry.npmjs.org/esbuild/-/esbuild-0.25.12.tgz 0ms (cache hit)
457 http cache cssesc@https://registry.npmjs.org/cssesc/-/cssesc-3.0.0.tgz 0ms (cache hit)
458 http cache @vueuse/shared@https://registry.npmjs.org/@vueuse/shared/-/shared-12.8.2.tgz 0ms (cache hit)
459 http cache @vueuse/metadata@https://registry.npmjs.org/@vueuse/metadata/-/metadata-12.8.2.tgz 0ms (cache hit)
460 http cache acorn@https://registry.npmjs.org/acorn/-/acorn-8.15.0.tgz 0ms (cache hit)
461 http cache @vueuse/core@https://registry.npmjs.org/@vueuse/core/-/core-12.8.2.tgz 0ms (cache hit)
462 http cache @vue/shared@https://registry.npmjs.org/@vue/shared/-/shared-3.5.25.tgz 0ms (cache hit)
463 http cache @vue/runtime-dom@https://registry.npmjs.org/@vue/runtime-dom/-/runtime-dom-3.5.25.tgz 0ms (cache hit)
464 http cache @vue/server-renderer@https://registry.npmjs.org/@vue/server-renderer/-/server-renderer-3.5.25.tgz 0ms (cache hit)
465 http cache @vue/runtime-core@https://registry.npmjs.org/@vue/runtime-core/-/runtime-core-3.5.25.tgz 0ms (cache hit)
466 http cache @vue/reactivity@https://registry.npmjs.org/@vue/reactivity/-/reactivity-3.5.25.tgz 0ms (cache hit)
467 http cache @vue/language-core@https://registry.npmjs.org/@vue/language-core/-/language-core-2.2.12.tgz 0ms (cache hit)
468 http cache @vue/compiler-vue2@https://registry.npmjs.org/@vue/compiler-vue2/-/compiler-vue2-2.7.16.tgz 0ms (cache hit)
469 http cache @vue/eslint-config-typescript@https://registry.npmjs.org/@vue/eslint-config-typescript/-/eslint-config-typescript-14.6.0.tgz 0ms (cache hit)
470 http cache @vue/compiler-ssr@https://registry.npmjs.org/@vue/compiler-ssr/-/compiler-ssr-3.5.25.tgz 0ms (cache hit)
471 http cache @vue/compiler-sfc@https://registry.npmjs.org/@vue/compiler-sfc/-/compiler-sfc-3.5.25.tgz 0ms (cache hit)
472 http cache @vue/compiler-dom@https://registry.npmjs.org/@vue/compiler-dom/-/compiler-dom-3.5.25.tgz 0ms (cache hit)
473 http cache @vue/compiler-core@https://registry.npmjs.org/@vue/compiler-core/-/compiler-core-3.5.25.tgz 0ms (cache hit)
474 http cache @volar/typescript@https://registry.npmjs.org/@volar/typescript/-/typescript-2.4.15.tgz 0ms (cache hit)
475 http cache @volar/source-map@https://registry.npmjs.org/@volar/source-map/-/source-map-2.4.15.tgz 0ms (cache hit)
476 http cache @volar/language-core@https://registry.npmjs.org/@volar/language-core/-/language-core-2.4.15.tgz 0ms (cache hit)
477 http cache @unovis/graphlibrary@https://registry.npmjs.org/@unovis/graphlibrary/-/graphlibrary-2.2.0-2.tgz 0ms (cache hit)
478 http cache @unovis/ts@https://registry.npmjs.org/@unovis/ts/-/ts-1.6.2.tgz 0ms (cache hit)
479 http cache @unovis/vue@https://registry.npmjs.org/@unovis/vue/-/vue-1.6.2.tgz 0ms (cache hit)
480 http cache @vitejs/plugin-vue@https://registry.npmjs.org/@vitejs/plugin-vue/-/plugin-vue-6.0.2.tgz 0ms (cache hit)
481 http cache @unovis/dagre-layout@https://registry.npmjs.org/@unovis/dagre-layout/-/dagre-layout-0.8.8-2.tgz 0ms (cache hit)
482 http cache @typescript-eslint/utils@https://registry.npmjs.org/@typescript-eslint/utils/-/utils-8.48.1.tgz 0ms (cache hit)
483 http cache @typescript-eslint/visitor-keys@https://registry.npmjs.org/@typescript-eslint/visitor-keys/-/visitor-keys-8.48.1.tgz 0ms (cache hit)
484 http cache @typescript-eslint/typescript-estree@https://registry.npmjs.org/@typescript-eslint/typescript-estree/-/typescript-estree-8.48.1.tgz 0ms (cache hit)
485 http cache @typescript-eslint/type-utils@https://registry.npmjs.org/@typescript-eslint/type-utils/-/type-utils-8.48.1.tgz 0ms (cache hit)
486 http cache @typescript-eslint/tsconfig-utils@https://registry.npmjs.org/@typescript-eslint/tsconfig-utils/-/tsconfig-utils-8.48.1.tgz 0ms (cache hit)
487 http cache @typescript-eslint/types@https://registry.npmjs.org/@typescript-eslint/types/-/types-8.48.1.tgz 0ms (cache hit)
488 http cache @typescript-eslint/scope-manager@https://registry.npmjs.org/@typescript-eslint/scope-manager/-/scope-manager-8.48.1.tgz 0ms (cache hit)
489 http cache @typescript-eslint/project-service@https://registry.npmjs.org/@typescript-eslint/project-service/-/project-service-8.48.1.tgz 0ms (cache hit)
490 http cache @typescript-eslint/parser@https://registry.npmjs.org/@typescript-eslint/parser/-/parser-8.48.1.tgz 1ms (cache hit)
491 http cache @types/web-bluetooth@https://registry.npmjs.org/@types/web-bluetooth/-/web-bluetooth-0.0.21.tgz 0ms (cache hit)
492 http cache @types/topojson-simplify@https://registry.npmjs.org/@types/topojson-simplify/-/topojson-simplify-3.0.3.tgz 0ms (cache hit)
493 http cache @typescript-eslint/eslint-plugin@https://registry.npmjs.org/@typescript-eslint/eslint-plugin/-/eslint-plugin-8.48.1.tgz 0ms (cache hit)
494 http cache @types/topojson-specification@https://registry.npmjs.org/@types/topojson-specification/-/topojson-specification-1.0.5.tgz 0ms (cache hit)
495 http cache @types/topojson-server@https://registry.npmjs.org/@types/topojson-server/-/topojson-server-3.0.4.tgz 0ms (cache hit)
496 http cache @types/topojson-client@https://registry.npmjs.org/@types/topojson-client/-/topojson-client-3.1.5.tgz 0ms (cache hit)
497 http cache @types/topojson@https://registry.npmjs.org/@types/topojson/-/topojson-3.2.6.tgz 0ms (cache hit)
498 http cache @types/throttle-debounce@https://registry.npmjs.org/@types/throttle-debounce/-/throttle-debounce-5.0.2.tgz 0ms (cache hit)
499 http cache @types/three@https://registry.npmjs.org/@types/three/-/three-0.135.0.tgz 0ms (cache hit)
500 http cache @types/pbf@https://registry.npmjs.org/@types/pbf/-/pbf-3.0.5.tgz 0ms (cache hit)
501 http cache @types/parse-json@https://registry.npmjs.org/@types/parse-json/-/parse-json-4.0.2.tgz 0ms (cache hit)
502 http cache @types/supercluster@https://registry.npmjs.org/@types/supercluster/-/supercluster-5.0.3.tgz 0ms (cache hit)
503 http cache @types/node@https://registry.npmjs.org/@types/node/-/node-22.19.1.tgz 0ms (cache hit)
504 http cache @types/mapbox__vector-tile@https://registry.npmjs.org/@types/mapbox__vector-tile/-/mapbox__vector-tile-1.3.4.tgz 0ms (cache hit)
505 http cache @types/lodash-es@https://registry.npmjs.org/@types/lodash-es/-/lodash-es-4.17.12.tgz 0ms (cache hit)
506 http cache @types/lodash@https://registry.npmjs.org/@types/lodash/-/lodash-4.17.21.tgz 0ms (cache hit)
507 http cache @types/leaflet@https://registry.npmjs.org/@types/leaflet/-/leaflet-1.7.6.tgz 0ms (cache hit)
508 http cache @types/mapbox__point-geometry@https://registry.npmjs.org/@types/mapbox__point-geometry/-/mapbox__point-geometry-0.1.4.tgz 0ms (cache hit)
509 http cache @types/geojson@https://registry.npmjs.org/@types/geojson/-/geojson-7946.0.16.tgz 0ms (cache hit)
510 http cache @types/d3-transition@https://registry.npmjs.org/@types/d3-transition/-/d3-transition-3.0.9.tgz 0ms (cache hit)
511 http cache @types/dagre@https://registry.npmjs.org/@types/dagre/-/dagre-0.7.53.tgz 0ms (cache hit)
512 http cache @types/d3-time-format@https://registry.npmjs.org/@types/d3-time-format/-/d3-time-format-4.0.3.tgz 0ms (cache hit)
513 http cache @types/d3-shape@https://registry.npmjs.org/@types/d3-shape/-/d3-shape-3.1.7.tgz 0ms (cache hit)
514 http cache @types/d3-selection@https://registry.npmjs.org/@types/d3-selection/-/d3-selection-3.0.11.tgz 0ms (cache hit)
515 http cache @types/d3-zoom@https://registry.npmjs.org/@types/d3-zoom/-/d3-zoom-3.0.8.tgz 0ms (cache hit)
516 http cache @types/d3-scale-chromatic@https://registry.npmjs.org/@types/d3-scale-chromatic/-/d3-scale-chromatic-3.1.0.tgz 0ms (cache hit)
517 http cache @types/d3-sankey@https://registry.npmjs.org/@types/d3-sankey/-/d3-sankey-0.11.2.tgz 0ms (cache hit)
518 http cache @types/d3-random@https://registry.npmjs.org/@types/d3-random/-/d3-random-3.0.3.tgz 0ms (cache hit)
519 http cache @types/d3-quadtree@https://registry.npmjs.org/@types/d3-quadtree/-/d3-quadtree-3.0.6.tgz 0ms (cache hit)
520 http cache @types/d3-polygon@https://registry.npmjs.org/@types/d3-polygon/-/d3-polygon-3.0.2.tgz 0ms (cache hit)
521 http cache @types/d3-hierarchy@https://registry.npmjs.org/@types/d3-hierarchy/-/d3-hierarchy-3.1.7.tgz 0ms (cache hit)
522 http cache @types/d3-geo@https://registry.npmjs.org/@types/d3-geo/-/d3-geo-3.1.0.tgz 0ms (cache hit)
523 http cache @types/d3-format@https://registry.npmjs.org/@types/d3-format/-/d3-format-3.0.4.tgz 0ms (cache hit)
524 http cache @types/d3-force@https://registry.npmjs.org/@types/d3-force/-/d3-force-3.0.10.tgz 0ms (cache hit)
525 http cache @types/d3-fetch@https://registry.npmjs.org/@types/d3-fetch/-/d3-fetch-3.0.7.tgz 0ms (cache hit)
526 http cache @types/d3-drag@https://registry.npmjs.org/@types/d3-drag/-/d3-drag-3.0.7.tgz 0ms (cache hit)
527 http cache @types/d3-dsv@https://registry.npmjs.org/@types/d3-dsv/-/d3-dsv-3.0.7.tgz 0ms (cache hit)
528 http cache @types/d3-dispatch@https://registry.npmjs.org/@types/d3-dispatch/-/d3-dispatch-3.0.7.tgz 0ms (cache hit)
529 http cache @types/d3-delaunay@https://registry.npmjs.org/@types/d3-delaunay/-/d3-delaunay-6.0.4.tgz 0ms (cache hit)
530 http cache @types/d3-contour@https://registry.npmjs.org/@types/d3-contour/-/d3-contour-3.0.6.tgz 0ms (cache hit)
531 http cache @types/d3-collection@https://registry.npmjs.org/@types/d3-collection/-/d3-collection-1.0.13.tgz 0ms (cache hit)
532 http cache @types/d3-axis@https://registry.npmjs.org/@types/d3-axis/-/d3-axis-3.0.6.tgz 0ms (cache hit)
533 http cache @types/d3-chord@https://registry.npmjs.org/@types/d3-chord/-/d3-chord-3.0.6.tgz 0ms (cache hit)
534 http cache @types/d3-brush@https://registry.npmjs.org/@types/d3-brush/-/d3-brush-3.0.6.tgz 0ms (cache hit)
535 http cache @tanstack/table-core@https://registry.npmjs.org/@tanstack/table-core/-/table-core-8.21.3.tgz 0ms (cache hit)
536 http cache @tanstack/vue-virtual@https://registry.npmjs.org/@tanstack/vue-virtual/-/vue-virtual-3.13.13.tgz 0ms (cache hit)
537 http cache @types/d3@https://registry.npmjs.org/@types/d3/-/d3-7.4.3.tgz 0ms (cache hit)
538 http cache @tanstack/virtual-core@https://registry.npmjs.org/@tanstack/virtual-core/-/virtual-core-3.13.13.tgz 0ms (cache hit)
539 http cache @tailwindcss/node@https://registry.npmjs.org/@tailwindcss/node/-/node-4.1.17.tgz 0ms (cache hit)
540 http cache @tailwindcss/oxide-win32-x64-msvc@https://registry.npmjs.org/@tailwindcss/oxide-win32-x64-msvc/-/oxide-win32-x64-msvc-4.1.17.tgz 0ms (cache hit)
541 http cache @tailwindcss/vite@https://registry.npmjs.org/@tailwindcss/vite/-/vite-4.1.17.tgz 0ms (cache hit)
542 http cache @tailwindcss/oxide@https://registry.npmjs.org/@tailwindcss/oxide/-/oxide-4.1.17.tgz 0ms (cache hit)
543 http cache @mapbox/whoots-js@https://registry.npmjs.org/@mapbox/whoots-js/-/whoots-js-3.1.0.tgz 0ms (cache hit)
544 http cache @rollup/rollup-win32-x64-msvc@https://registry.npmjs.org/@rollup/rollup-win32-x64-msvc/-/rollup-win32-x64-msvc-4.9.5.tgz 0ms (cache hit)
545 http cache @mapbox/unitbezier@https://registry.npmjs.org/@mapbox/unitbezier/-/unitbezier-0.0.1.tgz 0ms (cache hit)
546 http cache @mapbox/vector-tile@https://registry.npmjs.org/@mapbox/vector-tile/-/vector-tile-1.3.1.tgz 0ms (cache hit)
547 http cache @rolldown/pluginutils@https://registry.npmjs.org/@rolldown/pluginutils/-/pluginutils-1.0.0-beta.50.tgz 0ms (cache hit)
548 http cache @mapbox/tiny-sdf@https://registry.npmjs.org/@mapbox/tiny-sdf/-/tiny-sdf-2.0.7.tgz 0ms (cache hit)
549 http cache @mapbox/point-geometry@https://registry.npmjs.org/@mapbox/point-geometry/-/point-geometry-0.1.0.tgz 0ms (cache hit)
550 http cache @mapbox/mapbox-gl-supported@https://registry.npmjs.org/@mapbox/mapbox-gl-supported/-/mapbox-gl-supported-2.0.1.tgz 1ms (cache hit)
551 http cache @mapbox/jsonlint-lines-primitives@https://registry.npmjs.org/@mapbox/jsonlint-lines-primitives/-/jsonlint-lines-primitives-2.0.2.tgz 0ms (cache hit)
552 http cache @laravel/echo-vue@https://registry.npmjs.org/@laravel/echo-vue/-/echo-vue-2.3.0.tgz 0ms (cache hit)
553 http cache @mapbox/geojson-rewind@https://registry.npmjs.org/@mapbox/geojson-rewind/-/geojson-rewind-0.5.2.tgz 0ms (cache hit)
554 http cache @laravel/vite-plugin-wayfinder@https://registry.npmjs.org/@laravel/vite-plugin-wayfinder/-/vite-plugin-wayfinder-0.1.7.tgz 0ms (cache hit)
555 http cache @internationalized/number@https://registry.npmjs.org/@internationalized/number/-/number-3.6.5.tgz 0ms (cache hit)
556 http cache @inertiajs/core@https://registry.npmjs.org/@inertiajs/core/-/core-2.2.19.tgz 0ms (cache hit)
557 http cache @internationalized/date@https://registry.npmjs.org/@internationalized/date/-/date-3.10.0.tgz 0ms (cache hit)
558 http cache @inertiajs/vue3@https://registry.npmjs.org/@inertiajs/vue3/-/vue3-2.2.19.tgz 0ms (cache hit)
559 http cache @juggle/resize-observer@https://registry.npmjs.org/@juggle/resize-observer/-/resize-observer-3.4.0.tgz 0ms (cache hit)
560 http cache @floating-ui/core@https://registry.npmjs.org/@floating-ui/core/-/core-1.7.3.tgz 0ms (cache hit)
561 http cache @floating-ui/utils@https://registry.npmjs.org/@floating-ui/utils/-/utils-0.2.10.tgz 0ms (cache hit)
562 http cache @floating-ui/dom@https://registry.npmjs.org/@floating-ui/dom/-/dom-1.7.4.tgz 0ms (cache hit)
563 http cache @floating-ui/vue@https://registry.npmjs.org/@floating-ui/vue/-/vue-1.1.9.tgz 0ms (cache hit)
564 http cache @eslint/js@https://registry.npmjs.org/@eslint/js/-/js-9.39.1.tgz 0ms (cache hit)
565 http cache @emotion/weak-memoize@https://registry.npmjs.org/@emotion/weak-memoize/-/weak-memoize-0.4.0.tgz 0ms (cache hit)
566 http cache @emotion/utils@https://registry.npmjs.org/@emotion/utils/-/utils-1.4.2.tgz 0ms (cache hit)
567 http cache @emotion/unitless@https://registry.npmjs.org/@emotion/unitless/-/unitless-0.10.0.tgz 0ms (cache hit)
568 http cache @emotion/serialize@https://registry.npmjs.org/@emotion/serialize/-/serialize-1.3.3.tgz 0ms (cache hit)
569 http cache @emotion/sheet@https://registry.npmjs.org/@emotion/sheet/-/sheet-1.4.0.tgz 0ms (cache hit)
570 http cache @emotion/memoize@https://registry.npmjs.org/@emotion/memoize/-/memoize-0.9.0.tgz 0ms (cache hit)
571 http cache @emotion/css@https://registry.npmjs.org/@emotion/css/-/css-11.13.5.tgz 0ms (cache hit)
572 http cache @emotion/hash@https://registry.npmjs.org/@emotion/hash/-/hash-0.9.2.tgz 0ms (cache hit)
573 http cache @babel/runtime@https://registry.npmjs.org/@babel/runtime/-/runtime-7.28.4.tgz 0ms (cache hit)
574 http cache @emotion/babel-plugin@https://registry.npmjs.org/@emotion/babel-plugin/-/babel-plugin-11.13.5.tgz 0ms (cache hit)
575 http cache xmlhttprequest-ssl@https://registry.npmjs.org/xmlhttprequest-ssl/-/xmlhttprequest-ssl-2.1.2.tgz 0ms (cache hit)
576 http cache @emotion/cache@https://registry.npmjs.org/@emotion/cache/-/cache-11.14.0.tgz 0ms (cache hit)
577 http cache vue-tsc@https://registry.npmjs.org/vue-tsc/-/vue-tsc-2.2.12.tgz 0ms (cache hit)
578 http cache vue-sonner@https://registry.npmjs.org/vue-sonner/-/vue-sonner-2.0.9.tgz 0ms (cache hit)
579 http cache vue-input-otp@https://registry.npmjs.org/vue-input-otp/-/vue-input-otp-0.3.2.tgz 0ms (cache hit)
580 http cache vue@https://registry.npmjs.org/vue/-/vue-3.5.25.tgz 0ms (cache hit)
581 http cache vue-eslint-parser@https://registry.npmjs.org/vue-eslint-parser/-/vue-eslint-parser-10.2.0.tgz 0ms (cache hit)
582 http cache vt-pbf@https://registry.npmjs.org/vt-pbf/-/vt-pbf-3.1.3.tgz 0ms (cache hit)
583 http cache vite@https://registry.npmjs.org/vite/-/vite-7.2.7.tgz 0ms (cache hit)
584 http cache tw-animate-css@https://registry.npmjs.org/tw-animate-css/-/tw-animate-css-1.4.0.tgz 0ms (cache hit)
585 http cache typescript-eslint@https://registry.npmjs.org/typescript-eslint/-/typescript-eslint-8.48.1.tgz 0ms (cache hit)
586 http cache tweetnacl@https://registry.npmjs.org/tweetnacl/-/tweetnacl-1.0.3.tgz 0ms (cache hit)
587 http cache to-px@https://registry.npmjs.org/to-px/-/to-px-1.1.0.tgz 0ms (cache hit)
588 http cache ts-api-utils@https://registry.npmjs.org/ts-api-utils/-/ts-api-utils-2.1.0.tgz 0ms (cache hit)
589 http cache topojson-client@https://registry.npmjs.org/topojson-client/-/topojson-client-3.1.0.tgz 0ms (cache hit)
590 http cache tinyqueue@https://registry.npmjs.org/tinyqueue/-/tinyqueue-2.0.3.tgz 0ms (cache hit)
591 http cache three@https://registry.npmjs.org/three/-/three-0.135.0.tgz 0ms (cache hit)
592 http cache throttle-debounce@https://registry.npmjs.org/throttle-debounce/-/throttle-debounce-5.0.2.tgz 0ms (cache hit)
593 http cache tailwindcss@https://registry.npmjs.org/tailwindcss/-/tailwindcss-4.1.17.tgz 0ms (cache hit)
594 http cache tailwind-merge@https://registry.npmjs.org/tailwind-merge/-/tailwind-merge-3.4.0.tgz 0ms (cache hit)
595 http cache supercluster@https://registry.npmjs.org/supercluster/-/supercluster-7.1.5.tgz 0ms (cache hit)
596 http cache stylis@https://registry.npmjs.org/stylis/-/stylis-4.2.0.tgz 0ms (cache hit)
597 http cache striptags@https://registry.npmjs.org/striptags/-/striptags-3.2.0.tgz 0ms (cache hit)
598 http cache socket.io-client@https://registry.npmjs.org/socket.io-client/-/socket.io-client-4.8.3.tgz 0ms (cache hit)
599 http cache robust-predicates@https://registry.npmjs.org/robust-predicates/-/robust-predicates-3.0.2.tgz 0ms (cache hit)
600 http cache rw@https://registry.npmjs.org/rw/-/rw-1.3.3.tgz 0ms (cache hit)
601 http cache resolve-protobuf-schema@https://registry.npmjs.org/resolve-protobuf-schema/-/resolve-protobuf-schema-2.1.0.tgz 0ms (cache hit)
602 http cache reka-ui@https://registry.npmjs.org/reka-ui/-/reka-ui-2.7.0.tgz 0ms (cache hit)
603 http cache radix-vue@https://registry.npmjs.org/radix-vue/-/radix-vue-1.9.17.tgz 0ms (cache hit)
604 http cache quickselect@https://registry.npmjs.org/quickselect/-/quickselect-2.0.0.tgz 0ms (cache hit)
605 http cache protocol-buffers-schema@https://registry.npmjs.org/protocol-buffers-schema/-/protocol-buffers-schema-3.6.0.tgz 0ms (cache hit)
606 http cache pusher-js@https://registry.npmjs.org/pusher-js/-/pusher-js-8.4.0.tgz 0ms (cache hit)
607 http cache prettier-plugin-organize-imports@https://registry.npmjs.org/prettier-plugin-organize-imports/-/prettier-plugin-organize-imports-4.3.0.tgz 0ms (cache hit)
608 http cache potpack@https://registry.npmjs.org/potpack/-/potpack-1.0.2.tgz 0ms (cache hit)
609 http cache parse-unit@https://registry.npmjs.org/parse-unit/-/parse-unit-1.0.1.tgz 0ms (cache hit)
610 http cache pbf@https://registry.npmjs.org/pbf/-/pbf-3.3.0.tgz 0ms (cache hit)
611 http cache murmurhash-js@https://registry.npmjs.org/murmurhash-js/-/murmurhash-js-1.0.0.tgz 0ms (cache hit)
612 http cache lucide-vue-next@https://registry.npmjs.org/lucide-vue-next/-/lucide-vue-next-0.468.0.tgz 0ms (cache hit)
613 http cache lodash-es@https://registry.npmjs.org/lodash-es/-/lodash-es-4.17.21.tgz 0ms (cache hit)
614 http cache maplibre-gl@https://registry.npmjs.org/maplibre-gl/-/maplibre-gl-2.4.0.tgz 0ms (cache hit)
615 http cache lightningcss-win32-x64-msvc@https://registry.npmjs.org/lightningcss-win32-x64-msvc/-/lightningcss-win32-x64-msvc-1.30.2.tgz 0ms (cache hit)
616 http cache leaflet@https://registry.npmjs.org/leaflet/-/leaflet-1.7.1.tgz 0ms (cache hit)
617 http cache lightningcss@https://registry.npmjs.org/lightningcss/-/lightningcss-1.30.2.tgz 0ms (cache hit)
618 http cache laravel-echo@https://registry.npmjs.org/laravel-echo/-/laravel-echo-2.3.0.tgz 0ms (cache hit)
619 http cache laravel-vite-plugin@https://registry.npmjs.org/laravel-vite-plugin/-/laravel-vite-plugin-2.0.1.tgz 0ms (cache hit)
620 http cache kdbush@https://registry.npmjs.org/kdbush/-/kdbush-3.0.0.tgz 0ms (cache hit)
621 http cache jiti@https://registry.npmjs.org/jiti/-/jiti-2.6.1.tgz 0ms (cache hit)
622 http cache he@https://registry.npmjs.org/he/-/he-1.2.0.tgz 0ms (cache hit)
623 http cache global-prefix@https://registry.npmjs.org/global-prefix/-/global-prefix-3.0.0.tgz 0ms (cache hit)
624 http cache gl-matrix@https://registry.npmjs.org/gl-matrix/-/gl-matrix-3.4.4.tgz 0ms (cache hit)
625 http cache geojson-vt@https://registry.npmjs.org/geojson-vt/-/geojson-vt-3.2.1.tgz 0ms (cache hit)
626 http cache find-root@https://registry.npmjs.org/find-root/-/find-root-1.1.0.tgz 0ms (cache hit)
627 http cache geojson@https://registry.npmjs.org/geojson/-/geojson-0.5.0.tgz 0ms (cache hit)
628 http cache eslint-config-prettier@https://registry.npmjs.org/eslint-config-prettier/-/eslint-config-prettier-10.1.8.tgz 0ms (cache hit)
629 http cache eslint-plugin-vue@https://registry.npmjs.org/eslint-plugin-vue/-/eslint-plugin-vue-9.33.0.tgz 0ms (cache hit)
630 http cache eslint@https://registry.npmjs.org/eslint/-/eslint-9.39.1.tgz 0ms (cache hit)
631 http cache engine.io-client@https://registry.npmjs.org/engine.io-client/-/engine.io-client-6.6.4.tgz 0ms (cache hit)
632 http cache elkjs@https://registry.npmjs.org/elkjs/-/elkjs-0.10.2.tgz 0ms (cache hit)
633 http cache earcut@https://registry.npmjs.org/earcut/-/earcut-2.2.4.tgz 0ms (cache hit)
634 http cache delaunator@https://registry.npmjs.org/delaunator/-/delaunator-5.0.1.tgz 0ms (cache hit)
635 http cache de-indent@https://registry.npmjs.org/de-indent/-/de-indent-1.0.2.tgz 0ms (cache hit)
636 http cache date-fns@https://registry.npmjs.org/date-fns/-/date-fns-4.1.0.tgz 0ms (cache hit)
637 http cache d3-zoom@https://registry.npmjs.org/d3-zoom/-/d3-zoom-3.0.0.tgz 0ms (cache hit)
638 http cache d3-transition@https://registry.npmjs.org/d3-transition/-/d3-transition-3.0.1.tgz 0ms (cache hit)
639 http cache d3-scale-chromatic@https://registry.npmjs.org/d3-scale-chromatic/-/d3-scale-chromatic-3.1.0.tgz 0ms (cache hit)
640 http cache d3-selection@https://registry.npmjs.org/d3-selection/-/d3-selection-3.0.0.tgz 0ms (cache hit)
641 http cache d3-random@https://registry.npmjs.org/d3-random/-/d3-random-3.0.1.tgz 0ms (cache hit)
642 http cache d3-sankey@https://registry.npmjs.org/d3-sankey/-/d3-sankey-0.12.3.tgz 0ms (cache hit)
643 http cache d3-quadtree@https://registry.npmjs.org/d3-quadtree/-/d3-quadtree-3.0.1.tgz 0ms (cache hit)
644 http cache d3-polygon@https://registry.npmjs.org/d3-polygon/-/d3-polygon-3.0.1.tgz 0ms (cache hit)
645 http cache d3-interpolate-path@https://registry.npmjs.org/d3-interpolate-path/-/d3-interpolate-path-2.3.0.tgz 0ms (cache hit)
646 http cache d3-hierarchy@https://registry.npmjs.org/d3-hierarchy/-/d3-hierarchy-3.1.2.tgz 0ms (cache hit)
647 http cache d3-geo-projection@https://registry.npmjs.org/d3-geo-projection/-/d3-geo-projection-4.0.0.tgz 0ms (cache hit)
648 http cache d3-format@https://registry.npmjs.org/d3-format/-/d3-format-3.1.0.tgz 0ms (cache hit)
649 http cache d3-geo@https://registry.npmjs.org/d3-geo/-/d3-geo-3.1.1.tgz 0ms (cache hit)
650 http cache @tanstack/vue-table@https://registry.npmjs.org/@tanstack/vue-table/-/vue-table-8.21.3.tgz 0ms (cache hit)
651 http cache d3-force@https://registry.npmjs.org/d3-force/-/d3-force-3.0.0.tgz 0ms (cache hit)
652 http cache d3-fetch@https://registry.npmjs.org/d3-fetch/-/d3-fetch-3.0.1.tgz 0ms (cache hit)
653 http cache d3-dsv@https://registry.npmjs.org/d3-dsv/-/d3-dsv-3.0.1.tgz 0ms (cache hit)
654 http cache d3-dispatch@https://registry.npmjs.org/d3-dispatch/-/d3-dispatch-3.0.1.tgz 0ms (cache hit)
655 http cache d3-delaunay@https://registry.npmjs.org/d3-delaunay/-/d3-delaunay-6.0.4.tgz 0ms (cache hit)
656 http cache d3-axis@https://registry.npmjs.org/d3-axis/-/d3-axis-3.0.0.tgz 0ms (cache hit)
657 http cache d3-contour@https://registry.npmjs.org/d3-contour/-/d3-contour-4.0.2.tgz 0ms (cache hit)
658 http cache d3-drag@https://registry.npmjs.org/d3-drag/-/d3-drag-3.0.0.tgz 0ms (cache hit)
659 http cache d3-chord@https://registry.npmjs.org/d3-chord/-/d3-chord-3.0.1.tgz 0ms (cache hit)
660 http cache d3-collection@https://registry.npmjs.org/d3-collection/-/d3-collection-1.0.7.tgz 0ms (cache hit)
661 http cache d3-brush@https://registry.npmjs.org/d3-brush/-/d3-brush-3.0.0.tgz 0ms (cache hit)
662 http cache d3@https://registry.npmjs.org/d3/-/d3-7.9.0.tgz 0ms (cache hit)
663 http cache cosmiconfig@https://registry.npmjs.org/cosmiconfig/-/cosmiconfig-7.1.0.tgz 0ms (cache hit)
664 http cache csscolorparser@https://registry.npmjs.org/csscolorparser/-/csscolorparser-1.0.3.tgz 0ms (cache hit)
665 http cache concurrently@https://registry.npmjs.org/concurrently/-/concurrently-9.2.1.tgz 0ms (cache hit)
666 http cache class-variance-authority@https://registry.npmjs.org/class-variance-authority/-/class-variance-authority-0.7.1.tgz 0ms (cache hit)
667 http cache babel-plugin-macros@https://registry.npmjs.org/babel-plugin-macros/-/babel-plugin-macros-3.1.0.tgz 0ms (cache hit)
668 http cache aria-hidden@https://registry.npmjs.org/aria-hidden/-/aria-hidden-1.2.6.tgz 0ms (cache hit)
669 http cache alien-signals@https://registry.npmjs.org/alien-signals/-/alien-signals-1.0.13.tgz 0ms (cache hit)
670 http cache @vueuse/shared@https://registry.npmjs.org/@vueuse/shared/-/shared-10.11.1.tgz 0ms (cache hit)
671 http cache @vueuse/metadata@https://registry.npmjs.org/@vueuse/metadata/-/metadata-10.11.1.tgz 0ms (cache hit)
672 http cache vue-demi@https://registry.npmjs.org/vue-demi/-/vue-demi-0.14.10.tgz 0ms (cache hit)
673 http cache @vueuse/core@https://registry.npmjs.org/@vueuse/core/-/core-10.11.1.tgz 0ms (cache hit)
674 http cache @types/d3-path@https://registry.npmjs.org/@types/d3-path/-/d3-path-1.0.11.tgz 0ms (cache hit)
675 http cache nanoid@https://registry.npmjs.org/nanoid/-/nanoid-5.1.6.tgz 0ms (cache hit)
676 http cache which@https://registry.npmjs.org/which/-/which-1.3.1.tgz 0ms (cache hit)
677 http cache @types/web-bluetooth@https://registry.npmjs.org/@types/web-bluetooth/-/web-bluetooth-0.0.20.tgz 0ms (cache hit)
678 http cache vue-eslint-parser@https://registry.npmjs.org/vue-eslint-parser/-/vue-eslint-parser-9.4.3.tgz 0ms (cache hit)
679 http cache vue-demi@https://registry.npmjs.org/vue-demi/-/vue-demi-0.14.10.tgz 0ms (cache hit)
680 http cache internmap@https://registry.npmjs.org/internmap/-/internmap-1.0.1.tgz 0ms (cache hit)
681 http cache yaml@https://registry.npmjs.org/yaml/-/yaml-1.10.2.tgz 0ms (cache hit)
682 http cache @types/d3-shape@https://registry.npmjs.org/@types/d3-shape/-/d3-shape-1.3.12.tgz 0ms (cache hit)
683 http cache vue-demi@https://registry.npmjs.org/vue-demi/-/vue-demi-0.14.10.tgz 0ms (cache hit)
684 silly tarball no local data for which@https://registry.npmjs.org/which/-/which-2.0.2.tgz. Extracting by manifest.
685 silly tarball no local data for @babel/parser@https://registry.npmjs.org/@babel/parser/-/parser-7.28.5.tgz. Extracting by manifest.
686 silly tarball no local data for tree-kill@https://registry.npmjs.org/tree-kill/-/tree-kill-1.2.2.tgz. Extracting by manifest.
687 silly tarball no local data for typescript@https://registry.npmjs.org/typescript/-/typescript-5.9.3.tgz. Extracting by manifest.
688 http cache d3-shape@https://registry.npmjs.org/d3-shape/-/d3-shape-1.3.7.tgz 0ms (cache hit)
689 silly tarball no local data for semver@https://registry.npmjs.org/semver/-/semver-7.7.3.tgz. Extracting by manifest.
690 silly tarball no local data for rollup@https://registry.npmjs.org/rollup/-/rollup-4.53.3.tgz. Extracting by manifest.
691 silly tarball no local data for resolve@https://registry.npmjs.org/resolve/-/resolve-1.22.11.tgz. Extracting by manifest.
692 http cache d3-array@https://registry.npmjs.org/d3-array/-/d3-array-2.12.1.tgz 0ms (cache hit)
693 http cache d3-path@https://registry.npmjs.org/d3-path/-/d3-path-1.0.9.tgz 0ms (cache hit)
694 silly tarball no local data for jsesc@https://registry.npmjs.org/jsesc/-/jsesc-3.1.0.tgz. Extracting by manifest.
695 silly tarball no local data for nanoid@https://registry.npmjs.org/nanoid/-/nanoid-3.3.11.tgz. Extracting by manifest.
696 silly tarball no local data for prettier@https://registry.npmjs.org/prettier/-/prettier-3.7.4.tgz. Extracting by manifest.
697 silly tarball no local data for js-yaml@https://registry.npmjs.org/js-yaml/-/js-yaml-4.1.1.tgz. Extracting by manifest.
698 silly tarball no local data for esbuild@https://registry.npmjs.org/esbuild/-/esbuild-0.25.12.tgz. Extracting by manifest.
699 silly tarball no local data for cssesc@https://registry.npmjs.org/cssesc/-/cssesc-3.0.0.tgz. Extracting by manifest.
700 silly tarball no local data for @vueuse/shared@https://registry.npmjs.org/@vueuse/shared/-/shared-12.8.2.tgz. Extracting by manifest.
701 silly tarball no local data for @vueuse/metadata@https://registry.npmjs.org/@vueuse/metadata/-/metadata-12.8.2.tgz. Extracting by manifest.
702 silly tarball no local data for acorn@https://registry.npmjs.org/acorn/-/acorn-8.15.0.tgz. Extracting by manifest.
703 silly tarball no local data for @vueuse/core@https://registry.npmjs.org/@vueuse/core/-/core-12.8.2.tgz. Extracting by manifest.
704 silly tarball no local data for @vue/shared@https://registry.npmjs.org/@vue/shared/-/shared-3.5.25.tgz. Extracting by manifest.
705 silly tarball no local data for @vue/runtime-dom@https://registry.npmjs.org/@vue/runtime-dom/-/runtime-dom-3.5.25.tgz. Extracting by manifest.
706 silly tarball no local data for @vue/server-renderer@https://registry.npmjs.org/@vue/server-renderer/-/server-renderer-3.5.25.tgz. Extracting by manifest.
707 silly tarball no local data for @vue/runtime-core@https://registry.npmjs.org/@vue/runtime-core/-/runtime-core-3.5.25.tgz. Extracting by manifest.
708 silly tarball no local data for @vue/reactivity@https://registry.npmjs.org/@vue/reactivity/-/reactivity-3.5.25.tgz. Extracting by manifest.
709 silly tarball no local data for @vue/language-core@https://registry.npmjs.org/@vue/language-core/-/language-core-2.2.12.tgz. Extracting by manifest.
710 silly tarball no local data for @vue/compiler-vue2@https://registry.npmjs.org/@vue/compiler-vue2/-/compiler-vue2-2.7.16.tgz. Extracting by manifest.
711 silly tarball no local data for @vue/eslint-config-typescript@https://registry.npmjs.org/@vue/eslint-config-typescript/-/eslint-config-typescript-14.6.0.tgz. Extracting by manifest.
712 silly tarball no local data for @vue/compiler-ssr@https://registry.npmjs.org/@vue/compiler-ssr/-/compiler-ssr-3.5.25.tgz. Extracting by manifest.
713 silly tarball no local data for @vue/compiler-sfc@https://registry.npmjs.org/@vue/compiler-sfc/-/compiler-sfc-3.5.25.tgz. Extracting by manifest.
714 silly tarball no local data for @vue/compiler-dom@https://registry.npmjs.org/@vue/compiler-dom/-/compiler-dom-3.5.25.tgz. Extracting by manifest.
715 silly tarball no local data for @vue/compiler-core@https://registry.npmjs.org/@vue/compiler-core/-/compiler-core-3.5.25.tgz. Extracting by manifest.
716 silly tarball no local data for @volar/typescript@https://registry.npmjs.org/@volar/typescript/-/typescript-2.4.15.tgz. Extracting by manifest.
717 silly tarball no local data for @volar/source-map@https://registry.npmjs.org/@volar/source-map/-/source-map-2.4.15.tgz. Extracting by manifest.
718 silly tarball no local data for @volar/language-core@https://registry.npmjs.org/@volar/language-core/-/language-core-2.4.15.tgz. Extracting by manifest.
719 silly tarball no local data for @unovis/graphlibrary@https://registry.npmjs.org/@unovis/graphlibrary/-/graphlibrary-2.2.0-2.tgz. Extracting by manifest.
720 silly tarball no local data for @unovis/ts@https://registry.npmjs.org/@unovis/ts/-/ts-1.6.2.tgz. Extracting by manifest.
721 silly tarball no local data for @unovis/vue@https://registry.npmjs.org/@unovis/vue/-/vue-1.6.2.tgz. Extracting by manifest.
722 silly tarball no local data for @vitejs/plugin-vue@https://registry.npmjs.org/@vitejs/plugin-vue/-/plugin-vue-6.0.2.tgz. Extracting by manifest.
723 silly tarball no local data for @unovis/dagre-layout@https://registry.npmjs.org/@unovis/dagre-layout/-/dagre-layout-0.8.8-2.tgz. Extracting by manifest.
724 silly tarball no local data for @typescript-eslint/utils@https://registry.npmjs.org/@typescript-eslint/utils/-/utils-8.48.1.tgz. Extracting by manifest.
725 silly tarball no local data for @typescript-eslint/visitor-keys@https://registry.npmjs.org/@typescript-eslint/visitor-keys/-/visitor-keys-8.48.1.tgz. Extracting by manifest.
726 silly tarball no local data for @typescript-eslint/typescript-estree@https://registry.npmjs.org/@typescript-eslint/typescript-estree/-/typescript-estree-8.48.1.tgz. Extracting by manifest.
727 silly tarball no local data for @typescript-eslint/type-utils@https://registry.npmjs.org/@typescript-eslint/type-utils/-/type-utils-8.48.1.tgz. Extracting by manifest.
728 silly tarball no local data for @typescript-eslint/tsconfig-utils@https://registry.npmjs.org/@typescript-eslint/tsconfig-utils/-/tsconfig-utils-8.48.1.tgz. Extracting by manifest.
729 silly tarball no local data for @typescript-eslint/types@https://registry.npmjs.org/@typescript-eslint/types/-/types-8.48.1.tgz. Extracting by manifest.
730 silly tarball no local data for @typescript-eslint/scope-manager@https://registry.npmjs.org/@typescript-eslint/scope-manager/-/scope-manager-8.48.1.tgz. Extracting by manifest.
731 silly tarball no local data for @typescript-eslint/project-service@https://registry.npmjs.org/@typescript-eslint/project-service/-/project-service-8.48.1.tgz. Extracting by manifest.
732 silly tarball no local data for @typescript-eslint/parser@https://registry.npmjs.org/@typescript-eslint/parser/-/parser-8.48.1.tgz. Extracting by manifest.
733 silly tarball no local data for @types/web-bluetooth@https://registry.npmjs.org/@types/web-bluetooth/-/web-bluetooth-0.0.21.tgz. Extracting by manifest.
734 silly tarball no local data for @types/topojson-simplify@https://registry.npmjs.org/@types/topojson-simplify/-/topojson-simplify-3.0.3.tgz. Extracting by manifest.
735 silly tarball no local data for @typescript-eslint/eslint-plugin@https://registry.npmjs.org/@typescript-eslint/eslint-plugin/-/eslint-plugin-8.48.1.tgz. Extracting by manifest.
736 silly tarball no local data for @types/topojson-specification@https://registry.npmjs.org/@types/topojson-specification/-/topojson-specification-1.0.5.tgz. Extracting by manifest.
737 silly tarball no local data for @types/topojson-server@https://registry.npmjs.org/@types/topojson-server/-/topojson-server-3.0.4.tgz. Extracting by manifest.
738 silly tarball no local data for @types/topojson-client@https://registry.npmjs.org/@types/topojson-client/-/topojson-client-3.1.5.tgz. Extracting by manifest.
739 silly tarball no local data for @types/topojson@https://registry.npmjs.org/@types/topojson/-/topojson-3.2.6.tgz. Extracting by manifest.
740 silly tarball no local data for @types/throttle-debounce@https://registry.npmjs.org/@types/throttle-debounce/-/throttle-debounce-5.0.2.tgz. Extracting by manifest.
741 silly tarball no local data for @types/three@https://registry.npmjs.org/@types/three/-/three-0.135.0.tgz. Extracting by manifest.
742 silly tarball no local data for @types/pbf@https://registry.npmjs.org/@types/pbf/-/pbf-3.0.5.tgz. Extracting by manifest.
743 silly tarball no local data for @types/parse-json@https://registry.npmjs.org/@types/parse-json/-/parse-json-4.0.2.tgz. Extracting by manifest.
744 silly tarball no local data for @types/supercluster@https://registry.npmjs.org/@types/supercluster/-/supercluster-5.0.3.tgz. Extracting by manifest.
745 silly tarball no local data for @types/node@https://registry.npmjs.org/@types/node/-/node-22.19.1.tgz. Extracting by manifest.
746 silly tarball no local data for @types/mapbox__vector-tile@https://registry.npmjs.org/@types/mapbox__vector-tile/-/mapbox__vector-tile-1.3.4.tgz. Extracting by manifest.
747 silly tarball no local data for @types/lodash-es@https://registry.npmjs.org/@types/lodash-es/-/lodash-es-4.17.12.tgz. Extracting by manifest.
748 silly tarball no local data for @types/lodash@https://registry.npmjs.org/@types/lodash/-/lodash-4.17.21.tgz. Extracting by manifest.
749 silly tarball no local data for @types/leaflet@https://registry.npmjs.org/@types/leaflet/-/leaflet-1.7.6.tgz. Extracting by manifest.
750 silly tarball no local data for @types/mapbox__point-geometry@https://registry.npmjs.org/@types/mapbox__point-geometry/-/mapbox__point-geometry-0.1.4.tgz. Extracting by manifest.
751 silly tarball no local data for @types/geojson@https://registry.npmjs.org/@types/geojson/-/geojson-7946.0.16.tgz. Extracting by manifest.
752 silly tarball no local data for @types/d3-transition@https://registry.npmjs.org/@types/d3-transition/-/d3-transition-3.0.9.tgz. Extracting by manifest.
753 silly tarball no local data for @types/dagre@https://registry.npmjs.org/@types/dagre/-/dagre-0.7.53.tgz. Extracting by manifest.
754 silly tarball no local data for @types/d3-time-format@https://registry.npmjs.org/@types/d3-time-format/-/d3-time-format-4.0.3.tgz. Extracting by manifest.
755 silly tarball no local data for @types/d3-shape@https://registry.npmjs.org/@types/d3-shape/-/d3-shape-3.1.7.tgz. Extracting by manifest.
756 silly tarball no local data for @types/d3-selection@https://registry.npmjs.org/@types/d3-selection/-/d3-selection-3.0.11.tgz. Extracting by manifest.
757 silly tarball no local data for @types/d3-zoom@https://registry.npmjs.org/@types/d3-zoom/-/d3-zoom-3.0.8.tgz. Extracting by manifest.
758 silly tarball no local data for @types/d3-scale-chromatic@https://registry.npmjs.org/@types/d3-scale-chromatic/-/d3-scale-chromatic-3.1.0.tgz. Extracting by manifest.
759 silly tarball no local data for @types/d3-sankey@https://registry.npmjs.org/@types/d3-sankey/-/d3-sankey-0.11.2.tgz. Extracting by manifest.
760 silly tarball no local data for @types/d3-random@https://registry.npmjs.org/@types/d3-random/-/d3-random-3.0.3.tgz. Extracting by manifest.
761 silly tarball no local data for @types/d3-quadtree@https://registry.npmjs.org/@types/d3-quadtree/-/d3-quadtree-3.0.6.tgz. Extracting by manifest.
762 silly tarball no local data for @types/d3-polygon@https://registry.npmjs.org/@types/d3-polygon/-/d3-polygon-3.0.2.tgz. Extracting by manifest.
763 silly tarball no local data for @types/d3-hierarchy@https://registry.npmjs.org/@types/d3-hierarchy/-/d3-hierarchy-3.1.7.tgz. Extracting by manifest.
764 silly tarball no local data for @types/d3-geo@https://registry.npmjs.org/@types/d3-geo/-/d3-geo-3.1.0.tgz. Extracting by manifest.
765 silly tarball no local data for @types/d3-format@https://registry.npmjs.org/@types/d3-format/-/d3-format-3.0.4.tgz. Extracting by manifest.
766 silly tarball no local data for @types/d3-force@https://registry.npmjs.org/@types/d3-force/-/d3-force-3.0.10.tgz. Extracting by manifest.
767 silly tarball no local data for @types/d3-fetch@https://registry.npmjs.org/@types/d3-fetch/-/d3-fetch-3.0.7.tgz. Extracting by manifest.
768 silly tarball no local data for @types/d3-drag@https://registry.npmjs.org/@types/d3-drag/-/d3-drag-3.0.7.tgz. Extracting by manifest.
769 silly tarball no local data for @types/d3-dsv@https://registry.npmjs.org/@types/d3-dsv/-/d3-dsv-3.0.7.tgz. Extracting by manifest.
770 silly tarball no local data for @types/d3-dispatch@https://registry.npmjs.org/@types/d3-dispatch/-/d3-dispatch-3.0.7.tgz. Extracting by manifest.
771 silly tarball no local data for @types/d3-delaunay@https://registry.npmjs.org/@types/d3-delaunay/-/d3-delaunay-6.0.4.tgz. Extracting by manifest.
772 silly tarball no local data for @types/d3-contour@https://registry.npmjs.org/@types/d3-contour/-/d3-contour-3.0.6.tgz. Extracting by manifest.
773 silly tarball no local data for @types/d3-collection@https://registry.npmjs.org/@types/d3-collection/-/d3-collection-1.0.13.tgz. Extracting by manifest.
774 silly tarball no local data for @types/d3-axis@https://registry.npmjs.org/@types/d3-axis/-/d3-axis-3.0.6.tgz. Extracting by manifest.
775 silly tarball no local data for @types/d3-chord@https://registry.npmjs.org/@types/d3-chord/-/d3-chord-3.0.6.tgz. Extracting by manifest.
776 silly tarball no local data for @types/d3-brush@https://registry.npmjs.org/@types/d3-brush/-/d3-brush-3.0.6.tgz. Extracting by manifest.
777 silly tarball no local data for @tanstack/table-core@https://registry.npmjs.org/@tanstack/table-core/-/table-core-8.21.3.tgz. Extracting by manifest.
778 silly tarball no local data for @tanstack/vue-virtual@https://registry.npmjs.org/@tanstack/vue-virtual/-/vue-virtual-3.13.13.tgz. Extracting by manifest.
779 silly tarball no local data for @types/d3@https://registry.npmjs.org/@types/d3/-/d3-7.4.3.tgz. Extracting by manifest.
780 silly tarball no local data for @tanstack/virtual-core@https://registry.npmjs.org/@tanstack/virtual-core/-/virtual-core-3.13.13.tgz. Extracting by manifest.
781 silly tarball no local data for @tailwindcss/node@https://registry.npmjs.org/@tailwindcss/node/-/node-4.1.17.tgz. Extracting by manifest.
782 silly tarball no local data for @tailwindcss/oxide-win32-x64-msvc@https://registry.npmjs.org/@tailwindcss/oxide-win32-x64-msvc/-/oxide-win32-x64-msvc-4.1.17.tgz. Extracting by manifest.
783 silly tarball no local data for @tailwindcss/vite@https://registry.npmjs.org/@tailwindcss/vite/-/vite-4.1.17.tgz. Extracting by manifest.
784 silly tarball no local data for @tailwindcss/oxide@https://registry.npmjs.org/@tailwindcss/oxide/-/oxide-4.1.17.tgz. Extracting by manifest.
785 silly tarball no local data for @mapbox/whoots-js@https://registry.npmjs.org/@mapbox/whoots-js/-/whoots-js-3.1.0.tgz. Extracting by manifest.
786 silly tarball no local data for @rollup/rollup-win32-x64-msvc@https://registry.npmjs.org/@rollup/rollup-win32-x64-msvc/-/rollup-win32-x64-msvc-4.9.5.tgz. Extracting by manifest.
787 silly tarball no local data for @mapbox/unitbezier@https://registry.npmjs.org/@mapbox/unitbezier/-/unitbezier-0.0.1.tgz. Extracting by manifest.
788 silly tarball no local data for @mapbox/vector-tile@https://registry.npmjs.org/@mapbox/vector-tile/-/vector-tile-1.3.1.tgz. Extracting by manifest.
789 silly tarball no local data for @rolldown/pluginutils@https://registry.npmjs.org/@rolldown/pluginutils/-/pluginutils-1.0.0-beta.50.tgz. Extracting by manifest.
790 silly tarball no local data for @mapbox/tiny-sdf@https://registry.npmjs.org/@mapbox/tiny-sdf/-/tiny-sdf-2.0.7.tgz. Extracting by manifest.
791 silly tarball no local data for @mapbox/point-geometry@https://registry.npmjs.org/@mapbox/point-geometry/-/point-geometry-0.1.0.tgz. Extracting by manifest.
792 silly tarball no local data for @mapbox/mapbox-gl-supported@https://registry.npmjs.org/@mapbox/mapbox-gl-supported/-/mapbox-gl-supported-2.0.1.tgz. Extracting by manifest.
793 silly tarball no local data for @mapbox/jsonlint-lines-primitives@https://registry.npmjs.org/@mapbox/jsonlint-lines-primitives/-/jsonlint-lines-primitives-2.0.2.tgz. Extracting by manifest.
794 silly tarball no local data for @laravel/echo-vue@https://registry.npmjs.org/@laravel/echo-vue/-/echo-vue-2.3.0.tgz. Extracting by manifest.
795 silly tarball no local data for @mapbox/geojson-rewind@https://registry.npmjs.org/@mapbox/geojson-rewind/-/geojson-rewind-0.5.2.tgz. Extracting by manifest.
796 silly tarball no local data for @laravel/vite-plugin-wayfinder@https://registry.npmjs.org/@laravel/vite-plugin-wayfinder/-/vite-plugin-wayfinder-0.1.7.tgz. Extracting by manifest.
797 silly tarball no local data for @internationalized/number@https://registry.npmjs.org/@internationalized/number/-/number-3.6.5.tgz. Extracting by manifest.
798 silly tarball no local data for @inertiajs/core@https://registry.npmjs.org/@inertiajs/core/-/core-2.2.19.tgz. Extracting by manifest.
799 silly tarball no local data for @internationalized/date@https://registry.npmjs.org/@internationalized/date/-/date-3.10.0.tgz. Extracting by manifest.
800 silly tarball no local data for @inertiajs/vue3@https://registry.npmjs.org/@inertiajs/vue3/-/vue3-2.2.19.tgz. Extracting by manifest.
801 silly tarball no local data for @juggle/resize-observer@https://registry.npmjs.org/@juggle/resize-observer/-/resize-observer-3.4.0.tgz. Extracting by manifest.
802 silly tarball no local data for @floating-ui/core@https://registry.npmjs.org/@floating-ui/core/-/core-1.7.3.tgz. Extracting by manifest.
803 silly tarball no local data for @floating-ui/utils@https://registry.npmjs.org/@floating-ui/utils/-/utils-0.2.10.tgz. Extracting by manifest.
804 silly tarball no local data for @floating-ui/dom@https://registry.npmjs.org/@floating-ui/dom/-/dom-1.7.4.tgz. Extracting by manifest.
805 silly tarball no local data for @floating-ui/vue@https://registry.npmjs.org/@floating-ui/vue/-/vue-1.1.9.tgz. Extracting by manifest.
806 silly tarball no local data for @eslint/js@https://registry.npmjs.org/@eslint/js/-/js-9.39.1.tgz. Extracting by manifest.
807 silly tarball no local data for @emotion/weak-memoize@https://registry.npmjs.org/@emotion/weak-memoize/-/weak-memoize-0.4.0.tgz. Extracting by manifest.
808 silly tarball no local data for @emotion/utils@https://registry.npmjs.org/@emotion/utils/-/utils-1.4.2.tgz. Extracting by manifest.
809 silly tarball no local data for @emotion/unitless@https://registry.npmjs.org/@emotion/unitless/-/unitless-0.10.0.tgz. Extracting by manifest.
810 silly tarball no local data for @emotion/serialize@https://registry.npmjs.org/@emotion/serialize/-/serialize-1.3.3.tgz. Extracting by manifest.
811 silly tarball no local data for @emotion/sheet@https://registry.npmjs.org/@emotion/sheet/-/sheet-1.4.0.tgz. Extracting by manifest.
812 silly tarball no local data for @emotion/memoize@https://registry.npmjs.org/@emotion/memoize/-/memoize-0.9.0.tgz. Extracting by manifest.
813 silly tarball no local data for @emotion/css@https://registry.npmjs.org/@emotion/css/-/css-11.13.5.tgz. Extracting by manifest.
814 silly tarball no local data for @emotion/hash@https://registry.npmjs.org/@emotion/hash/-/hash-0.9.2.tgz. Extracting by manifest.
815 silly tarball no local data for @babel/runtime@https://registry.npmjs.org/@babel/runtime/-/runtime-7.28.4.tgz. Extracting by manifest.
816 silly tarball no local data for @emotion/babel-plugin@https://registry.npmjs.org/@emotion/babel-plugin/-/babel-plugin-11.13.5.tgz. Extracting by manifest.
817 silly tarball no local data for xmlhttprequest-ssl@https://registry.npmjs.org/xmlhttprequest-ssl/-/xmlhttprequest-ssl-2.1.2.tgz. Extracting by manifest.
818 silly tarball no local data for @emotion/cache@https://registry.npmjs.org/@emotion/cache/-/cache-11.14.0.tgz. Extracting by manifest.
819 silly tarball no local data for vue-tsc@https://registry.npmjs.org/vue-tsc/-/vue-tsc-2.2.12.tgz. Extracting by manifest.
820 silly tarball no local data for vue-sonner@https://registry.npmjs.org/vue-sonner/-/vue-sonner-2.0.9.tgz. Extracting by manifest.
821 silly tarball no local data for vue-input-otp@https://registry.npmjs.org/vue-input-otp/-/vue-input-otp-0.3.2.tgz. Extracting by manifest.
822 silly tarball no local data for vue@https://registry.npmjs.org/vue/-/vue-3.5.25.tgz. Extracting by manifest.
823 silly tarball no local data for vue-eslint-parser@https://registry.npmjs.org/vue-eslint-parser/-/vue-eslint-parser-10.2.0.tgz. Extracting by manifest.
824 silly tarball no local data for vt-pbf@https://registry.npmjs.org/vt-pbf/-/vt-pbf-3.1.3.tgz. Extracting by manifest.
825 silly tarball no local data for vite@https://registry.npmjs.org/vite/-/vite-7.2.7.tgz. Extracting by manifest.
826 silly tarball no local data for tw-animate-css@https://registry.npmjs.org/tw-animate-css/-/tw-animate-css-1.4.0.tgz. Extracting by manifest.
827 silly tarball no local data for typescript-eslint@https://registry.npmjs.org/typescript-eslint/-/typescript-eslint-8.48.1.tgz. Extracting by manifest.
828 silly tarball no local data for tweetnacl@https://registry.npmjs.org/tweetnacl/-/tweetnacl-1.0.3.tgz. Extracting by manifest.
829 silly tarball no local data for to-px@https://registry.npmjs.org/to-px/-/to-px-1.1.0.tgz. Extracting by manifest.
830 silly tarball no local data for ts-api-utils@https://registry.npmjs.org/ts-api-utils/-/ts-api-utils-2.1.0.tgz. Extracting by manifest.
831 silly tarball no local data for topojson-client@https://registry.npmjs.org/topojson-client/-/topojson-client-3.1.0.tgz. Extracting by manifest.
832 silly tarball no local data for tinyqueue@https://registry.npmjs.org/tinyqueue/-/tinyqueue-2.0.3.tgz. Extracting by manifest.
833 silly tarball no local data for three@https://registry.npmjs.org/three/-/three-0.135.0.tgz. Extracting by manifest.
834 silly tarball no local data for throttle-debounce@https://registry.npmjs.org/throttle-debounce/-/throttle-debounce-5.0.2.tgz. Extracting by manifest.
835 silly tarball no local data for tailwindcss@https://registry.npmjs.org/tailwindcss/-/tailwindcss-4.1.17.tgz. Extracting by manifest.
836 silly tarball no local data for tailwind-merge@https://registry.npmjs.org/tailwind-merge/-/tailwind-merge-3.4.0.tgz. Extracting by manifest.
837 silly tarball no local data for supercluster@https://registry.npmjs.org/supercluster/-/supercluster-7.1.5.tgz. Extracting by manifest.
838 silly tarball no local data for stylis@https://registry.npmjs.org/stylis/-/stylis-4.2.0.tgz. Extracting by manifest.
839 silly tarball no local data for striptags@https://registry.npmjs.org/striptags/-/striptags-3.2.0.tgz. Extracting by manifest.
840 silly tarball no local data for socket.io-client@https://registry.npmjs.org/socket.io-client/-/socket.io-client-4.8.3.tgz. Extracting by manifest.
841 silly tarball no local data for robust-predicates@https://registry.npmjs.org/robust-predicates/-/robust-predicates-3.0.2.tgz. Extracting by manifest.
842 silly tarball no local data for rw@https://registry.npmjs.org/rw/-/rw-1.3.3.tgz. Extracting by manifest.
843 silly tarball no local data for resolve-protobuf-schema@https://registry.npmjs.org/resolve-protobuf-schema/-/resolve-protobuf-schema-2.1.0.tgz. Extracting by manifest.
844 silly tarball no local data for reka-ui@https://registry.npmjs.org/reka-ui/-/reka-ui-2.7.0.tgz. Extracting by manifest.
845 silly tarball no local data for radix-vue@https://registry.npmjs.org/radix-vue/-/radix-vue-1.9.17.tgz. Extracting by manifest.
846 silly tarball no local data for quickselect@https://registry.npmjs.org/quickselect/-/quickselect-2.0.0.tgz. Extracting by manifest.
847 silly tarball no local data for protocol-buffers-schema@https://registry.npmjs.org/protocol-buffers-schema/-/protocol-buffers-schema-3.6.0.tgz. Extracting by manifest.
848 silly tarball no local data for pusher-js@https://registry.npmjs.org/pusher-js/-/pusher-js-8.4.0.tgz. Extracting by manifest.
849 silly tarball no local data for prettier-plugin-organize-imports@https://registry.npmjs.org/prettier-plugin-organize-imports/-/prettier-plugin-organize-imports-4.3.0.tgz. Extracting by manifest.
850 silly tarball no local data for potpack@https://registry.npmjs.org/potpack/-/potpack-1.0.2.tgz. Extracting by manifest.
851 silly tarball no local data for parse-unit@https://registry.npmjs.org/parse-unit/-/parse-unit-1.0.1.tgz. Extracting by manifest.
852 silly tarball no local data for pbf@https://registry.npmjs.org/pbf/-/pbf-3.3.0.tgz. Extracting by manifest.
853 silly tarball no local data for murmurhash-js@https://registry.npmjs.org/murmurhash-js/-/murmurhash-js-1.0.0.tgz. Extracting by manifest.
854 silly tarball no local data for lucide-vue-next@https://registry.npmjs.org/lucide-vue-next/-/lucide-vue-next-0.468.0.tgz. Extracting by manifest.
855 silly tarball no local data for lodash-es@https://registry.npmjs.org/lodash-es/-/lodash-es-4.17.21.tgz. Extracting by manifest.
856 silly tarball no local data for maplibre-gl@https://registry.npmjs.org/maplibre-gl/-/maplibre-gl-2.4.0.tgz. Extracting by manifest.
857 silly tarball no local data for lightningcss-win32-x64-msvc@https://registry.npmjs.org/lightningcss-win32-x64-msvc/-/lightningcss-win32-x64-msvc-1.30.2.tgz. Extracting by manifest.
858 silly tarball no local data for leaflet@https://registry.npmjs.org/leaflet/-/leaflet-1.7.1.tgz. Extracting by manifest.
859 silly tarball no local data for lightningcss@https://registry.npmjs.org/lightningcss/-/lightningcss-1.30.2.tgz. Extracting by manifest.
860 silly tarball no local data for laravel-echo@https://registry.npmjs.org/laravel-echo/-/laravel-echo-2.3.0.tgz. Extracting by manifest.
861 silly tarball no local data for laravel-vite-plugin@https://registry.npmjs.org/laravel-vite-plugin/-/laravel-vite-plugin-2.0.1.tgz. Extracting by manifest.
862 silly tarball no local data for kdbush@https://registry.npmjs.org/kdbush/-/kdbush-3.0.0.tgz. Extracting by manifest.
863 silly tarball no local data for jiti@https://registry.npmjs.org/jiti/-/jiti-2.6.1.tgz. Extracting by manifest.
864 silly tarball no local data for he@https://registry.npmjs.org/he/-/he-1.2.0.tgz. Extracting by manifest.
865 silly tarball no local data for global-prefix@https://registry.npmjs.org/global-prefix/-/global-prefix-3.0.0.tgz. Extracting by manifest.
866 silly tarball no local data for gl-matrix@https://registry.npmjs.org/gl-matrix/-/gl-matrix-3.4.4.tgz. Extracting by manifest.
867 silly tarball no local data for geojson-vt@https://registry.npmjs.org/geojson-vt/-/geojson-vt-3.2.1.tgz. Extracting by manifest.
868 silly tarball no local data for find-root@https://registry.npmjs.org/find-root/-/find-root-1.1.0.tgz. Extracting by manifest.
869 silly tarball no local data for geojson@https://registry.npmjs.org/geojson/-/geojson-0.5.0.tgz. Extracting by manifest.
870 silly tarball no local data for eslint-config-prettier@https://registry.npmjs.org/eslint-config-prettier/-/eslint-config-prettier-10.1.8.tgz. Extracting by manifest.
871 silly tarball no local data for eslint-plugin-vue@https://registry.npmjs.org/eslint-plugin-vue/-/eslint-plugin-vue-9.33.0.tgz. Extracting by manifest.
872 silly tarball no local data for eslint@https://registry.npmjs.org/eslint/-/eslint-9.39.1.tgz. Extracting by manifest.
873 silly tarball no local data for engine.io-client@https://registry.npmjs.org/engine.io-client/-/engine.io-client-6.6.4.tgz. Extracting by manifest.
874 silly tarball no local data for elkjs@https://registry.npmjs.org/elkjs/-/elkjs-0.10.2.tgz. Extracting by manifest.
875 silly tarball no local data for earcut@https://registry.npmjs.org/earcut/-/earcut-2.2.4.tgz. Extracting by manifest.
876 silly tarball no local data for delaunator@https://registry.npmjs.org/delaunator/-/delaunator-5.0.1.tgz. Extracting by manifest.
877 silly tarball no local data for de-indent@https://registry.npmjs.org/de-indent/-/de-indent-1.0.2.tgz. Extracting by manifest.
878 silly tarball no local data for date-fns@https://registry.npmjs.org/date-fns/-/date-fns-4.1.0.tgz. Extracting by manifest.
879 silly tarball no local data for d3-zoom@https://registry.npmjs.org/d3-zoom/-/d3-zoom-3.0.0.tgz. Extracting by manifest.
880 silly tarball no local data for d3-transition@https://registry.npmjs.org/d3-transition/-/d3-transition-3.0.1.tgz. Extracting by manifest.
881 silly tarball no local data for d3-scale-chromatic@https://registry.npmjs.org/d3-scale-chromatic/-/d3-scale-chromatic-3.1.0.tgz. Extracting by manifest.
882 silly tarball no local data for d3-selection@https://registry.npmjs.org/d3-selection/-/d3-selection-3.0.0.tgz. Extracting by manifest.
883 silly tarball no local data for d3-random@https://registry.npmjs.org/d3-random/-/d3-random-3.0.1.tgz. Extracting by manifest.
884 silly tarball no local data for d3-sankey@https://registry.npmjs.org/d3-sankey/-/d3-sankey-0.12.3.tgz. Extracting by manifest.
885 silly tarball no local data for d3-quadtree@https://registry.npmjs.org/d3-quadtree/-/d3-quadtree-3.0.1.tgz. Extracting by manifest.
886 silly tarball no local data for d3-polygon@https://registry.npmjs.org/d3-polygon/-/d3-polygon-3.0.1.tgz. Extracting by manifest.
887 silly tarball no local data for d3-interpolate-path@https://registry.npmjs.org/d3-interpolate-path/-/d3-interpolate-path-2.3.0.tgz. Extracting by manifest.
888 silly tarball no local data for d3-hierarchy@https://registry.npmjs.org/d3-hierarchy/-/d3-hierarchy-3.1.2.tgz. Extracting by manifest.
889 silly tarball no local data for d3-geo-projection@https://registry.npmjs.org/d3-geo-projection/-/d3-geo-projection-4.0.0.tgz. Extracting by manifest.
890 silly tarball no local data for d3-format@https://registry.npmjs.org/d3-format/-/d3-format-3.1.0.tgz. Extracting by manifest.
891 silly tarball no local data for d3-geo@https://registry.npmjs.org/d3-geo/-/d3-geo-3.1.1.tgz. Extracting by manifest.
892 silly tarball no local data for @tanstack/vue-table@https://registry.npmjs.org/@tanstack/vue-table/-/vue-table-8.21.3.tgz. Extracting by manifest.
893 silly tarball no local data for d3-force@https://registry.npmjs.org/d3-force/-/d3-force-3.0.0.tgz. Extracting by manifest.
894 silly tarball no local data for d3-fetch@https://registry.npmjs.org/d3-fetch/-/d3-fetch-3.0.1.tgz. Extracting by manifest.
895 silly tarball no local data for d3-dsv@https://registry.npmjs.org/d3-dsv/-/d3-dsv-3.0.1.tgz. Extracting by manifest.
896 silly tarball no local data for d3-dispatch@https://registry.npmjs.org/d3-dispatch/-/d3-dispatch-3.0.1.tgz. Extracting by manifest.
897 silly tarball no local data for d3-delaunay@https://registry.npmjs.org/d3-delaunay/-/d3-delaunay-6.0.4.tgz. Extracting by manifest.
898 silly tarball no local data for d3-axis@https://registry.npmjs.org/d3-axis/-/d3-axis-3.0.0.tgz. Extracting by manifest.
899 silly tarball no local data for d3-contour@https://registry.npmjs.org/d3-contour/-/d3-contour-4.0.2.tgz. Extracting by manifest.
900 silly tarball no local data for d3-drag@https://registry.npmjs.org/d3-drag/-/d3-drag-3.0.0.tgz. Extracting by manifest.
901 silly tarball no local data for d3-chord@https://registry.npmjs.org/d3-chord/-/d3-chord-3.0.1.tgz. Extracting by manifest.
902 silly tarball no local data for d3-collection@https://registry.npmjs.org/d3-collection/-/d3-collection-1.0.7.tgz. Extracting by manifest.
903 silly tarball no local data for d3-brush@https://registry.npmjs.org/d3-brush/-/d3-brush-3.0.0.tgz. Extracting by manifest.
904 silly tarball no local data for d3@https://registry.npmjs.org/d3/-/d3-7.9.0.tgz. Extracting by manifest.
905 silly tarball no local data for cosmiconfig@https://registry.npmjs.org/cosmiconfig/-/cosmiconfig-7.1.0.tgz. Extracting by manifest.
906 silly tarball no local data for csscolorparser@https://registry.npmjs.org/csscolorparser/-/csscolorparser-1.0.3.tgz. Extracting by manifest.
907 silly tarball no local data for concurrently@https://registry.npmjs.org/concurrently/-/concurrently-9.2.1.tgz. Extracting by manifest.
908 silly tarball no local data for class-variance-authority@https://registry.npmjs.org/class-variance-authority/-/class-variance-authority-0.7.1.tgz. Extracting by manifest.
909 silly tarball no local data for babel-plugin-macros@https://registry.npmjs.org/babel-plugin-macros/-/babel-plugin-macros-3.1.0.tgz. Extracting by manifest.
910 silly tarball no local data for aria-hidden@https://registry.npmjs.org/aria-hidden/-/aria-hidden-1.2.6.tgz. Extracting by manifest.
911 silly tarball no local data for alien-signals@https://registry.npmjs.org/alien-signals/-/alien-signals-1.0.13.tgz. Extracting by manifest.
912 silly tarball no local data for @vueuse/shared@https://registry.npmjs.org/@vueuse/shared/-/shared-10.11.1.tgz. Extracting by manifest.
913 silly tarball no local data for @vueuse/metadata@https://registry.npmjs.org/@vueuse/metadata/-/metadata-10.11.1.tgz. Extracting by manifest.
914 silly tarball no local data for vue-demi@https://registry.npmjs.org/vue-demi/-/vue-demi-0.14.10.tgz. Extracting by manifest.
915 silly tarball no local data for @vueuse/core@https://registry.npmjs.org/@vueuse/core/-/core-10.11.1.tgz. Extracting by manifest.
916 silly tarball no local data for @types/d3-path@https://registry.npmjs.org/@types/d3-path/-/d3-path-1.0.11.tgz. Extracting by manifest.
917 silly tarball no local data for nanoid@https://registry.npmjs.org/nanoid/-/nanoid-5.1.6.tgz. Extracting by manifest.
918 silly tarball no local data for which@https://registry.npmjs.org/which/-/which-1.3.1.tgz. Extracting by manifest.
919 silly tarball no local data for @types/web-bluetooth@https://registry.npmjs.org/@types/web-bluetooth/-/web-bluetooth-0.0.20.tgz. Extracting by manifest.
920 silly tarball no local data for vue-eslint-parser@https://registry.npmjs.org/vue-eslint-parser/-/vue-eslint-parser-9.4.3.tgz. Extracting by manifest.
921 silly tarball no local data for vue-demi@https://registry.npmjs.org/vue-demi/-/vue-demi-0.14.10.tgz. Extracting by manifest.
922 silly tarball no local data for internmap@https://registry.npmjs.org/internmap/-/internmap-1.0.1.tgz. Extracting by manifest.
923 silly tarball no local data for yaml@https://registry.npmjs.org/yaml/-/yaml-1.10.2.tgz. Extracting by manifest.
924 silly tarball no local data for @types/d3-shape@https://registry.npmjs.org/@types/d3-shape/-/d3-shape-1.3.12.tgz. Extracting by manifest.
925 silly tarball no local data for vue-demi@https://registry.npmjs.org/vue-demi/-/vue-demi-0.14.10.tgz. Extracting by manifest.
926 silly tarball no local data for d3-shape@https://registry.npmjs.org/d3-shape/-/d3-shape-1.3.7.tgz. Extracting by manifest.
927 silly tarball no local data for d3-array@https://registry.npmjs.org/d3-array/-/d3-array-2.12.1.tgz. Extracting by manifest.
928 silly tarball no local data for d3-path@https://registry.npmjs.org/d3-path/-/d3-path-1.0.9.tgz. Extracting by manifest.
929 silly audit bulk request failed undefined
930 http fetch GET https://registry.npmjs.org/which/-/which-2.0.2.tgz attempt 1 failed with EACCES
931 http fetch GET https://registry.npmjs.org/@babel/parser/-/parser-7.28.5.tgz attempt 1 failed with EACCES
932 http fetch GET https://registry.npmjs.org/tree-kill/-/tree-kill-1.2.2.tgz attempt 1 failed with EACCES
933 http fetch GET https://registry.npmjs.org/typescript/-/typescript-5.9.3.tgz attempt 1 failed with EACCES
934 http fetch GET https://registry.npmjs.org/semver/-/semver-7.7.3.tgz attempt 1 failed with EACCES
935 http fetch GET https://registry.npmjs.org/rollup/-/rollup-4.53.3.tgz attempt 1 failed with EACCES
936 http fetch GET https://registry.npmjs.org/resolve/-/resolve-1.22.11.tgz attempt 1 failed with EACCES
937 http fetch GET https://registry.npmjs.org/jsesc/-/jsesc-3.1.0.tgz attempt 1 failed with EACCES
938 http fetch GET https://registry.npmjs.org/nanoid/-/nanoid-3.3.11.tgz attempt 1 failed with EACCES
939 http fetch GET https://registry.npmjs.org/prettier/-/prettier-3.7.4.tgz attempt 1 failed with EACCES
940 http fetch GET https://registry.npmjs.org/js-yaml/-/js-yaml-4.1.1.tgz attempt 1 failed with EACCES
941 http fetch GET https://registry.npmjs.org/esbuild/-/esbuild-0.25.12.tgz attempt 1 failed with EACCES
942 http fetch GET https://registry.npmjs.org/cssesc/-/cssesc-3.0.0.tgz attempt 1 failed with EACCES
943 http fetch GET https://registry.npmjs.org/@vueuse/shared/-/shared-12.8.2.tgz attempt 1 failed with EACCES
944 verbose audit error FetchError: request to https://registry.npmjs.org/-/npm/v1/security/audits/quick failed, reason: 
944 verbose audit error     at ClientRequest.<anonymous> (C:\Program Files\nodejs\node_modules\npm\node_modules\minipass-fetch\lib\index.js:130:14)
944 verbose audit error     at ClientRequest.emit (node:events:518:28)
944 verbose audit error     at emitErrorEvent (node:_http_client:104:11)
944 verbose audit error     at _destroy (node:_http_client:898:9)
944 verbose audit error     at onSocketNT (node:_http_client:918:5)
944 verbose audit error     at process.processTicksAndRejections (node:internal/process/task_queues:91:21) {
944 verbose audit error   code: 'EACCES',
944 verbose audit error   errno: 'EACCES',
944 verbose audit error   type: 'system'
944 verbose audit error }
945 silly audit error undefined
946 silly audit report null
947 http fetch GET https://registry.npmjs.org/npm attempt 2 failed with EACCES
948 http fetch GET https://registry.npmjs.org/which/-/which-2.0.2.tgz attempt 2 failed with EACCES
949 http fetch GET https://registry.npmjs.org/@babel/parser/-/parser-7.28.5.tgz attempt 2 failed with EACCES
950 http fetch GET https://registry.npmjs.org/tree-kill/-/tree-kill-1.2.2.tgz attempt 2 failed with EACCES
951 http fetch GET https://registry.npmjs.org/typescript/-/typescript-5.9.3.tgz attempt 2 failed with EACCES
952 http fetch GET https://registry.npmjs.org/semver/-/semver-7.7.3.tgz attempt 2 failed with EACCES
953 http fetch GET https://registry.npmjs.org/rollup/-/rollup-4.53.3.tgz attempt 2 failed with EACCES
954 http fetch GET https://registry.npmjs.org/resolve/-/resolve-1.22.11.tgz attempt 2 failed with EACCES
955 http fetch GET https://registry.npmjs.org/jsesc/-/jsesc-3.1.0.tgz attempt 2 failed with EACCES
956 http fetch GET https://registry.npmjs.org/nanoid/-/nanoid-3.3.11.tgz attempt 2 failed with EACCES
957 http fetch GET https://registry.npmjs.org/prettier/-/prettier-3.7.4.tgz attempt 2 failed with EACCES
958 http fetch GET https://registry.npmjs.org/js-yaml/-/js-yaml-4.1.1.tgz attempt 2 failed with EACCES
959 http fetch GET https://registry.npmjs.org/esbuild/-/esbuild-0.25.12.tgz attempt 2 failed with EACCES
960 http fetch GET https://registry.npmjs.org/cssesc/-/cssesc-3.0.0.tgz attempt 2 failed with EACCES
961 http fetch GET https://registry.npmjs.org/@vueuse/shared/-/shared-12.8.2.tgz attempt 2 failed with EACCES
962 http fetch GET https://registry.npmjs.org/npm attempt 3 failed with EACCES
963 http fetch GET https://registry.npmjs.org/which/-/which-2.0.2.tgz attempt 3 failed with EACCES
964 http fetch GET https://registry.npmjs.org/@babel/parser/-/parser-7.28.5.tgz attempt 3 failed with EACCES
965 http fetch GET https://registry.npmjs.org/tree-kill/-/tree-kill-1.2.2.tgz attempt 3 failed with EACCES
966 http fetch GET https://registry.npmjs.org/typescript/-/typescript-5.9.3.tgz attempt 3 failed with EACCES
967 http fetch GET https://registry.npmjs.org/semver/-/semver-7.7.3.tgz attempt 3 failed with EACCES
968 http fetch GET https://registry.npmjs.org/rollup/-/rollup-4.53.3.tgz attempt 3 failed with EACCES
969 http fetch GET https://registry.npmjs.org/resolve/-/resolve-1.22.11.tgz attempt 3 failed with EACCES
970 http fetch GET https://registry.npmjs.org/jsesc/-/jsesc-3.1.0.tgz attempt 3 failed with EACCES
971 http fetch GET https://registry.npmjs.org/nanoid/-/nanoid-3.3.11.tgz attempt 3 failed with EACCES
972 http fetch GET https://registry.npmjs.org/prettier/-/prettier-3.7.4.tgz attempt 3 failed with EACCES
973 http fetch GET https://registry.npmjs.org/js-yaml/-/js-yaml-4.1.1.tgz attempt 3 failed with EACCES
974 http fetch GET https://registry.npmjs.org/esbuild/-/esbuild-0.25.12.tgz attempt 3 failed with EACCES
975 http fetch GET https://registry.npmjs.org/cssesc/-/cssesc-3.0.0.tgz attempt 3 failed with EACCES
976 http fetch GET https://registry.npmjs.org/@vueuse/shared/-/shared-12.8.2.tgz attempt 3 failed with EACCES
977 verbose cwd C:\Users\jose\Downloads\sistema-colas-master\sistema-colas-master
978 verbose os Windows_NT 10.0.26200
979 verbose node v22.18.0
980 verbose npm  v10.9.3
981 error Exit handler never called!
982 error This is an error with npm itself. Please report this error at:
983 error   <https://github.com/npm/cli/issues>
984 verbose exit 1
985 verbose code 1
986 error A complete log of this run can be found in: C:\Users\jose\Downloads\sistema-colas-master\sistema-colas-master\.npm-cache\_logs\2026-03-28T22_20_28_894Z-debug-0.log
